Title,Owner,PageURL,AssetURL,FileName,DateCreated,DateUpdated,FileSize,FileSizeUnit,FileType,NumRecords,OriginalTags,ManualTags,License,Description
2011 Data Zone Lookup,Scottish Government,https://data.gov.scot/dataset/2011_data_zone_lookup,https://api.data.gov.scot/resource/20ad5f65-c5c2-407e-8355-7c25bf579e87/download,DataZone2011lookup_2024-12-16.csv,2026-08-19T13:41:41.711612,2026-08-19T13:42:49.373394,0,B,CSV,,,,UK Open Government Licence (OGL),"As geography reference material, this file contains lookup information, showing how 2011 data zone geographic units can be aggregated to higher level geographies. This lookup is used to for the systematic aggregation of data in statistics.gov.scot. The full [Standard Geography Code Register for Scotland](https://www2.gov.scot/Topics/Statistics/sns/SNSRef/StanGeoCodeRegister) can be accessed on the Scottish Government website.<br/><br/>The geographies included in the lookup file are:<br/>(GSS code - Name - *Column name in file*)<br/><br/>* S01 - Data Zone - *DZ2011*<br/>* S02 - Intermediate Zone - *IZ2011*<br/>* S13 - Multi Member Electoral Wards - *MMWard*<br/>* S12 - Local Authority - *LA*<br/>* S16 - Scottish Parliamentary Constituencies - *SPC*<br/>* S14 - UK Parliamentary Constituencies - *UKPC*<br/>* S08 - NHS Health Board - *HB*<br/>* S37 - NHS Integration Authorities - *HIA*<br/>* S32 - Scottish Police Divisions - *SPD*<br/>* S39 - Scottish Fire and Rescue Local Senior Officer Areas - *SFRLSO*<br/>* S40 - Scottish Fire and Rescue Service Delivery Areas - *SFRSDA*<br/>* S43 - Regional Resilience Partnerships - *RRP*<br/>* S42 - Local Resilience Partnerships - *LRP*<br/>* S22 - Travel to Work Areas - *TTWA*<br/>* Scottish Government Urban Rural Classification - *UR2, UR3, UR6, UR8*<br/>* S92 - Scotland - *Country*<br/><br/><br/>Note - data for Travel to Work Areas (S22) also includes geography code K01, which relates to a cross-border Travel to Work Area."
2011 Data Zone Lookup - Archived Geographies,Scottish Government,https://data.gov.scot/dataset/2011_data_zone_lookup___archived_geographies,https://api.data.gov.scot/resource/021c547c-4ba0-47b4-89f2-8c03210b9f59/download,DataZone2011_Archived_Geographies_and_Lookups.zip,2026-08-19T14:01:43.800578,2026-08-19T14:03:04.315010,0,B,ZIP,,,,UK Open Government Licence (OGL),"As geography reference material, this file contains lookup information, showing how 2011 data zone geographic units can be aggregated to higher level archived geographies.<br/><br/>The compressed file includes a file with the archived geography codes register containing dates between which each geography was valid and covers changes to geographies made before 04/07/2024 - DataZone2011-Archived-Geographies.csv. The geographies covered by this table are: (GSS code - Name - Column name in file)<br/><br/>*S01 - Data Zone - DZ2011<br/>*S13 - Multi Member Electoral Wards - MMWard<br/>*S12 - Local Authority - LA<br/>*S16 - Scottish Parliamentary Constituencies - SPC<br/>*S08 - NHS Health Board - HB<br/>*  S14 - UK ParliamentaryConstituencies - UKPC<br/><br/> The compressed file also contains full lookup tables for the most recent updates after 05/05/2022 with the dates between which the lookup is valid included in the file name. The geographies included in these lookup tables are: (GSS code - Name - Column name in file)<br/><br/>* S01 - Data Zone - *DZ2011*<br/>* S02 - Intermediate Zone - *IZ2011*<br/>* S13 - Multi Member Electoral Wards - *MMWard*<br/>* S12 - Local Authority - *LA*<br/>* S16 - Scottish Parliamentary Constituencies - *SPC*<br/>* S14 - UK Parliamentary Constituencies - *UKPC*<br/>* S08 - NHS Health Board - *HB*<br/>* S37 - NHS Integration Authorities - *HIA*<br/>* S32 - Scottish Police Divisions - *SPD*<br/>* S39 - Scottish Fire and Rescue Local Senior Officer Areas - *SFRLSO*<br/>* S40 - Scottish Fire and Rescue Service Delivery Areas - *SFRSDA*<br/>* S43 - Regional Resilience Partnerships - *RRP*<br/>* S42 - Local Resilience Partnerships - *LRP*<br/>* S22 - Travel to Work Areas - *TTWA*<br/>* Scottish Government Urban Rural Classification - *UR2, UR3, UR6, UR8*<br/>* S92 - Scotland - *Country*<br/><br/><br/>Note - data for Travel to Work Areas (S22) also includes geography code K01, which relates to a cross-border Travel to Work Area.<br/><br/>The full [Standard Geography Code Register for Scotland](https://www2.gov.scotopics/Statistics/sns/SNSRef/StanGeoCodeRegister) can be accessed on the Scottish Government website.<br/><br/>"
2022 Data Zone Lookup,Scottish Government,https://data.gov.scot/dataset/2022_data_zone_lookup,https://api.data.gov.scot/resource/81b010f5-0207-4ee5-bd2d-e7821aa6a3dc/download,DataZone2022lookup_2026-05-07.csv,2026-08-19T14:00:34.353296,2026-08-19T14:01:41.961476,0,B,CSV,,,,UK Open Government Licence (OGL),"As geography reference material, this file contains lookup information, showing how 2022 data zone geographic units can be aggregated to higher level geographies. This lookup is used to for the systematic aggregation of data in statistics.gov.scot. The full [Standard Geography Code Register for Scotland](https://www.gov.scot/publications/geography-code-register-for-official-statistics/) can be accessed on the Scottish Government website.<br/>The geographies included in the lookup file are: (GSS code - Name - *Column name in file*)<br/><br/>* S01 - Data Zone - *DZ22*<br/>* S02 - Intermediate Zone - *IZ22*<br/>* S13 - Multi MemberElectoral Wards - *MMWard*<br/>* S12 - Local Authority - *LA*<br/>* S16 - Scottish Parliamentary Constituencies - *SPC*<br/>* S14 - UK Parliamentary Constituencies - *UKPC*<br/>* S08 - NHS Health Board - *HB*<br/>* S37 - NHS Integration Authorities - *HIA*<br/>* S32 - Scottish Police Divisions - *SPD*<br/>* S39 - Scottish Fire and Rescue Local Senior Officer Areas -*SFRLSO*<br/>* S40 - Scottish Fire and Rescue Service Delivery Areas - *SFRSDA*<br/>* S43 - Regional Resilience Partnerships - *RRP*<br/>* S42 - Local Resilience Partnerships - *LRP*<br/>* Scottish Government Urban Rural Classification - *UR2, UR3, UR6, UR8*<br/>* S92 - Scotland - *Country*"
6-in-1 Immunisation,Public Health Scotland,https://data.gov.scot/dataset/6_in_1_immunisation,https://api.data.gov.scot/resource/c8d1fb86-7bd6-4a36-b4f0-227f196f042c/download,6-in-1-immunisation.csv,2026-08-20T14:31:31.199823,2026-08-20T17:16:35.593948,0,B,CSV,,,,UK Open Government Licence (OGL),"Note: This data will not be receiving updates through this portal. <br/><br/>Number, and percent, of children who have completed their primary immunisation course of the 6-in-1 vaccine by 24 months of age. <br/><br/>From 1 October 2017, the 6-in-1 vaccine, which also protects against Hepatitis B, replaced the 5-in-1 vaccine in the routine childhood immunisation schedule.  <br/><br/>The 6-in-1 vaccine protects against diphtheria, tetanus, pertussis, polio, Haemophilus influenzae type b (Hib) and Hepatitis B.  A complete primary course by 24 months of age is 3 doses of vaccine.<br/><br/>Each cohort reported consists of children reaching 24 months of age in the calendar year.<br/><br/>The NHS Board and local authority are derived from child's home postcode and therefore data with invalid or missing postcodes are not included in the NHS Board and local authority totals.  As a result the numbers and rates often differ from those published in the ISD National Statistics publication which can be accessed from the [NHS Information Services Division website](https://www.isdscotland.org/Health-Topics/Child-Health/Publications/). In the publication the NHS Board of residence figures are based on the NHS Board recorded on the Scottish Immunisation and Recall System (SIRS) and the local authority figures are based on the local authority of the GP practice  where the child is registered. <br/><br/><br/><br/><br/>Source: Scottish Immunisation and Recall System (SIRS), ISD Scotland."
Adult Disability Payment: Applications and Payments,Scottish Government,https://data.gov.scot/dataset/adult_disability_payment__applications_and_payments,https://api.data.gov.scot/resource/88c4b0dc-7829-4397-896b-4b456843d794/download,adult-disability-payment-applications-and-payments.csv,2026-08-13T15:01:24.837738,2026-08-13T15:02:20.632641,0,B,CSV,,,,UK Open Government Licence (OGL),"Adult Disability Payment is the replacement for Personal Independence Payment and Working Age Disability Living Allowance in Scotland, which were previously delivered by the Department for Work and Pensions.<br/><br/>It is the second application-based disability benefit to be introduced by the Scottish Government after Child Disability Payment and is administered by Social Security Scotland. It provides money to help with the extra daily living and mobility costs that a person living with a disability or long term health condition might have.<br/><br/>From the 21 March 2022, new applications were taken for Adult Disability Payment for adults living in the pilot areas of Dundee City, Na h-Eileanan Siar and Perth and <br/>Kinross. The pilot expanded to include Angus, North Lanarkshire and South <br/>Lanarkshire on 20 June 2022. It further expanded to include Fife, Aberdeen City, <br/>Aberdeenshire, Moray, North Ayrshire, East Ayrshire and South Ayrshire on 25 July <br/>2022, before launching nationally to all remaining local authorities on 29 August 2022. <br/>This dataset includes received applications (i.e. the total Part 1 applications registered), authorised applications and the total value of issued payments for Adult Disability Payment. Statistics are provided for the last day of the month (e.g. figures for 2023-04 are for applications received or authorised as of 30 April 2023).<br/><br/>Further information on new applications and clients who have had their awards transferred, award types, processing times and re-determinations can be found in the associated [publication page](https://www.socialsecurity.gov.scot/reporting/publications/adult-disability-payment-statistics-to-30-april-2025).<br/>"
Adults (16-64 years) with low or no qualifications,Scottish Government,https://data.gov.scot/dataset/adults__16_64_years__with_low_or_no_qualifications,https://api.data.gov.scot/resource/612f73b1-afcd-4aa8-8647-eb62b3ac9ab2/download,adults-16-64-years-with-low-or-no-qualifications.csv,2026-08-13T10:20:19.261953,2026-08-13T10:21:32.729922,0,B,CSV,,,,UK Open Government Licence (OGL),"*Note*: Labour Force Survey (LFS) and Annual Population Survey (APS) responses are weighted to official 2018-based population projections on demographic trends that pre-date the COVID-19 pandemic. In the [Coronavirus and the impact on payroll employment](https://www.ons.gov.uk/employmentandlabourmarket/peopleinwork/employmentandemployeetypes/articles/coronavirusandtheimpactonpayrollemployment/experimentalanalysis) article, ONS analyse the population totals used in the LFS weighting process and state their intention to make adjustments. Rates published from the LFS remain robust; however, levels and changes in levels should be used with caution. This will particularly affect estimates for country of birth, nationality, ethnicity and disability. <br/><br/>The [new weighting LFS methodology](https://www.ons.gov.uk/releases/methodologyforrecalibratinglabourforcesurveyweightsfrom2020) was published on 17 May 2021 and it will be applied to Labour Force Survey results in July 2021 and Annual Population Survey results in August/September 2021.<br/><br/><br/>People are classed as having low or no qualifications if they have SCQF level 4 or below. The ratio is the number of people who reported having low or no qualification divided by the number of people in employment (16-64 years). A small number with unknown qualifications are excluded from this calculation.<br/><br/>The data used for this indicator are taken from the Annual Population Survey (APS). The APS was introduced in January 2004 and it has replaced the Annual Local Area Labour Force Survey. The APS combines results from the Labour Force Survey (LFS) and the English, Welsh and Scottish Labour Force Survey boosts. The boosts increase the sample size which means the APS can provide more robust labour market estimates for local areas compared to the main LFS. Thus the APS is the primary source for information on local labour markets providing headline estimates on employment, unemployment and economic activity. The APS is the largest annual household survey in Scotland and provides a wealth of information about individuals' personal circumstances and their work. The LFS surveys individuals living at private households in the UK and is designed to be representative of the national population.<br/><br/>The Scottish Government funds the boost to the LFS sample in Scotland, taking the sample size from approximately 8,000 households for the each year to 17,000 households."
Affordable Housing Supply Programme,Scottish Government,https://data.gov.scot/dataset/affordable_housing_supply_programme,https://api.data.gov.scot/resource/7da33cc3-06a1-450a-ad74-9a0ce157dba1/download,affordable-housing-supply-programme.csv,2026-08-13T09:47:43.427940,2026-08-13T09:49:44.784906,0,B,CSV,,,,UK Open Government Licence (OGL),"Quarterly Scotland figures for the Affordable Housing Supply Programme approvals, starts and completions, split by category, form of housing supply, and type of housing supply from 2000-01 to the latest quarter.<br/><br/>For more information visit the [quarterly updates of Housing statistics](http://www.gov.scot/Topics/Statistics/Browse/Housing-Regeneration/HSfS/NewBuild/AHSPtables).<br/>"
Age of First Time Mothers,Public Health Scotland,https://data.gov.scot/dataset/age_of_first_time_mothers,https://api.data.gov.scot/resource/ad2424a8-bcf5-4773-9523-b8f8a1c27259/download,age-at-first-birth.csv,2026-08-20T14:31:35.429020,2026-08-20T17:16:13.307634,0,B,CSV,,,,UK Open Government Licence (OGL),"Note: This dataset will not be receiving updates through this portal. Please refer to the [Public Health Scotland Open Data](https://www.opendata.nhs.scot/dataset/births-in-scottish-hospitals/resource/d6968cfb-1bae-4b45-8a34-7f7b9f7cca81) platform for the relevant data.<br/><br/>Number of first time mothers who are aged 19 and under, or 35 and over. The 3 year aggregate shown is for financial year ending 31 March and refers to the year of discharge from hospital.<br/><br/>More information is available on the [ISD website](http://www.isdscotland.org/Health-Topics/Maternity-and-Births/Births/Background.asp)."
Alcohol Related Hospital Statistics,Public Health Scotland,https://data.gov.scot/dataset/alcohol_related_hospital_statistics,https://api.data.gov.scot/resource/45ecdb75-570d-4dec-8a6d-2c1aacaac34a/download,alcohol-related-hospital-statistics.csv,2026-08-13T10:20:14.654251,2026-08-20T17:30:44.480663,0,B,CSV,,,,UK Open Government Licence (OGL),"Note: This dataset will not be receiving updates through this portal.. Please refer to the [Public Health Scotland Open Data](https://www.opendata.nhs.scot/dataset/alcohol-related-hospital-statistics-scotland) platform for the relevant data.<br/><br/>Alcohol-related hospital statistics (ARHS) provide an annual update to figures on the alcohol-related inpatient and day case activity taking place within general acute hospitals and psychiatric hospitals in Scotland.  Ratios presented are [European Age-sex Standardised Rates (EASR)](https://www.opendata.nhs.scot/dataset/standard-populations).<br/><br/>All publications and supporting material to this topic area can be found on the [ISD Scotland - Drug and Alcohol Misuse Website.](http://www.isdscotland.org/Health-Topics/Drugs-and-Alcohol-Misuse/). Further open data on this topic is available from the [NHS Scotland Open Data website](https://www.opendata.nhs.scot/dataset/alcohol-related-hospital-statistics-scotland).<br/><br/>Hospital activity is data routinely drawn from hospital administrative systems across all NHS hospitals in Scotland. [SMR01 (Scottish Morbidity Records 01)](https://www.ndc.scot.nhs.uk/Data-Dictionary/SMR-Datasets/SMR01-General-Acute-Inpatient-and-Day-Case/) is the source for general acute inpatient and day case hospital activity for specialties other than mental health, maternity, neonatal and geriatric long-stay. [SMR04 (Scottish Morbidity Records 04)](https://www.ndc.scot.nhs.uk/Data-Dictionary/SMR-Datasets/SMR04-Mental-Health-Inpatient-and-Day-Case/) is the source for psychiatric inpatient and day case hospital activity."
Alcohol use ever among young people (SALSUS),Scottish Government,https://data.gov.scot/dataset/alcohol_use_ever_among_young_people__salsus_,https://api.data.gov.scot/resource/2e1d57ba-1b46-4066-ba6a-7c8733057716/download,alcohol-use-ever-among-young-people-salsus.csv,2026-08-13T12:17:09.801268,2026-08-13T12:18:25.056451,0,B,CSV,,,,UK Open Government Licence (OGL),"The Scottish Schools Adolescent Lifestyle and Substance Use Survey (SALSUS) is a continuation of a long established series of national surveys on smoking, drinking and drug use. These were carried out jointly in Scotland and England between 1982 and 2000, to provide a national picture of young peoples' smoking (from 1982), drinking (from 1990), and drug use (from 1998) behaviours within the context of other lifestyle, health and social factors. Since 2002, Scotland has developed its own, more tailored survey, known as SALSUS. SALSUS is a self-completion survey of 13 and 15 year olds administered in school by teachers in a mixed ability class, under exam conditions.  The 2018 survey was the last SALSUS in its existing format. For more information, including the technical details visit the [Scottish Government](https://www.gov.scot/collections/scottish-schools-adolescent-lifestyle-and-substance-use-survey-salsus/) website."
Annual Business Survey,Scottish Government,https://data.gov.scot/dataset/annual_business_survey,https://api.data.gov.scot/resource/19c0cb27-7eee-4d94-9871-5ce4ea03a297/download,annual-business-survey.csv,2026-08-13T12:14:05.221444,2026-08-13T12:16:45.258137,0,B,CSV,,,,UK Open Government Licence (OGL),"[Scottish Annual Business Statistics (SABS)](https://www.gov.scot/publications/scottish-annual-business-statistics-2023/) data are mainly sourced to the Annual Business Survey and measures the non-financial business economy (which covers the Production, Construction and Service Sectors in Scotland). The main sectors not covered are the financial sector & parts of agriculture and the public sector. Data are classified according to industry group and geographical area. All figures are in current prices (i.e. values have not been adjusted for inflation). <br/><br/>Variables include employment, employees, turnover, purchases of goods & services, approximate gross value added (aGVA), gross wages & salaries, labour costs, total output and number of business units. GVA per head, gross wages & salaries per head and labour costs per head are also available."
Annual Business Survey: Digital Technologies,Scottish Government,https://data.gov.scot/dataset/annual_business_survey_digital_technologies,https://api.data.gov.scot/resource/c3c7d8f0-ca05-46d7-a1ad-3d59563301c2/download,landing/2a8cd6eb-0044-451f-b753-0fb7b8033855/ABS_digital_technologies.csv,2026-08-24T10:51:06.026241,2026-08-24T14:12:27.666308,0,B,CSV,,,,UK Open Government Licence (OGL),"###### Description  Data for Digital Technologies is from [Scottish Annual Business Statistics (SABS)](https://www.gov.scot/publications/scottish-annual-business-statistics-2023/). SABS is largely sourced to the Annual Business Survey, conducted by the Office for National Statistics and measures the non-financial business economy. The industry sectors not covered in SABS are the financial sector and parts of the agriculture and public sector. The SABS statistics are best suited to the analysis of industry sectors. All figures are in current prices (i.e. values have not been adjusted for inflation).  For full definitions on the variables included under this topic, please visit these [methodology notes](https://www.gov.scot/publications/scottish-annual-business-statistics-2023/pages/methodology-notes/)  The following industry is not included in 2009 only, as there are no business sites in Scotland in this year for: Publishing of computer games (SIC 5821). Joint totals for Manufacture of consumer electronics & Manufacture of magnetic and optical media (SIC 264 & 268) are provided for time series. However, there are no business sites in Scotland in 2008-21 for: Manufacture of magnetic and optical media (SIC 268)."
Ante-Natal Smoking,Public Health Scotland,https://data.gov.scot/dataset/ante_natal_smoking,https://api.data.gov.scot/resource/28a6f241-c19c-4eff-bf23-c8a1a554cab4/download,smoking-at-booking.csv,2026-08-20T16:43:06.044098,2026-08-20T17:09:16.239891,0,B,CSV,,,,UK Open Government Licence (OGL),"Note: This dataset will not be receiving updates through this portal. Please refer to the [Public Health Scotland Open Data](https://www.opendata.nhs.scot/dataset/births-in-scottish-hospitals/resource/e87a7673-0397-43ca-91a5-166184319728) platform for the relevant data.<br/><br/>Data on smoking behaviour is based on self-reported information obtained from mothers at their ante-natal booking visit in the community or at hospital. <br/><br/>The smoking at booking data item was introduced in 1993/94 and it should be noted that, particularly in the earlier years and again more recently, this information is not always recorded and therefore can affect the results. More information is available on the ISD Scotland website at: [http://www.isdscotland.org/Health-Topics/Maternity-and-Births/](http://www.isdscotland.org/Health-Topics/Maternity-and-Births/)"
Area improvement - Scottish Household Survey,Scottish Government,https://data.gov.scot/dataset/area_improvement___scottish_household_survey,https://api.data.gov.scot/resource/0c7e6207-01f4-4193-a5d0-f8c4886421cf/download,area-improvement---shs.csv,2026-08-13T12:57:51.776380,2026-08-13T12:59:06.797253,0,B,CSV,,,,UK Open Government Licence (OGL),"The Scottish Household Survey (SHS) asks adults whether their local neighbourhood has improved over the last three years.  From 2018, this question was asked in every odd year. Prior to 2018 the question was asked every year. The data is reported here on person level and is available by: <br/><br/>\u2022 Local Authority<br/><br/>\u2022 Gender of the randomly selected adult<br/><br/>\u2022 Urban/Rural Classification<br/> <br/>\u2022 SIMD<br/><br/>\u2022 Type Of Tenure<br/><br/>\u2022 Household Type<br/><br/>\u2022 Ethnicity<br/><br/>\u2022 Walking distance to nearest green-space.<br/><br/><br/>The most recent annual publication can be accessed at [http://www.gov.scot/Topics/Statistics/16002/Publications](http://www.gov.scot/Topics/Statistics/16002/Publications)<br/><br/>The full questionnaire for each year can be accessed at: [https://www2.gov.scot/Topics/Statistics/16002/PublicationQuestionnaire](https://www2.gov.scot/Topics/Statistics/16002/PublicationQuestionnaire)<br/><br/>And the survey data for the full Scottish Household Survey is available from [the UK Data Service](https://beta.ukdataservice.ac.uk/datacatalogue/series/series?id=2000048#!/abstract)."
Attendance Allowance,Scottish Government,https://data.gov.scot/dataset/attendance_allowance,https://api.data.gov.scot/resource/dee85e9d-dd16-4f72-800b-fcd9ac806a09/download,attendance-allowance.csv,2026-08-20T14:31:39.495703,2026-08-20T14:37:28.688303,0,B,CSV,,,,UK Open Government Licence (OGL),"This dataset contains a count of individuals receiving Attendance Allowance and is based on data extracted from the Department of Work and Pensions (DWP) Administrative Computer System, which is in turn derived from the Work and Pensions Longitudinal Study (WPLS). The WPLS is based on 100% of claimants and is not subject to any sampling error. <br/><br/>Breakdowns are also available by age and gender. Note that not all disaggregations listed above are available for all geographies. Attendance Allowance (AA) is a tax free, non-contributory, non-means-tested contribution towards the disability-related extra cost of severely disabled people. AA is only available for people aged 65 and over. It can be awarded for a fixed or and indefinite period. In order to qualify for receipt of AA people must have needed help with personal care for at least 6 months. The allowance is paid at two rates: higher rate - for those who need help with personal care throughout the day and during the night; and lower rate - for those who need help with personal care throughout the day or during the night. Terminally ill people automatically qualify for the higher rate and do not have to satisfy the qualifying period. The figures include those who have had their payment suspended, for example, if they are in hospital. For more detailed and up-to-date eligibility conditions and rules for claiming AA see [DWP Website](http://www.direct.gov.uk/en/DisabledPeople/FinancialSupport/DG_10012425).<br/><br/>The DWPs Work and Pensions Longitudinal Study (WPLS).  Data is based on 100% of claimants. <br/><br/>For more information contact DWP email: disseminationteam@dwp.gsi.gov.uk<br/><br/>"
Attitudes to family formation in Scotland data tables,Scottish Government,https://data.gov.scot/dataset/attitudes_to_family_formation_in_scotland_data_tables,https://api.data.gov.scot/resource/8a4372b0-3f9d-40fc-9e97-a16cd20cfae9/download,attitudes_to_family_formation_data_tables.xlsx,2026-08-19T14:01:39.417689,2026-08-19T14:02:47.533124,0,B,XLSX,,,,UK Open Government Licence (OGL),"Supporting tables for the exploration of attitudes to family formation and ideal family size in Scotland.[http://www.gov.scot/isbn/9781805251477](http://www.gov.scot/isbn/9781805251477<br/>Insights in family planning and resettlement intentions<br/>A study for Scottish Government by ScotCen Social Research<br/>Fieldwork period: 18th November - 19th December 2021<br/><br/>Tables index:<br/>T01. How many children do you currently have? <br/>T02. Personally, what do you think would be the ideal number of children for you to have had during your lifetime? <br/>T03. How many (more) children in total do you think you will end up having during your lifetime? <br/>T04. Total number of children expect to have?<br/>T05. Which of the following are the main reasons you do not think you will have (any more) children? "
Attitudes to family formation in Scotland linked data,Scottish Government,https://data.gov.scot/dataset/attitudes_to_family_formation_in_scotland_linked_data,https://api.data.gov.scot/resource/af4f19a8-83db-4d8b-8cbf-42d25edaf048/download,attitudes-to-family-formation-in-scotland-linked-data.csv,2026-08-13T09:47:34.516104,2026-08-13T09:48:44.485450,0,B,CSV,,,,UK Open Government Licence (OGL),"Supporting linked data for the exploration of attitudes to family formation and ideal family size in Scotland, publication [here](http://www.gov.scot/isbn/9781805251477)<br/><br/>Insights in family planning and resettlement intentions A study for Scottish Government by ScotCen Social Research Fieldwork period: 18th November - 19th December 2021<br/><br/>Tables index: T01. How many children do you currently have? T02. Personally, what do you think would be the ideal number of children for you to have had during your lifetime? T03. How many (more) children in total do you think you will end up having during your lifetime? T04. Total number of children expect to have? T05. Which of the following are the main reasons you do not think you will have (any more) children?"
Average Household Size,National Records of Scotland,https://data.gov.scot/dataset/average_household_size,https://api.data.gov.scot/resource/a2df2e18-8dee-4e0d-b1de-eb5f67d628e4/download,average-household-size.csv,2026-08-13T09:40:45.576562,2026-08-13T09:41:55.741262,0,B,CSV,,,,UK Open Government Licence (OGL),"This dataset contains information on the average number of people per household ('average household size') in each council area and in Scotland. Average household size is calculated using the mid-year household estimates, the mid-year population estimates, and communal establishment rates from Scotland's Census 2001 and 2011.<br/><br/>The first stage is to calculate the number of people living in private households (the 'private household population') rather than in communal establishments, such as student halls of residence, prisons or care homes. This is done by applying the communal establishment rates to the mid-year population estimates to estimate the communal establishment population, and subtracting this population from the mid-year population estimate. Communal establishment rates for 2002 to 2010 are estimated from the rates from Scotland's Census 2001 and 2011. The communal establishment rates from Scotland's Census 2011 are used from 2012 onwards. <br/><br/>The second stage is to estimate average household size by dividing the private household population by the mid-year household estimate. <br/><br/>For full details of the methods used see the 'Estimates of Households and Dwellings in Scotland' publications on the [National Records of Scotland (NRS) website](https://www.nrscotland.gov.uk/statistics-and-data/statistics/statistics-by-theme/households/household-estimates). <br/>"
Best Start Grant and Best Start Foods: Applications,Social Security Scotland,https://data.gov.scot/dataset/best_start_grant_and_best_start_foods__applications,https://api.data.gov.scot/resource/e72463ad-5f49-4f85-8439-b18e3f0e3462/download,landing/81f77160-9c11-4750-97f4-c3be899d7f7d/BSG_BSF_Final_Applications.csv,2026-08-13T14:54:43.560292,2026-08-27T11:15:16.623915,0,B,CSV,,,,UK Open Government Licence (OGL),"The Best Start Grant includes three types of payment: Pregnancy and Baby Payment (applications taken from 10 December 2018), Early Learning Payment (applications taken from 29 April 2019) and School Age Payment (applications taken from 3 June 2019).  Best Start Foods is a recurring four weekly pre-paid card payment, which replaced Healthy Start Vouchers for new claims in Scotland from 12 August 2019.  This dataset includes received applications and authorised applications (awards) for Best Start Grant Pregnancy and Baby Payment, Early Learning Payment, School Age Payment and Best Start Foods Payment. Statistics are provided for the last day of the month (e.g. figures for 2019-02 are for applications received or authorised as of 28 February 2019). 'Ratio' figures for applications authorised show the percentage of applications processed by the end of the month that had been authorised (not the percentage of applications received that had been authorised).   Further information on application, processing times, re-determinations and appeals can be found in the associated [publication](https://www.socialsecurity.gov.scot/publications/2026/08/best-start-grant-and-best-start-foods-statistics-to-30-june-2026).  Information on payments can be found in the [Best Start Grant: Payments](https://data.gov.scot/dataset/best_start_grant_and_best_start_foods__expenditure) dataset."
Best Start Grant and Best Start Foods: Expenditure,Social Security Scotland,https://data.gov.scot/dataset/best_start_grant_and_best_start_foods__expenditure,https://api.data.gov.scot/resource/b19e8f9f-46c6-48ac-9e41-dbd50abd8a54/download,landing/fe65ee45-85b0-4295-9bfd-7dce46518566/BSG_BSF_Final_Expenditure.csv,2026-08-13T15:56:36.725216,2026-08-27T14:00:24.407575,0,B,CSV,,,,UK Open Government Licence (OGL),"The Best Start Grant includes three types of payment: Pregnancy and Baby Payment (applications taken from 10 December 2018), Early Learning Payment (applications taken from 29 April 2019) and School Age Payment (applications taken from 3 June 2019).  Best Start Foods is a recurring four weekly pre-paid card payment, which replaced Healthy Start Vouchers for new claims in Scotland from 12 August 2019.  This dataset includes the total value of payments issued for Best Start Grant Pregnancy and Baby Payment, Early Learning Payment, School Age Payment and Best Start Foods Payment. Statistics are provided for the last day of the month (e.g. figures for 2019-02 are for payments issued as of 28 February 2019).   Further information on application, processing times, redeterminations and appeals can be found in the associated [publication](https://www.socialsecurity.gov.scot/publications/2026/08/best-start-grant-and-best-start-foods-statistics-to-30-june-2026).  Information on applications can be found in the [Best Start Grant: Applications](https://data.gov.scot/dataset/best_start_grant_and_best_start_foods__applications) dataset."
Births,National Records of Scotland,https://data.gov.scot/dataset/births,https://api.data.gov.scot/resource/7e0f14fe-5daa-4d9e-b465-73e273042ee5/download,births.csv,2026-08-20T14:31:43.505382,2026-08-25T09:56:45.368511,0,B,CSV,,,,UK Open Government Licence (OGL),"The National Records of Scotland (NRS) is responsible for the organisation and administration of the records of births in Scotland. <br/><br/>Data on births for calendar years relate to the date of registration of the event and not the date of occurrence. Data on births between mid points of years are based on date of occurrence and refer to the number of births which occurred between 1 July of the previous year and 30 June of the year specified in the data. <br/><br/>Births are counted on the basis of the area of usual residence of the mother if that is in Scotland, otherwise they are counted on the basis of the place of birth. <br/><br/>Further information on births statistics, and other vital events, is available on [the NRS website.](https://www.nrscotland.gov.uk/statistics-and-data/births-deaths-marriages-and-life-expectancy/#)"
Breastfeeding,Public Health Scotland,https://data.gov.scot/dataset/breastfeeding,https://api.data.gov.scot/resource/087699a9-0b60-4ca5-a0cd-b9f4d3327bd1/download,breastfeeding.csv,2026-08-13T10:33:34.735538,2026-08-20T17:08:38.069969,0,B,CSV,,,,UK Open Government Licence (OGL),"Note: This dataset will not be receiving updates through this portal. Please refer to the [Public Health Scotland Open Data](https://www.opendata.nhs.scot/dataset/infant-feeding) platform for the relevant data.<br/><br/>The number and percentage of babies who received a health visitor first visit and whose feeding status is known. These statistics are derived from data collected at the health visitor First Visit review (at around 10 days old) and the 6-8 week review, and recorded on the child health pre-school system (CHSP Pre-School). At these reviews, the health professional (normally a health visitor) records whether a mother is exclusively breastfeeding (baby is fed breast milk only), mixed feeding (baby is fed both breast and formula milk), or if the baby is being fed formula milk only. <br/><br/>The overall breastfeeding rate includes babies who are exclusively breastfed and babies who are mixed breast and formula fed. Some information may have been suppressed or adjusted to preserve patient confidentiality. <br/><br/>More details, including a statistical commentary, are available on the [infant feeding pages of the NHS ISD website](https://www.isdscotland.org/Health-Topics/Child-Health/Infant-Feeding/). <br/><br/>Further details on the methodology used to create this dataset are available in the accompanying [technical report](https://www.isdscotland.org/Health-Topics/Child-Health/Publications/2018-10-30/2018-10-30-Infant-Feeding-Technical-Report.pdf)."
Bus Accessibility,Scottish Government,https://data.gov.scot/dataset/bus_accessibility,https://api.data.gov.scot/resource/68d76c7a-717e-44cc-89b6-6f163394acca/download,bus-accessibility.csv,2026-08-20T14:31:47.547102,2026-08-20T14:33:09.079414,0,B,CSV,,,,UK Open Government Licence (OGL),"The Scottish Access to Bus Indicator (SABI) gives a score for the accessibility of bus services in each data zone and provides an objective measure of accessibility to public transport by bus in Scotland. <br/><br/>The indicator provides separate scores for weekday and weekend services. The output areas are aggregated to data zones using a population weighted average. The datazones are then ordered by quintile and decile, from least to most accessible.<br/><br/>The annual report can be accessed at the [Transport Scotland website](https://www.transport.gov.scot/our-approach/statistics#42764 )."
Business Demography - Births and Deaths,Scottish Government,https://data.gov.scot/dataset/business_demography___births_and_deaths,https://api.data.gov.scot/resource/c183812a-a69c-4e74-9fc6-301d28a2c6c3/download,business-demography---births-and-deaths.csv,2026-08-13T08:19:41.936544,2026-08-13T08:21:00.997975,0,B,CSV,,,,UK Open Government Licence (OGL),"Business births and deaths are produced by the Office for National Statistics within their Business Demography publication. Data are based on registrations and de-registrations for VAT and PAYE.<br/><br/>Please note that there has been a change in the reference period for these data from 2016 onwards. The Business Demography publication reference period records the number of active businesses over a period of a year. Up to 2016, this was measured from a single point in November in one year to a single point in November in the following year. For example, the 2015 publication measured the number of active businesses taken from a specific date in November 2014 to the same date in November 2015. From 2016 onwards, the reference period moved to December. This has helped bring the reference period closer to the calendar year, as recommended by the joint Eurostat and Organisation for Economic Co-operation and Development (OECD) manual on business demography.<br/><br/>Please note that there has been an improvement made to these data. For the years 2016 to 2021, businesses that have neither VAT nor PAYE but do have a live company number have been removed from the figures. They have been removed because they may misrepresent business birth and death figures. ONS create these enterprises on the Inter-Departmental Business Register (IDBR) in order to monitor them, usually because they help to give the full picture on the enterprise group. Often these businesses do not have employment or turnover, but have some role in the enterprise group, perhaps as the parent of the group. This is in line with the vast majority of ONS business surveys which also exclude these cases.<br/><br/>Please note that registrations for 2007 increased substantially on 2006. It is likely that these figures partly reflect the impact of changes in tax rules in April 2007 surrounding Managed Service Companies. Businesses registered as Managed Service Companies at one address were previously excluded from this series; however following the change to the tax rules a number of these businesses have de-registered and re-registered as single entities elsewhere and this activity has been included in the series. For more information please see [ONS' Business Demography.](http://www.ons.gov.uk/ons/rel/bus-register/business-demography/index.html)<br/><br/>The population estimates used to form the rates are sourced from the [Mid-Year Population Estimates](https://www.nrscotland.gov.uk/publications/mid-2024-population-estimates/), published by the National Records of Scotland. The term 'per 10,000 adults' is defined as people aged 16 or over resident in Scotland."
Business Demography - Survival,Scottish Government,https://data.gov.scot/dataset/business_demography___survival,https://api.data.gov.scot/resource/535972a5-f7cd-4363-9eb0-996d7a970d44/download,business-demography---survival.csv,2026-08-13T13:17:53.687333,2026-08-13T13:19:13.954318,0,B,CSV,,,,UK Open Government Licence (OGL),"One-, two-, three-, four- and five-year survival of newly born businesses are produced by the Office for National Statistics within their Business Demography publication. Data are based on registrations and de-registrations for VAT and PAYE. All one-, two-, three-, four- and five- year survival figures are currently available for businesses born in 2004 onwards. The n-year survival percent rate for year X (e.g. 2004) is based on businesses born in year X (e.g. 2004) and still active in year X + n (e.g. 2007 for the 3-year survival rate).<br/><br/>Please note that there has been a change in the reference period for these data from 2016 onwards. The Business Demography publication reference period records the number of active businesses over a period of a year. Up to 2016, this was measured from a single point in November in one year to a single point in November in the following year. For example, the 2015 publication measured the number of active businesses taken from a specific date in November 2014 to the same date in November 2015. From 2016 onwards, the reference period moved to December. This has helped bring the reference period closer to the calendar year, as recommended by the joint Eurostat and Organisation for Economic Co-operation and Development (OECD) manual on business demography.<br/><br/>Please note that there has been an improvement made to these data. For the years 2016 to 2021, businesses that have neither VAT nor PAYE but do have a live company number have been removed from the figures. They have been removed because they may misrepresent business birth and death figures. ONS create these enterprises on the Inter-Departmental Business Register (IDBR) in order to monitor them, usually because they help to give the full picture on the enterprise group. Often these businesses do not have employment or turnover, but have some role in the enterprise group, perhaps as the parent of the group. This is in line with the vast majority of ONS business surveys which also exclude these cases."
Business Enterprise Research and Development Expenditure,Scottish Government,https://data.gov.scot/dataset/business_enterprise_research_and_development_expenditure,https://api.data.gov.scot/resource/b5c7ec71-d02e-4e0f-86dd-25184c66c760/download,business-enterprise-research-and-development-expenditure.csv,2026-08-13T10:48:33.156267,2026-08-13T10:49:55.789918,0,B,CSV,,,,UK Open Government Licence (OGL),"The data in this series are sourced from the Business Enterprise Research and Development (BERD) survey conducted by the Office for National Statistics (ONS).  <br/><br/>We have put a pause on the updating of this series until more work can be carried out to quality assure the underlying source data.<br/><br/>Business Enterprise Research and Development (BERD) is measured by the expenditure on R&D carried out by the business. This is regarded as a more accurate measure of R&D than the funding received by a business for R&D work, as not all of these funds received may be used for R&D. This publication reports on R&D expenditure in businesses in Scotland irrespective of the country of residence of the ultimate owner or users of the R&D produced.<br/><br/>The BERD survey follows the definition of research and development proposed by the Organisation for Economic Cooperation and Development (OECD) and published in the 'Frascati' Manual. According to the manual, R&D is defined as:<br/><br/>'creative and systematic work undertaken in order to increase the stock of knowledge - including knowledge of humankind, culture and society - and to devise new applications of available knowledge'.  <br/><br/>R&D must contain an appreciable amount of novelty.<br/><br/>Scotland's Business Enterprise Research and Development (BERD) is taken from the annual Scottish Government (SG) BERD publication. The data in this release are sourced from the Business Enterprise Research and Development (BERD) survey conducted by the Office for National Statistics (ONS). The Office for National Statistics (ONS) has been leading a redevelopment project for R&D statistics. The first phase of the project concluded with the publication of the latest ONS BERD estimates, which reflect significant methodological changes. There is currently uncertainty over the robustness of the detailed breakdowns of the new BERD estimates, which includes the data for Scotland. The ONS have put a temporary pause on the National Statistics status of the detailed breakdowns of BERD until the second stage of the redevelopment project completes in 2023. The National Statistics status of the Scottish Government BERD publication has similarly been put on pause.<br/><br/>More detailed information can be found in our [BERD Scotland 2021 publication](https://www.gov.scot/publications/business-enterprise-research-and-development-2021/ ) and in the [ONS BERD UK 2021 publication](https://www.ons.gov.uk/economy/governmentpublicsectorandtaxes/researchanddevelopmentexpenditure/bulletins/businessenterpriseresearchanddevelopment/2021)."
Business Innovation,Scottish Government,https://data.gov.scot/dataset/business_innovation,https://api.data.gov.scot/resource/5a63df52-1ada-4bfe-8b11-e6f52cdd2bcc/download,business-innovation.csv,2026-08-13T14:52:30.827543,2026-08-13T14:53:39.680906,0,B,CSV,,,,UK Open Government Licence (OGL),"Information on the percentage of businesses involved in innovation activity from the UK Innovation Survey (UKIS) by type of innovation activity and number of employees.<br/><br/>The UK definition of innovation is based on an Organisation for Economic Co-operation and Development (OECD) definition, outlined in the [Oslo Manual 2018]( https://www.oecd.org/en/publications/oslo-manual-2018_9789264304604-en.html). This definition includes any of the following activities, if they occurred during the survey period:<br/><br/>[1] The introduction of a new or improved product (goods or services).<br/><br/>[2] Business processes used to produce or supply all goods or services that the business has introduced, regardless of their origin. These innovations may be new to business or new to the market.<br/><br/>[3] Engagement in innovation projects not yet complete or abandoned.<br/><br/>[4] Investment activities in areas such as internal research and development, training, acquisition of external knowledge or machinery and equipment linked to innovation activities.<br/><br/><br/>This definition is then used to define the measures of innovation activity as follows:<br/><br/>Innovation active - a business that had engaged in any of the activities described in points [1] to [3] above.<br/><br/>Broader innovator - a business that had engaged in any of the activities described in points [1] to [4] above.<br/><br/>Product innovator - a business that undertakes activity [1] from above is described as a 'product innovator'. That is a business that brings to the market or into use by the business, new and improved products, including both tangible goods and the provision of services.<br/><br/>Business process innovator - a business that undertakes activity [2] from the definition of innovation above is described as a 'business process innovator'. This definition was introduced in the 2023 UKIS (survey period 2020 to 2022). It is broader than the process innovator definition in previous UKIS surveys and is therefore not comparable. It aligns with the OECD's revised approach in conceptualising 'innovation'.<br/><br/>To provide an approximate time series for business process innovators, we have made the assumption that business process innovators in UKIS 2023 are roughly equivalent to businesses in previous surveys that were either 'Process innovators' or 'Wider innovators'. More information on this can be found in our [UK Innovation Survey - Results for Scotland 2023](https://www.gov.scot/publications/uk-innovation-survey-2023-results-for-scotland/) publication. Caution is advised when looking at the change between 2020 to 2022 and earlier survey periods.<br/><br/>As a result of the above changes, 'Wider innovation active businesses' and 'Process innovator' are no longer included as categories of 'Innovation Activity' in the data. In addition, the combined 'Product AND process innovation' and 'Product AND/OR process innovation' categories are no longer included. Instead, the data provides information on businesses that are 'Business process AND product innovators' and 'Business process AND/OR product innovators'.<br/><br/>Innovation related activity - a business that undertakes activity [4] from the definition of innovation above is described as a 'Business engaged in an innovation related activity', which includes categories of innovation directed investment such as: R&D (research and development), capital goods and software acquisition, design activity, for implementing current innovations or directed to future product or process changes. <br/><br/>Users should note that 'Scaled back innovation' was a new option introduced in UKIS 2017 (2014 to 2016 reporting period). It was removed as an option in UKIS 2023 (2020 to 2022 reporting period).<br/><br/>Geographic locations of businesses are based on businesses' head office location. Business size, given by number of employees, is the total number of employees anywhere in the UK, irrespective of head office location. For example, a business in Scotland with 250 employees may have some based at their head office in Scotland and others based elsewhere in the UK.<br/><br/>An asterisk (*) indicates that a value has been withheld from publication to maintain confidentiality. A hyphen (-) indicates that the value is not available (for example, 'Scaled back innovation' was only an option for the 2014-2016 to 2018-2020 survey reporting periods, therefore is unavailable for other survey periods).<br/><br/>The UKIS is the main data source for business innovation in the UK. The survey is conducted every 2 years and asks businesses with 10 or more employees from Standard Industrial Classification 2007 (SIC 2007) sectors B to N for information on their innovation activities over the preceding three-year period. The most recent survey is the UKIS 2023, which covered innovation activity in the period 2020 to 2022. If information was not available for calendar years, businesses were asked that their return covered the nearest financial years. The three year reporting period is consistent with previous UKIS surveys and is widely used internationally. The survey was voluntary and was conducted primarily through an electronic questionnaire. Businesses that did not complete an electronic response were contacted for a telephone interview. Prior to the UKIS 2017 (reporting period 2014 to 2016), the survey was conducted through both a postal questionnaire and telephone interview for businesses that had not yet completed a postal response.<br/><br/>The UKIS 2023 sampled 32,273 UK businesses, with responses received from 14,570, giving a response rate of 45.1%. 1,547 businesses based in Scotland responded, giving a Scottish response rate of 45.7%. Generally, around 1,500 businesses based in Scotland respond to the survey.<br/><br/>Survey results are based on weighted data in order to be representative of the population of businesses (with 10 or more employees from SIC 2007 sectors B to N).<br/><br/>The coronavirus (COVID-19) pandemic began in the first quarter of 2020 and is likely to have had an impact on business innovation in the three year period businesses were reporting on in the UKIS 2023, as well as the latter part of the period covered by the previous UKIS (UKIS 2021, reporting period 2018 to 2020). High inflation and energy prices may also have had an impact in the latest survey.<br/><br/>The UKIS 2023 was funded and developed by the UK Government Department for Business and Trade (DBT). It was administered by the Office for National Statistics (ONS) on behalf of DBT and the UK Government Department for Science, Innovation and Technology (DSIT).<br/><br/>More information is available from our [UK Innovation Survey - Results for Scotland 2023](https://www.gov.scot/publications/uk-innovation-survey-2023-results-for-scotland/) publication and the UK Government's [United Kingdom Innovation Survey 2023: Report](https://www.gov.uk/government/statistics/uk-innovation-survey-2023-report/united-kingdom-innovation-survey-2023-report)."
Business Stocks and Sites by Region of Ownership,Scottish Government,https://data.gov.scot/dataset/business_stocks_and_sites_by_region_of_ownership,https://api.data.gov.scot/resource/10779ca8-c3ad-4d1b-900f-796af72e1bba/download,business-stocks-and-sites-by-region-of-ownership.csv,2026-08-13T13:14:23.878772,2026-08-13T13:15:46.743145,0,B,CSV,,,,UK Open Government Licence (OGL),"Estimates about the number of VAT/PAYE registered businesses (stocks) and sites operating in Scotland, broken down by various groupings including industry sector, business size, and region of ownership are produced by Scottish Government within the Businesses in Scotland publication.  The Businesses in Scotland publication data are largely sourced from the Inter-Departmental Business Register (IDBR).  The IDBR is maintained by the Office for National Statistics (ONS) and is a database of all registered businesses operating in the UK i.e. businesses that are registered for VAT and/or PAYE.<br/><br/>Statistics from the Businesses in Scotland publication are used to provide insight into the characteristics of Scotland's business stock, and how Scotland's business stock has changed over time.<br/><br/>The estimates also include information about business employment and turnover (£ millions). The function of these data is to act as 'auxiliary variables' that can be used to (i) classify businesses by employee/turnover size band and (ii) calculate shares of employment and turnover across industrial sectors, local areas, business sizes etc. The nature of the underlying processes used to update these variables on the IDBR means that direct comparisons made using the absolute values are less reliable. Note the estimates do not include turnover information for financial and insurance enterprises as it is not available on a comparable basis.<br/><br/>A business (business stock) can be defined as the smallest combination of legal units (generally based on VAT and/or PAYE records) that is an organisational unit producing goods or services, which benefits from a certain degree of autonomy in decision-making, especially for the allocation of its current resources. Note a business carries out one or more activities at one or more locations. Businesses are counted only once in Scotland-level estimates or once each in each of the geographical areas.<br/><br/>A local unit (business site) is a business or part thereof (e.g. a workshop, factory, warehouse, office, mine or depot) situated in a geographically identified place.<br/><br/>Within Businesses in Scotland, business ownership is defined as:\tUK (Scotland based); UK (Rest of the UK (RUK) based); Abroad. Country of ownership is either UK or Abroad (outside the UK). Business country of ownership is determined by the nationality of the ultimate parent of the business (i.e. the institutional unit, proceeding up a business' chain of control, which is not controlled by another institutional unit). Where control of the business is shared, country of ownership is determined by the country of residence of the majority ultimate owner.  Enterprise (business) groups with foreign ownership are identified using data provided by Dun & Bradstreet.  All businesses that do not belong to an enterprise (business) group, and are therefore not under the control of another institutional unit, are classified as UK-owned.<br/><br/>The estimates also include one National Indicator: 'High growth businesses'. The high growth business stock count is the basis of the Scotland Performs National Indicator: 'High growth businesses'. We defined a high growth business as a business with 10+ employees in the base year (x - 3) exhibiting an average of 20% growth over three years in terms of turnover.  In practice, average annualised growth of 20% per annum over three years would be equal to 72.8% growth from year x - 3 to year x. <br/><br/>More detailed information can be found on the [Businesses in Scotland]( https://www.gov.scot/publications/businesses-in-scotland-2024/) website."
Business Stocks and Sites by Urban Rural Classification,Scottish Government,https://data.gov.scot/dataset/business_stocks_and_sites_by_urban_rural_classification,https://api.data.gov.scot/resource/f235749b-5617-4197-aea5-a7896bfd5522/download,business-stocks-and-sites-by-urban-rural-classification.csv,2026-08-13T08:43:18.011550,2026-08-13T08:44:37.493774,0,B,CSV,,,,UK Open Government Licence (OGL),"Estimates about the number of VAT/PAYE registered businesses (stocks) and sites operating in Scotland, broken down by various groupings including industry sector, business size, and Urban Rural Classification are produced by Scottish Government within the Businesses in Scotland publication.  The Businesses in Scotland publication data are largely sourced from the Inter-Departmental Business Register (IDBR).  The IDBR is maintained by the Office for National Statistics (ONS) and is a database of all registered businesses operating in the UK i.e. businesses that are registered for VAT and/or PAYE.<br/><br/>Statistics from the Businesses in Scotland publication are used to provide insight into the characteristics of Scotland's business stock, and how Scotland's business stock has changed over time.<br/><br/>The estimates also include information about business employment and turnover (£ millions). The function of these data is to act as 'auxiliary variables' that can be used to (i) classify businesses by employee/turnover size band and (ii) calculate shares of employment and turnover across industrial sectors, local areas, business sizes etc. The nature of the underlying processes used to update these variables on the IDBR means that direct comparisons made using the absolute values are less reliable. Note the estimates do not include turnover information for financial and insurance businesses as it is not available on a comparable basis.<br/><br/>A business (business stock) can be defined as the smallest combination of legal units (generally based on VAT and/or PAYE records) that is an organisational unit producing goods or services, which benefits from a certain degree of autonomy in decision-making, especially for the allocation of its current resources. Note a business carries out one or more activities at one or more locations. Businesses are counted only once in Scotland-level estimates or once each in each of the geographical areas.<br/><br/>A local unit (business site) is a business or part thereof (e.g. a workshop, factory, warehouse, office, mine or depot) situated in a geographically identified place.<br/><br/>More detailed information can be found on the [Businesses in Scotland]( https://www.gov.scot/publications/businesses-in-scotland-2024/) website.<br/><br/>More detailed information on Urban Rural Classification Breakdowns can be found on the [Urban Rural Classification]( https://www.gov.scot/news/urban-rural-classification-2016/) website."
Business Stocks & Sites,Scottish Government,https://data.gov.scot/dataset/business_stocks___sites,https://api.data.gov.scot/resource/f98d5e96-a218-4975-a00e-b2fb8fa859f6/download,business-stocks-sites.csv,2026-08-20T14:31:51.679789,2026-08-20T14:37:01.168217,0,B,CSV,,,,UK Open Government Licence (OGL),"Estimates about the number of VAT/PAYE registered businesses (stocks) and sites operating in Scotland, broken down by various groupings including industry sector, business size, local authority area, and intermediate zone areas are produced by Scottish Government within the Businesses in Scotland publication.  The Businesses in Scotland publication data are largely sourced from the Inter-Departmental Business Register (IDBR).  The IDBR is maintained by the Office for National Statistics (ONS) and is a database of all registered businesses operating in the UK i.e. businesses that are registered for VAT and/or PAYE.<br/><br/>Statistics from the Businesses in Scotland publication are used to provide insight into the characteristics of Scotland's business stock, and how Scotland's business stock has changed over time.<br/><br/>The estimates also include information about business employment and turnover (£ millions). The function of these data is to act as 'auxiliary variables' that can be used to (i) classify businesses by employee/turnover size band and (ii) calculate shares of employment and turnover across industrial sectors, local areas, business sizes etc. The nature of the underlying processes used to update these variables on the IDBR means that direct comparisons made using the absolute values are less reliable. Note the estimates do not include turnover information for financial and insurance businesses as it is not available on a comparable basis.<br/><br/>A business (business stock) can be defined as the smallest combination of legal units (generally based on VAT and/or PAYE records) that is an organisational unit producing goods or services, which benefits from a certain degree of autonomy in decision-making, especially for the allocation of its current resources. Note a business carries out one or more activities at one or more locations. Businesses are counted only once in Scotland-level estimates or once each in each of the geographical areas.<br/><br/>A local unit (business site) is a business or part thereof (e.g. a workshop, factory, warehouse, office, mine or depot) situated in a geographically identified place.<br/><br/>The estimates also include unregistered businesses. A large number of very small businesses are not VAT/PAYE registered because they are small sole traders/partnerships with no employees and an annual turnover of less than the VAT threshold. The estimates for unregistered businesses are estimated primarily using data from the Labour Force Survey, which is subject to sampling error - this should be considered when making year on year comparisons between the number of unregistered businesses.<br/><br/>The estimates also include two National Indicators: 'The number of businesses' and 'High growth businesses'. The registered business stock rate, the total stock of private sector registered businesses per 10,000 resident adults in Scotland, is the basis of the Scotland Performs National Indicator: 'The number of businesses'. The high growth business stock count is the basis of the Scotland Performs National Indicator: 'High growth businesses'. We defined a high growth business as a business with 10+ employees in the base year (x - 3) exhibiting an average of 20% growth over three years in terms of turnover.  In practice, average annualised growth of 20% per annum over three years would be equal to 72.8% growth from year x - 3 to year x.<br/><br/>More detailed information can be found on the [Businesses in Scotland](https://www.gov.scot/publications/businesses-in-scotland-2024/) website.<br/><br/>The population estimates used to form the rates are sourced from the [Mid-Year Population Estimates](https://www.nrscotland.gov.uk/publications/mid-2024-population-estimates/#), published by the National Records of Scotland.  The term 'per 10,000 adults' is defined as people aged 16 or over resident in Scotland.<br/>"
Cancer Registrations (1997 to 2009),Public Health Scotland,https://data.gov.scot/dataset/cancer_registrations__1997_to_2009_,https://api.data.gov.scot/resource/499e05d5-ce7a-4152-b391-50ab7f1dbd2a/download,cancer-registrations.csv,2026-08-20T14:31:56.021285,2026-08-20T17:15:47.745085,0,B,CSV,,,,UK Open Government Licence (OGL),"Note: This dataset will not be receiving updates through this portal. Please refer to the [Public Health Scotland Open Data](https://www.opendata.nhs.scot/dataset/annual-cancer-incidence) platform for the relevant data. <br/><br/>Numbers of new cases for the following types of cancer: <br/><br/>* malignant neoplasms (excluding non melanoma skin cancer). <br/>* lung cancer, including cancers of the trachea and bronchus<br/>* malignant female breast tumours<br/>* colorectal cancers, constituting cancers of the colon, rectum and rectosigmoid junction<br/>* malignant prostate tumours<br/><br/>Note that some information may have been suppressed or adjusted to preserve patient confidentiality. Cancer registration is a dynamic process: the incidence data presented here may differ from other published data relating to the same time period. Source: Scottish Cancer Registry (SMR06). For further information see ISD's Cancer Website"
Cancer Registrations - Annual Data,Scottish Government,https://data.gov.scot/dataset/cancer_registrations___annual_data,https://api.data.gov.scot/resource/285d947c-1f22-4fc3-bcf1-9b66b24c96d8/download,cancer-registrations---annual-data.csv,2026-08-13T12:32:04.130562,2026-08-13T12:33:13.701711,0,B,CSV,,,,UK Open Government Licence (OGL),"Note: This dataset will not be receiving updates through this portal. Please refer to the [Public Health Scotland Open Data](https://www.opendata.nhs.scot/dataset/annual-cancer-incidence) platform for the relevant data. <br/><br/><br/>Numbers of new cases for the following types of cancer:<br/>malignant neoplasms (excluding non melanoma skin cancer), lung cancer (including cancers of the trachea and bronchus), malignant female breast tumours,<br/>colorectal cancers (constituting cancers of the colon, rectum and rectosigmoid junction), and<br/>malignant prostate tumours.<br/><br/>Note that some information may have been suppressed or adjusted to preserve patient confidentiality. Cancer registration is a dynamic process: the incidence data presented here may differ from other published data relating to the same time period. Source: Scottish Cancer Registry (SMR06). For further information see [ISD's Cancer Website](http://www.isdscotland.org/Health-Topics/Cancer/Cancer-Statistics/)<br/><br/>This dataset was previously published using aggregated years, for lower level statistical geographies, [here](http://statistics.gov.scot/data/cancer-registrations)<br/>"
Carbon Footprint,Scottish Government,https://data.gov.scot/dataset/carbon_footprint,https://api.data.gov.scot/resource/7d2c7691-7a4f-4908-ab77-1e9bcd204cd3/download,carbon-footprint.csv,2026-08-13T12:02:37.837684,2026-08-13T12:03:54.655178,0,B,CSV,,,,UK Open Government Licence (OGL),"These are sometimes referred to 'consumption emissions'.  Scotland's carbon footprint is associated with the spending of Scottish residents on goods and services, wherever in the world these emissions arise along the supply chain, and those which are directly generated by Scottish households through private motoring and heating.  The purpose of this dataset is to find out what effect Scottish consumption has on greenhouse gas emissions, by taking into account where the goods we buy come from and their associated supply chains.  <br/><br/>These figures are different to territorial emissions which are presented within the 'Scottish Greenhouse Gas Emissions' dataset. The carbon footprint refers to greenhouse gas emissions that are associated with the spending of Scottish residents on goods and services, wherever in the world these emissions arise along the supply chain, and those which are directly generated by Scottish households; for example, through heating and private motoring.  Scotland's Carbon Footprint has been calculated in 4 steps: <br/><br/>* Step 1. Develop an Input-output (IO) model; <br/>* Step 2. Develop a Multi-Regional Input-Output (MRIO) model; <br/>* Step 3. Develop UK Based MRIO Model; <br/>* Step 4. Develop the Scottish Consumption Based Account (the Scottish Carbon Footprint). <br/><br/>The carbon footprint is not calculated in the same way as Scotland's greenhouse gas emissions, which occur within a country's borders. [http://www.gov.scot/Topics/Statistics/Browse/Environment/Publications](http://www.gov.scot/Topics/Statistics/Browse/Environment/Publications)"
Carbon Footprint Breakdown,Scottish Government,https://data.gov.scot/dataset/carbon_footprint_breakdown,https://api.data.gov.scot/resource/fd8cbf6e-9ba6-46e1-8350-e08d030567c6/download,carbon-footprint-breakdown.csv,2026-08-13T12:17:14.480048,2026-08-13T12:18:30.931586,0,B,CSV,,,,UK Open Government Licence (OGL),"These are sometimes referred to 'consumption emissions'.  Scotland's carbon footprint is associated with the spending of Scottish residents on goods and services, wherever in the world these emissions arise along the supply chain, and those which are directly generated by Scottish households through private motoring and heating.  The purpose of this dataset is to find out what effect Scottish consumption has on greenhouse gas emissions, by taking into account where the goods we buy come from and their associated supply chains.  <br/><br/>These figures are different to territorial emissions which are presented within the 'Scottish Greenhouse Gas Emissions' dataset. The carbon footprint refers to greenhouse gas emissions that are associated with the spending of Scottish residents on goods and services, wherever in the world these emissions arise along the supply chain, and those which are directly generated by Scottish households; for example, through heating and private motoring.  Scotland's Carbon Footprint has been calculated in 4 steps: <br/><br/>* Step 1. Develop an Input-output (IO) model; <br/>* Step 2. Develop a Multi-Regional Input-Output (MRIO) model; <br/>* Step 3. Develop UK Based MRIO Model; <br/>* Step 4. Develop the Scottish Consumption Based Account (the Scottish Carbon Footprint). <br/><br/>The carbon footprint is not calculated in the same way as Scotland's greenhouse gas emissions, which occur within a country's borders."
"Care Homes: Admissions, Discharges and Deaths",Public Health Scotland,https://data.gov.scot/dataset/care_homes__admissions__discharges_and_deaths,https://api.data.gov.scot/resource/632f7fe2-965f-45fa-b78a-5c794d4ef428/download,care-homes-admissions-discharges-and-deaths.csv,2026-08-13T08:43:28.534835,2026-08-20T17:36:47.478266,0,B,CSV,,,,UK Open Government Licence (OGL),"Note: This dataset will not be receiving updates through this portal. Please refer to the [Public Health Scotland Open Data](https://www.opendata.nhs.scot/dataset/care-home-census/resource/aa3b2b55-9a30-4c7c-ae4b-33bd5a75ab03) platform for the relevant data.<br/><br/><br/>Data on admissions, discharges and deaths of  care home residents from the annual adult Care Home Census, aggregated to council level and Scotland level. The Care Home Census dataset includes statistics on Care Home residents at a snapshot date (31 March) as well as admissions, discharges and deaths during each financial year.<br/><br/> All publications and supporting material to this topic area can be found on the [ISD Scotland Website](https://www.isdscotland.org/Health-Topics/Health-and-Social-Community-Care/Care-Homes/Census/). These statistics are also available for download from the [NHS Scotland Open Data portal](https://www.opendata.nhs.scot/dataset/care-home-census), along with other health and care data.<br/><br/>The data was collected as a part of the annual Scottish Care Home Census. It was intended to cover all adult care home establishments that are registered with the Care Inspectorate."
Care Homes: Average Age of Residents,Public Health Scotland,https://data.gov.scot/dataset/care_homes__average_age_of_residents,https://api.data.gov.scot/resource/2302503b-cb7c-4ba2-921d-107f233f8cee/download,care-homes-average-age-of-residents.csv,2026-08-13T10:52:01.933621,2026-08-20T17:21:14.655173,0,B,CSV,,,,UK Open Government Licence (OGL),"Note: This dataset will not be receiving updates through this portal. Please refer to the [Public Health Scotland Open Data](https://www.opendata.nhs.scot/dataset/care-home-census/resource/139f61d8-a87d-419d-b7af-31f555a60c89) platform for the relevant data. <br/><br/>Data on the average age of long stay care home residents from the annual adult Care Home Census, aggregated to council level and Scotland level. The Care Home Census dataset includes statistics on Care Home residents at a snapshot date (31 March) as well as admissions, discharges and deaths during each financial year.<br/><br/> All publications and supporting material to this topic area can be found on the [ISD Scotland Website](https://www.isdscotland.org/Health-Topics/Health-and-Social-Community-Care/Care-Homes/Census/). These statistics are also available for download from the [NHS Scotland Open Data portal](https://www.opendata.nhs.scot/dataset/care-home-census), along with other health and care data.<br/><br/>The data was collected as a part of the annual Scottish Care Home Census. It was intended to cover all adult care home establishments that are registered with the Care Inspectorate."
Care Homes: Demographic Characteristics of Residents,Public Health Scotland,https://data.gov.scot/dataset/care_homes__demographic_characteristics_of_residents,https://api.data.gov.scot/resource/547d2f75-d675-40f1-bcfe-db40e7e17f79/download,care-homes-demography.csv,2026-08-13T09:44:19.291777,2026-08-20T17:31:55.293301,0,B,CSV,,,,UK Open Government Licence (OGL),"Note: This dataset will not be receiving updates through this portal. Please refer to the [Public Health Scotland Open Data](https://www.opendata.nhs.scot/dataset/care-home-census/resource/92ebf3df-2af4-4d73-9397-f5d6a6778da7) platform for the relevant data. <br/><br/>Data on the demographic characteristics (age and sex) of  care home residents from the annual adult Care Home Census, aggregated to council level and Scotland level. The Care Home Census dataset includes statistics on Care Home residents at a snapshot date (31 March) as well as admissions, discharges and deaths during each financial year.<br/><br/> All publications and supporting material to this topic area can be found on the [ISD Scotland Website](https://www.isdscotland.org/Health-Topics/Health-and-Social-Community-Care/Care-Homes/Census/). These statistics are also available for download from the [NHS Scotland Open Data portal](https://www.opendata.nhs.scot/dataset/care-home-census), along with other health and care data.<br/><br/>The data was collected as a part of the annual Scottish Care Home Census. It was intended to cover all adult care home establishments that are registered with the Care Inspectorate."
Care Homes: Health Characteristics of Residents,Public Health Scotland,https://data.gov.scot/dataset/care_homes__health_characteristics_of_residents,https://api.data.gov.scot/resource/0c9247ad-8043-459f-94fd-ce31f6d4846c/download,care-homes-health-characteristics-of-residents.csv,2026-08-13T10:36:54.698977,2026-08-20T17:39:52.305076,0,B,CSV,,,,UK Open Government Licence (OGL),"Note: This dataset will not be receiving updates through this portal. Please refer to the [Public Health Scotland Open Data](https://www.opendata.nhs.scot/dataset/care-home-census/resource/39d2b480-2990-46a2-bd58-96aac41a032a) platform for the relevant data.<br/><br/>Data on the health care characteristics of care home residents from the annual adult Care Home Census, aggregated to council level and Scotland level. The Care Home Census dataset includes statistics on Care Home residents at a snapshot date (31 March) as well as admissions, discharges and deaths during each financial year.<br/><br/>Please note that in some cases clients may fall in more than one category within the same period, therefore, the totals for smaller categories may not always add up to the 'total' category.<br/><br/> All publications and supporting material to this topic area can be found on the [ISD Scotland Website](https://www.isdscotland.org/Health-Topics/Health-and-Social-Community-Care/Care-Homes/Census/). These statistics are also available for download from the [NHS Scotland Open Data portal](https://www.opendata.nhs.scot/dataset/care-home-census), along with other health and care data.<br/><br/>The data was collected as a part of the annual Scottish Care Home Census. It was intended to cover all adult care home establishments that are registered with the Care Inspectorate."
Care Homes: Length Of Stay,Public Health Scotland,https://data.gov.scot/dataset/care_homes__length_of_stay,https://api.data.gov.scot/resource/a75ad8b6-7316-4bdb-8c2f-bf1c538cf147/download,care-homes-length-of-stay.csv,2026-08-13T08:16:26.127132,2026-08-20T17:37:26.574187,0,B,CSV,,,,UK Open Government Licence (OGL),"Note: This dataset will not be receiving updates through this portal. Please refer to the [Public Health Scotland Open Data](https://www.opendata.nhs.scot/dataset/care-home-census/resource/d78d65cd-697d-4c73-9078-9dd788bf239c) platform for the relevant data. <br/><br/>Data on the length of stay of long stay care home residents from the annual adult Care Home Census, aggregated to council level and Scotland level. The Care Home Census dataset includes statistics on Care Home residents at a snapshot date (31 March) as well as admissions, discharges and deaths during each financial year.<br/> All publications and supporting material to this topic area can be found on the [ISD Scotland Website](https://www.isdscotland.org/Health-Topics/Health-and-Social-Community-Care/Care-Homes/Census/). These statistics are also available for download from the [NHS Scotland Open Data portal](https://www.opendata.nhs.scot/dataset/care-home-census), along with other health and care data.<br/><br/>The data was collected as a part of the annual Scottish Care Home Census. It was intended to cover all adult care home establishments that are registered with the Care Inspectorate."
Care Homes: Number of Homes,Public Health Scotland,https://data.gov.scot/dataset/care_homes__number_of_homes,https://api.data.gov.scot/resource/7c7330b0-5992-4abb-9e35-0a45f943d55a/download,number-of-care-homes.csv,2026-08-13T12:45:12.262179,2026-08-20T17:19:15.084138,0,B,CSV,,,,UK Open Government Licence (OGL),"Note: This dataset will not be receiving updates through this port. Please refer to the [Public Health Scotland Open Data] (https://www.opendata.nhs.scot/dataset/care-home-census/resource/29f79bd7-9810-436d-9b29-2ede440adc87) platform for the relevant data.<br/><br/>Data on the number of  care homes from the annual adult Care Home Census, aggregated to council level and Scotland level. The Care Home Census dataset includes statistics on Care Home residents at a snapshot date (31 March) as well as admissions, discharges and deaths during each financial year.<br/><br/> All publications and supporting material to this topic area can be found on the [ISD Scotland Website](https://www.isdscotland.org/Health-Topics/Health-and-Social-Community-Care/Care-Homes/Census/). These statistics are also available for download from the [NHS Scotland Open Data portal](https://www.opendata.nhs.scot/dataset/care-home-census), along with other health and care data.<br/><br/>The data was collected as a part of the annual Scottish Care Home Census. It was intended to cover all adult care home establishments that are registered with the Care Inspectorate.<br/><br/><br/><br/>"
Care Homes: Occupancy Rate,Public Health Scotland,https://data.gov.scot/dataset/care_homes__occupancy_rate,https://api.data.gov.scot/resource/93ab3dc2-6737-4c85-8118-5b80a95a0771/download,occupancy-rate-in-care-homes.csv,2026-08-13T12:54:40.015986,2026-08-20T17:18:56.009931,0,B,CSV,,,,UK Open Government Licence (OGL),"Note: This dataset will not be receiving updates through this portal. Please refer to the [Public Health Scotland Open Data](https://www.opendata.nhs.scot/dataset/care-home-census/resource/e5e5bd8f-a2c9-4898-bbb0-21488e7433f2) platform for the relevant data. <br/><br/>Data on occupancy in care homes from the annual adult Care Home Census, aggregated to council level and Scotland level. The Care Home Census dataset includes statistics on Care Home residents at a snapshot date (31 March) as well as admissions, discharges and deaths during each financial year.<br/><br/>All publications and supporting material to this topic area can be found on the [ISD Scotland Website](https://www.isdscotland.org/Health-Topics/Health-and-Social-Community-Care/Care-Homes/Census/). These statistics are also available for download from the [NHS Scotland Open Data portal](https://www.opendata.nhs.scot/dataset/care-home-census), along with other health and care data.<br/><br/>"
Care Homes: Places,Public Health Scotland,https://data.gov.scot/dataset/care_homes__places,https://api.data.gov.scot/resource/45b7a618-14a6-47ee-b6ad-178b7229d21a/download,places-in-care-homes.csv,2026-08-13T10:23:50.299415,2026-08-20T17:28:19.884206,0,B,CSV,,,,UK Open Government Licence (OGL),"Note: This dataset will not be receiving updates through this portal. Please refer to the [Public Health Scotland Open Data](https://www.opendata.nhs.scot/dataset/care-home-census/resource/04958b74-a351-4dc0-b8e4-cbc369372804) platform for the relevant data. <br/><br/>Data on places in care homes from the annual adult Care Home Census, aggregated to council level and Scotland level. The Care Home Census dataset includes statistics on Care Home residents at a snapshot date (31 March) as well as admissions, discharges and deaths during each financial year.<br/><br/> All publications and supporting material to this topic area can be found on the [ISD Scotland Website](https://www.isdscotland.org/Health-Topics/Health-and-Social-Community-Care/Care-Homes/Census/). These statistics are also available for download from the [NHS Scotland Open Data portal](https://www.opendata.nhs.scot/dataset/care-home-census), along with other health and care data.<br/><br/>"
Care Homes: Type Of Stay,Public Health Scotland,https://data.gov.scot/dataset/care_homes__type_of_stay,https://api.data.gov.scot/resource/acfc7232-c509-4bae-9551-d802ceb745cc/download,care-homes-type-of-stay.csv,2026-08-13T12:38:46.663903,2026-08-20T17:19:35.097392,0,B,CSV,,,,UK Open Government Licence (OGL),"Note: This dataset will not be receiving updates through this portal. Please refer to the [Public Health Scotland Open Data](https://www.opendata.nhs.scot/dataset/care-home-census/resource/940176d7-b164-4ddc-b839-b0325eafb591) platform for the relevant data.<br/><br/>Data on the type of stay of  care home residents from the annual adult Care Home Census, aggregated to council level and Scotland level. The Care Home Census dataset includes statistics on Care Home residents at a snapshot date (31 March) as well as admissions, discharges and deaths during each financial year.<br/><br/> All publications and supporting material to this topic area can be found on the [ISD Scotland Website](https://www.isdscotland.org/Health-Topics/Health-and-Social-Community-Care/Care-Homes/Census/). These statistics are also available for download from the [NHS Scotland Open Data portal](https://www.opendata.nhs.scot/dataset/care-home-census), along with other health and care data.<br/><br/>The data was collected as a part of the annual Scottish Care Home Census. It was intended to cover all adult care home establishments that are registered with the Care Inspectorate."
Care Homes: Weekly Charges and Sources of Funding,Public Health Scotland,https://data.gov.scot/dataset/care_homes__weekly_charges_and_sources_of_funding,https://api.data.gov.scot/resource/a4a9fd74-efca-4b1a-afd4-2fb255b0dbe8/download,care-homes-weekly-charges-and-sources-of-funding.csv,2026-08-13T14:07:03.443165,2026-08-20T17:17:44.501189,0,B,CSV,,,,UK Open Government Licence (OGL),"Note: This dataset will not be receiving updates through this portal. Please refer to the [Public Health Scotland Open Data](https://www.opendata.nhs.scot/dataset/care-home-census/resource/4ee7dc84-ca65-455c-9e76-b614091f389f) platform for the relevant data.<br/><br/>Data on gross average weekly charges for self funders, publicly funded and all funded people, with and without nursing care, and percent of self funded and publicly funded long stay residents. All data is for clients aged 65 years and above  at council area level and Scotland level and taken from the Care Home Census. The Care Home Census dataset includes statistics on Care Home residents at a snapshot date (31 March) as well as admissions, discharges and deaths during each financial year.<br/><br/>All publications and supporting material to this topic area can be found on the [ISD Scotland Website](https://www.isdscotland.org/Health-Topics/Health-and-Social-Community-Care/Care-Homes/Census/). These statistics are also available for download from the [NHS Scotland Open Data portal](https://www.opendata.nhs.scot/dataset/care-home-census), along with other health and care data.<br/><br/>The data was collected as a part of the annual Scottish Care Home Census. It was intended to cover all adult care home establishments that are registered with the Care Inspectorate."
Carer's Allowance Supplement,Scottish Government,https://data.gov.scot/dataset/carer_s_allowance_supplement,https://api.data.gov.scot/resource/54a4dbbd-216c-496c-86cb-3402de6db9f0/download,carers-allowance-supplement.csv,2026-08-13T13:04:40.734716,2026-08-13T13:05:57.598848,0,B,CSV,,,,UK Open Government Licence (OGL),"The Carer's Allowance Supplement (CAS) is given to people in Scotland who receive Carer's Allowance on the Carer's Allowance Supplement eligibility dates. These are two dates each year- one in April and one in October, which are set by the Scottish Government.<br/><br/>The Scotland Act 2016 gives Scottish Parliament powers over a number of social security benefits which had been administered to Scottish claimants by the Department for Work and Pensions (DWP). In September 2018, Carer's Allowance became the first of these benefits to have executive competency transferred from DWP to Social Security Scotland, the executive agency of Scottish Government which is responsible for delivering the social security benefits for Scotland.<br/>These statistics cover payments for those eligible for Carer's Allowance Supplement from the April 2018 to the October 2022 eligibility date. [The full publication and table](https://www.gov.scot/collections/social-security-scotland-stats-publications/#carer'sallowanceandcarer'sallowancesupplementstatistics) are available.<br/>"
Carer Support Payment,Social Security Scotland,https://data.gov.scot/dataset/carer_support_payment,https://api.data.gov.scot/resource/28e40286-94c0-4b02-b5e2-92424113b886/download,carer-support-payment.csv,2026-08-13T10:40:28.771571,2026-08-13T10:41:47.787254,0,B,CSV,,,,UK Open Government Licence (OGL),"Carer Support Payment is a replacement for Carer's Allowance, which is currently administered by Department for Work and Pensions, in Scotland. Carer Support Payment is administered by Social Security Scotland."
Cereal and Oilseed Rape Harvest: Final Estimates,Scottish Government,https://data.gov.scot/dataset/cereal_and_oilseed_rape_harvest__final_estimates,https://api.data.gov.scot/resource/a99ad07d-b71e-40f2-a7cf-2967b9351b1e/download,cereal-and-oilseed-rape-harvest.csv,2026-08-13T10:20:24.494167,2026-08-13T10:21:48.803827,0,B,CSV,,,,UK Open Government Licence (OGL),"Final estimates of area, yield and production for winter and spring barley, wheat, oats and oilseed rape."
Child Benefit - Children,HM Revenue and Customs,https://data.gov.scot/dataset/child_benefit___children,https://api.data.gov.scot/resource/9a49bc69-1f8a-40e2-a006-c1de6c6e487f/download,child-benefit.csv,2026-08-20T14:32:05.270517,2026-08-20T14:37:53.664740,0,B,CSV,,,,UK Open Government Licence (OGL),More details available under the [HM revenue and Customs (HMRC) Child Benefit Statistics Small Area Data Publication](https://assets.publishing.service.gov.uk/government/uploads/system/uploads/attachment_data/file/684138/Introduction_to_Child_Benefit_Small_Area_Data_2017.pdf).<br/><br/>The data was downloaded from the [HMRC small area data pages](https://www.gov.uk/government/collections/child-benefit-small-area-data).
Child Benefit - Families,HM Revenue and Customs,https://data.gov.scot/dataset/child_benefit___families,https://api.data.gov.scot/resource/6ef4b1df-8301-4fb8-8943-c1582c8217a3/download,child-benefit---families.csv,2026-08-20T14:32:09.254117,2026-08-20T14:38:18.336534,0,B,CSV,,,,UK Open Government Licence (OGL),More details available under the [HM revenue and Customs (HMRC) Child Benefit Statistics Small Area Data Publication](https://assets.publishing.service.gov.uk/government/uploads/system/uploads/attachment_data/file/684138/Introduction_to_Child_Benefit_Small_Area_Data_2017.pdf).<br/><br/>The data was downloaded from the [HMRC small area data pages](https://www.gov.uk/government/collections/child-benefit-small-area-data).
Child Dental Health,Public Health Scotland,https://data.gov.scot/dataset/child_dental_health,https://api.data.gov.scot/resource/d3c46711-a8c7-4a31-bd04-e1d78b0fd898/download,child-dental-health.csv,2026-08-13T09:34:06.854718,2026-08-20T17:34:46.664116,0,B,CSV,,,,UK Open Government Licence (OGL),"Note: This dataset will not be receiving updates through this portal.<br/><br/><br/>Percentage of P1 children with no dental disease.<br/><br/>[National Dental Inspection Programme (NDIP) 2012 publication](http://www.isdscotland.org/Health-Topics/Dental-Care/Publications/)<br/><br/>The National Dental Inspection Programme (NDIP) is carried out annually with the support and approval of the Scottish Dental Epidemiology Co-ordinating Committee. Its principal aims are to inform parents/carers of the oral health status of their children and, through appropriately anonymised, aggregated data, advise the Scottish Government, NHS Boards and other organisations concerned with children's health of oral disease prevalence at national and local levels. This ensures that reliable oral health information is available for planning initiatives directed towards health improvements.<br/><br/>Two school year groups are involved: i) at entry into Local Authority schools in primary one (P1) and ii) in primary seven (P7) before the move to secondary education. The Inspection Programme has two levels: a Basic Inspection (intended for all P1 and P7 children) and a Detailed Inspection (where a representative sample of either the P1 or the P7 age group is inspected in alternate years).<br/><br/>*Detailed Inspection*<br/><br/>* A comprehensive assessment of the mouth of each inspected child using a light, mirror and ball-ended probe.<br/>* It involves recording the status of each surface of each tooth in accordance with international dental epidemiological conventions.<br/>* It measures obvious decay into dentine (see below) when seen under school (rather than dental surgery) conditions.<br/>* Those undertaking the inspections attend (and pass) a training and calibration course prior to the annual inspection process. <br/><br/>*Obvious Decay*<br/><br/>* This is when the disease process clinically appears to have penetrated dentine (i.e. the layer below the outer white enamel of the teeth) on a tooth surface.<br/>* This is described internationally as decay at the d3 level and includes pulpal decay (i.e. decay into the deeper dental pulp).<br/>* The definition of decay used here is in accordance with the British Association for the Study of Community Dentistry (BASCD) guidelines and international epidemiological conventions, thus allowing comparisons to be made with other countries in Europe and beyond.<br/>* This is a different diagnostic level from that used by many dentists when examining patients in a dental surgery, i.e. for dental check-ups.<br/>* Decay is also known as caries."
Child Disability Payment: Applications and Payments,Social Security Scotland,https://data.gov.scot/dataset/child_disability_payment__applications_and_payments,https://api.data.gov.scot/resource/bb7d8753-d5c4-4f40-a941-b22bac3a12c3/download,child-disability-payment.csv,2026-08-13T15:35:30.443014,2026-08-13T15:36:30.482934,0,B,CSV,,,,UK Open Government Licence (OGL),"Child Disability Payment is the replacement of the Disability Living Allowance for Children in Scotland, which was previously delivered by the Department for Work and Pensions. It is the first application-based disability benefit to be introduced by the Scottish Government and is administered by Social Security Scotland. It provides money to help with the extra care and mobility costs that a child living with a disability might have. <br/><br/>From the 26 July 2021, new applications were taken for Child Disability Payment for children under 16 that live in the pilot areas of Dundee City, Na h-Eileanan Siar and Perth and Kinross. On 22 November 2021, Child Disability Payment launched nationwide to all new applicants living in Scotland. The case transfer process, where individual ongoing awards of Disability Living Allowance for Children are replaced by an award of Child Disability Payment, began on 11 October 2021.<br/><br/>This dataset includes received applications, authorised applications and issued payments for Child Disability Payment. Statistics are provided for the last day of the month.<br/><br/>Further information on new applications and clients who have had their awards transferred, award types, processing times, reviews and re-determinations can be found in the associated [publication](https://www.socialsecurity.gov.scot/archived-publications)."
Children in Families with Limited Resources,Scottish Government,https://data.gov.scot/dataset/children_in_families_with_limited_resources,https://api.data.gov.scot/resource/8d56da6e-897d-4dda-8f9f-5bc1d13a14a3/download,children-in-families-with-limited-resources.csv,2026-08-13T12:17:31.966066,2026-08-13T12:19:50.902511,0,B,CSV,,,,UK Open Government Licence (OGL),These statistics report on children in families that have both low income and cannot afford three or more out of a list of 22 basic necessities. The latest release can be found here: <br/>[https://www2.gov.scot/Topics/Statistics/Browse/Social-Welfare/IncomePoverty/LAPovertyData](https://www2.gov.scot/Topics/Statistics/Browse/Social-Welfare/IncomePoverty/LAPovertyData)<br/><br/>The data is from the Scottish Household Survey. <br/><br/>Low income means an equivalised net household income below 70% of the Scottish median. <br/><br/>The following breakdowns are provided: <br/><br/>- Council areas<br/>- Health boards<br/>- Number of adults in household<br/>- Number of children in household<br/>- Disability status (whether any of the adults living in household is disabled)<br/>- Work status (whether any of up to two adults in household is in employment - we have no information on the employment status of any additional adult in household)<br/>- Tenure<br/>- 3-Fold urban/rural class<br/>- SIMD quintile
Child Winter Heating Assistance,Scottish Government,https://data.gov.scot/dataset/child_winter_heating_assistance,https://api.data.gov.scot/resource/42aaa1ed-3845-4ec0-9b71-28d41882134d/download,child-winter-heating-assistance.csv,2026-08-13T12:20:36.687477,2026-08-13T12:22:02.131042,0,B,CSV,,,,UK Open Government Licence (OGL),"Information on Child Winter Heating Assistance, which was introduced in November 2020 by social Security Scotland. Data covers payments made from from November 2020 to 31st March 2023 . Breakdowns include local authority and age of child or young person. Additional information about recipients, including parents, guardians and appointees, is available in the full publication and tables.<br/><br/>Full publications and tables covering Child Winter Heating Assistance are available on the [Scottish Government website]( https://www.gov.scot/collections/social-security-scotland-stats-publications/#childwinterheatingassistance).<br/>"
Community belonging - Scottish Household Survey,Scottish Government,https://data.gov.scot/dataset/community_belonging___scottish_household_survey,https://api.data.gov.scot/resource/663161c5-8c52-4797-aeeb-5fd6e3283b36/download,community-belonging---shs.csv,2026-08-13T13:14:35.215490,2026-08-13T13:15:47.706320,0,B,CSV,,,,UK Open Government Licence (OGL),"Every year Scottish Household Survey (SHS) asks adults how strongly they feel they belong to their immediate neighbourhood.  The data is reported here on person level and is available by: <br/><br/>\u2022 Local Authority<br/><br/>\u2022 Gender of the randomly selected adult<br/><br/>*In the 2018 Scottish Household Survey the gender question was revised. In previous years interviewers asked if household members were 'male' or 'female'. In the 2018 survey the options given were: 'man/boy', 'woman/girl' and two additional responses: 'identified in another way' and 'refused'. In order to remain harmonised with other statistics.gov.scot datasets, the previous response options 'male' and 'female' will be maintained.*<br/><br/>\u2022 Urban/Rural Classification <br/><br/>\u2022 SIMD<br/><br/>\u2022 Type Of Tenure<br/><br/>\u2022 Household Type<br/><br/>\u2022 Ethnicity<br/><br/>\u2022 Walking distance to nearest green-space.<br/><br/><br/>The most recent annual publication can be accessed at [http://www.gov.scot/Topics/Statistics/16002/Publications](http://www.gov.scot/Topics/Statistics/16002/Publications)<br/><br/>The full questionnaire for each year can be accessed at: [https://www2.gov.scot/Topics/Statistics/16002/PublicationQuestionnaire](https://www2.gov.scot/Topics/Statistics/16002/PublicationQuestionnaire)<br/><br/>And the survey data for the full Scottish Household Survey is available from [the UK Data Service](https://beta.ukdataservice.ac.uk/datacatalogue/series/series?id=2000048#!/abstract)."
Community Ownership - Area of Land,Scottish Government,https://data.gov.scot/dataset/community_ownership___area_of_land,https://api.data.gov.scot/resource/c0ede990-0be8-4d64-bd52-da47cfb9b23b/download,community-ownership-area-of-land.csv,2026-08-13T15:41:02.804204,2026-08-13T15:42:22.699936,0,B,CSV,,,,UK Open Government Licence (OGL),"The data on community ownership are sourced from the official statistics publication series [Community Ownership in Scotland]( https://www.gov.scot/collections/community-ownership-in-scotland/). <br/><br/>The first publication in this series, [Estimate of Community Owned Land in Scotland 2017](https://www.gov.scot/publications/estimate-community-owned-land-scotland-2017/), was published in December 2017 with revised data for 2017 released in December 2018. This was intended to track progress towards a target of there being [one million acres](https://www.gov.scot/publications/one-million-acres-2020-strategy-report-recommendations-1-million-acre/) of land in community ownership in Scotland by the end of 2020.<br/><br/>Following the [recommendation of the Scottish Land Commission](https://landcommission.gov.scot/downloads/5dd69d73873ae_Community-Ownership-Report-SLC-Recommendations-to-Ministers.pdf) concerning how to encourage and facilitate community ownership, a [National Indicator on Community Ownership](https://webarchive.nrscotland.gov.uk/20250311154355/https:/nationalperformance.gov.scot/national-outcomes/national-outcomes/communities/about-communities-national-indicators/community-ownership) was created, using the number of assets in community ownership. This moved away from the previous million acre target and was reflected in the name of the next publication [Community Ownership in Scotland 2018](https://www.gov.scot/publications/community-ownership-scotland-2018/) published in December 2019 in which area was reported in hectares. This provided the first figure for the new National Indicator on community ownership. The most recent publication [Community Ownership in Scotland 2024](https://www.gov.scot/publications/community-ownership-in-scotland-2024/documents/) was published in November 2025.<br/><br/>As there is currently no definitive source of assets in community ownership, the data for this publication comes from variety of organisations involved in community asset ownership. For the most recent publication they are: <br/><br/>* [Highlands and Islands Enterprise](http://www.hie.co.uk/), who have responsibilities to support community ownership in their area<br/>* [National Lottery Community Fund](https://www.tnlcommunityfund.org.uk/funding/programmes/scottish-land-fund), who administer the Scottish Land Fund for Scottish Government<br/>* the [Development Trusts Association Scotland](http://www.dtascot.org.uk/)<br/>* [Community Land Scotland](http://www.communitylandscotland.org.uk/)<br/>* [Forestry and Land Scotland](https://forestryandland.gov.scot/)<br/>* [South of Scotland Enterprise](https://www.southofscotlandenterprise.com/)<br/>* [Community Woodland Association](https://www.communitywoods.org/)<br/>* Public sector organisations subject to asset transfer requests under the [Community Empowerment (Scotland) Act 2015](https://www.legislation.gov.uk/asp/2015/6/contents)<br/>* [Register of Community Interests in Land - Community Bodies](https://rcilcb.ros.gov.uk/)<br/>* the [Community Ownership Fund](https://www.gov.uk/government/publications/community-ownership-fund-prospectus/community-ownership-fund-prospectus--2)<br/>* [Plunkett Foundation](https://plunkett.co.uk/) and [Campaign for Real Ale](https://camra.org.uk/) concerning community owned shops and pubs<br/><br/>As additional sources are identified they will be added to the above list.<br/><br/>The data from these sources are matched against the [Land Register](https://www.ros.gov.uk/our-registers/land-register-of-scotland) by [Registers of Scotland](https://www.ros.gov.uk/).<br/><br/>The following definitions have been used to compile the community ownership publications:<br/><br/>1) *Community* is defined on a geographical basis, which can be defined by postcode units and/or a prescribed area. This definition of community has been chosen to reflect the importance of place within Scottish Government policy and current legislation.<br/><br/>2) A relevant *community group* is required to have a number of essential characteristics, which collectively ensure that community owned assets are used for the benefit of the wider community rather than one particular interest group.<br/><br/>The community group should:<br/><br/>* Have a clear definition of the geographical community to which the group relates<br/>* A membership which is open to any member of that community<br/>* Be locally-led and controlled<br/>* Have as its main purpose the furthering of sustainable development in the local area<br/>* Be non-profit distributing<br/>* Have evidence to demonstrate a sufficient level of support/community buy-in<br/><br/>Additional factors are considered to ensure that the above criteria are met. Details of these are given below.<br/><br/>To ensure that membership is open to everyone within a community, any membership fee should be a nominal amount only. In addition, groups whose main purpose is a single activity, whilst it is recognised that they may benefit their local community, are not considered to be community groups in the context of the Community Ownership in Scotland publication series. Therefore, groups such as golf clubs or tennis clubs are excluded from the community ownership database as membership is limited to individuals who have an interest in golf or tennis and are capable of participating. In addition, the membership fees for these types of groups are usually not a nominal amount. By contrast, a group owning a village hall which may be used for a wide range of activities would be included.<br/><br/>In addition, organisations whose primary purpose is as an employer are excluded although they may bring benefits to a community. For example, an organisation providing support services to vulnerable adults and which employs staff to provide those services.<br/><br/>3) *Ownership* is defined in the legal sense: A legal title coupled with exclusive legal right to possession. While it is acknowledged that communities can and do lease (e.g. from Forestry and Land Scotland or a local authority), manage and jointly own (i.e. equity stake) assets, it was agreed by the Working Group that for the purposes of measuring community ownership that the definition should be restricted to outright ownership.<br/><br/>4) The term *asset* is used to describe areas of land, buildings and anything else of substantial value a community group may own. This is to reflect that is it not just areas of land that can bring benefits to a community and reflects the diverse nature of community ownership.<br/><br/>An asset is counted where it is the subject of a single transaction. Where assets are acquired in a series of transactions, e.g. adjacent areas of land acquired over time, the assets in each transaction will be counted separately.<br/><br/>5) *Transfer date* is the date at which a community group took ownership of an asset, either by purchase or as a gift, legacy or other non-monetary transaction.<br/><br/>Further details of the development of the Community Ownership in Scotland publication is available in the accompanying [User Guide](https://www.gov.scot/publications/community-ownership-in-scotland-user-guide/).<br/>"
Community Ownership - Number of Assets,Scottish Government,https://data.gov.scot/dataset/community_ownership___number_of_assets,https://api.data.gov.scot/resource/e9e25104-1830-4cce-98b7-720ba740b785/download,community-ownership-number-of-land-parcels-assets.csv,2026-08-13T15:54:09.357488,2026-08-13T15:55:29.693373,0,B,CSV,,,,UK Open Government Licence (OGL),"The data on community ownership are sourced from the official statistics publication series [Community Ownership in Scotland]( https://www.gov.scot/collections/community-ownership-in-scotland/). <br/><br/>The first publication in this series, [Estimate of Community Owned Land in Scotland 2017](https://www.gov.scot/publications/estimate-community-owned-land-scotland-2017/), was published in December 2017 with revised data for 2017 released in December 2018. This was intended to track progress towards a target of there being [one million acres](https://www.gov.scot/publications/one-million-acres-2020-strategy-report-recommendations-1-million-acre/) of land in community ownership in Scotland by the end of 2020.<br/><br/>Following the [recommendation of the Scottish Land Commission](https://landcommission.gov.scot/downloads/5dd69d73873ae_Community-Ownership-Report-SLC-Recommendations-to-Ministers.pdf) concerning how to encourage and facilitate community ownership, a [National Indicator on Community Ownership](https://webarchive.nrscotland.gov.uk/20250311154355/https:/nationalperformance.gov.scot/national-outcomes/national-outcomes/communities/about-communities-national-indicators/community-ownership)  was created, using the number of assets in community ownership. This moved away from the previous million acre target and was reflected in the name of the next publication [Community Ownership in Scotland 2018](https://www.gov.scot/publications/community-ownership-scotland-2018/) published in December 2019 in which area was reported in hectares. This provided the first figure for the new National Indicator on community ownership. The most recent publication [Community Ownership in Scotland 2024](https://www.gov.scot/publications/community-ownership-in-scotland-2024/documents/) was published in November 2025.<br/><br/>As there is currently no definitive source of assets in community ownership, the data for this publication comes from variety of organisations involved in community asset ownership. For the most recent publication they are: <br/><br/>* [Highlands and Islands Enterprise](http://www.hie.co.uk/), who have responsibilities to support community ownership in their area<br/>* [National Lottery Community Fund](https://www.tnlcommunityfund.org.uk/funding/programmes/scottish-land-fund), who administer the Scottish Land Fund for Scottish Government<br/>* the [Development Trusts Association Scotland](http://www.dtascot.org.uk/)<br/>* [Community Land Scotland](http://www.communitylandscotland.org.uk/)<br/>* [Forestry and Land Scotland](https://forestryandland.gov.scot/)<br/>* [South of Scotland Enterprise](https://www.southofscotlandenterprise.com/)<br/>* [Community Woodland Association](https://www.communitywoods.org/)<br/>* Public sector organisations subject to asset transfer requests under the [Community Empowerment (Scotland) Act 2015](https://www.legislation.gov.uk/asp/2015/6/contents)<br/>* [Register of Community Interests in Land - Community Bodies](https://rcilcb.ros.gov.uk/)<br/>* the [Community Ownership Fund](https://www.gov.uk/government/publications/community-ownership-fund-prospectus/community-ownership-fund-prospectus--2)<br/>* [Plunkett Foundation](https://plunkett.co.uk/) and [Campaign for Real Ale](https://camra.org.uk/) concerning community owned shops and pubs<br/><br/>As additional sources are identified they will be added to the above list.<br/><br/>The data from these sources are matched against the [Land Register](https://www.ros.gov.uk/our-registers/land-register-of-scotland) by [Registers of Scotland](https://www.ros.gov.uk/).<br/><br/>The following definitions have been used to compile the community ownership publications:<br/><br/>1) *Community* is defined on a geographical basis, which can be defined by postcode units and/or a prescribed area. This definition of community has been chosen to reflect the importance of place within Scottish Government policy and current legislation.<br/><br/>2) A relevant *community group* is required to have a number of essential characteristics, which collectively ensure that community owned assets are used for the benefit of the wider community rather than one particular interest group.<br/><br/>The community group should:<br/><br/>* Have a clear definition of the geographical community to which the group relates<br/>* A membership which is open to any member of that community<br/>* Be locally-led and controlled<br/>* Have as its main purpose the furthering of sustainable development in the local area<br/>* Be non-profit distributing<br/>* Have evidence to demonstrate a sufficient level of support/community buy-in<br/><br/>Additional factors are considered to ensure that the above criteria are met. Details of these are given below.<br/><br/>To ensure that membership is open to everyone within a community, any membership fee should be a nominal amount only. In addition, groups whose main purpose is a single activity, whilst it is recognised that they may benefit their local community, are not considered to be community groups in the context of the Community Ownership in Scotland publication series. Therefore, groups such as golf clubs or tennis clubs are excluded from the community ownership database as membership is limited to individuals who have an interest in golf or tennis and are capable of participating. In addition, the membership fees for these types of groups are usually not a nominal amount. By contrast, a group owning a village hall which may be used for a wide range of activities would be included.<br/><br/>In addition, organisations whose primary purpose is as an employer are excluded although they may bring benefits to a community. For example, an organisation providing support services to vulnerable adults and which employs staff to provide those services.<br/><br/>3) *Ownership* is defined in the legal sense: A legal title coupled with exclusive legal right to possession. While it is acknowledged that communities can and do lease (e.g. from Forestry and Land Scotland or a local authority), manage and jointly own (i.e. equity stake) assets, it was agreed by the Working Group that for the purposes of measuring community ownership that the definition should be restricted to outright ownership.<br/><br/>4) The term *asset* is used to describe areas of land, buildings and anything else of substantial value a community group may own. This is to reflect that is it not just areas of land that can bring benefits to a community and reflects the diverse nature of community ownership.<br/><br/>An asset is counted where it is the subject of a single transaction. Where assets are acquired in a series of transactions, e.g. adjacent areas of land acquired over time, the assets in each transaction will be counted separately.<br/><br/>5) *Transfer date* is the date at which a community group took ownership of an asset, either by purchase or as a gift, legacy or other non-monetary transaction.<br/><br/>Further details of the development of the Community Ownership in Scotland publication is available in the accompanying [User Guide](https://www.gov.scot/publications/community-ownership-in-scotland-user-guide/)."
Community Ownership - Number of Community Groups,Scottish Government,https://data.gov.scot/dataset/community_ownership___number_of_community_groups,https://api.data.gov.scot/resource/5820945a-bcad-43e1-a4ec-b9f1cd9567e0/download,community-ownership-number-of-community-groups.csv,2026-08-13T15:01:20.102214,2026-08-13T15:02:33.564961,0,B,CSV,,,,UK Open Government Licence (OGL),"The data on community ownership are sourced from the official statistics publication series [Community Ownership in Scotland]( https://www.gov.scot/collections/community-ownership-in-scotland/). <br/><br/>The first publication in this series, [Estimate of Community Owned Land in Scotland 2017](https://www.gov.scot/publications/estimate-community-owned-land-scotland-2017/), was published in December 2017 with revised data for 2017 released in December 2018. This was intended to track progress towards a target of there being [one million acres](https://www.gov.scot/publications/one-million-acres-2020-strategy-report-recommendations-1-million-acre/) of land in community ownership in Scotland by the end of 2020.<br/><br/>Following the [recommendation of the Scottish Land Commission](https://landcommission.gov.scot/downloads/5dd69d73873ae_Community-Ownership-Report-SLC-Recommendations-to-Ministers.pdf) concerning how to encourage and facilitate community ownership, a [National Indicator on Community Ownership](https://webarchive.nrscotland.gov.uk/20250311154355/https:/nationalperformance.gov.scot/national-outcomes/national-outcomes/communities/about-communities-national-indicators/community-ownership) was created, using the number of assets in community ownership. This moved away from the previous million acre target and was reflected in the name of the next publication [Community Ownership in Scotland 2018](https://www.gov.scot/publications/community-ownership-scotland-2018/) published in December 2019 in which area was reported in hectares. This provided the first figure for the new National Indicator on community ownership.  The most recent publication [Community Ownership in Scotland 2024](https://www.gov.scot/publications/community-ownership-in-scotland-2024/documents/) was published in November 2025.<br/><br/>As there is currently no definitive source of assets in community ownership, the data for this publication comes from variety of organisations involved in community asset ownership. For the most recent publication they are: <br/><br/>* [Highlands and Islands Enterprise](http://www.hie.co.uk/), who have responsibilities to support community ownership in their area<br/>* [National Lottery Community Fund](https://www.tnlcommunityfund.org.uk/funding/programmes/scottish-land-fund), who administer the Scottish Land Fund for Scottish Government<br/>* the [Development Trusts Association Scotland](http://www.dtascot.org.uk/)<br/>* [Community Land Scotland](http://www.communitylandscotland.org.uk/)<br/>* [Forestry and Land Scotland](https://forestryandland.gov.scot/)<br/>* [South of Scotland Enterprise](https://www.southofscotlandenterprise.com/)<br/>* [Community Woodland Association](https://www.communitywoods.org/)<br/>* Public sector organisations subject to asset transfer requests under the [Community Empowerment (Scotland) Act 2015](https://www.legislation.gov.uk/asp/2015/6/contents)<br/>* [Register of Community Interests in Land - Community Bodies](https://rcilcb.ros.gov.uk/)<br/>* the [Community Ownership Fund](https://www.gov.uk/government/publications/community-ownership-fund-prospectus/community-ownership-fund-prospectus--2)<br/>* [Plunkett Foundation](https://plunkett.co.uk/) and [Campaign for Real Ale](https://camra.org.uk/) concerning community owned shops and pubs<br/><br/>As additional sources are identified they will be added to the above list.<br/><br/>The data from these sources are matched against the [Land Register](https://www.ros.gov.uk/our-registers/land-register-of-scotland) by [Registers of Scotland](https://www.ros.gov.uk/).<br/><br/>The following definitions have been used to compile the community ownership publications:<br/><br/>1) *Community* is defined on a geographical basis, which can be defined by postcode units and/or a prescribed area. This definition of community has been chosen to reflect the importance of place within Scottish Government policy and current legislation.<br/><br/>2) A relevant *community group* is required to have a number of essential characteristics, which collectively ensure that community owned assets are used for the benefit of the wider community rather than one particular interest group.<br/><br/>The community group should:<br/><br/>* Have a clear definition of the geographical community to which the group relates<br/>* A membership which is open to any member of that community<br/>* Be locally-led and controlled<br/>* Have as its main purpose the furthering of sustainable development in the local area<br/>* Be non-profit distributing<br/>* Have evidence to demonstrate a sufficient level of support/community buy-in<br/><br/>Additional factors are considered to ensure that the above criteria are met. Details of these are given below.<br/><br/>To ensure that membership is open to everyone within a community, any membership fee should be a nominal amount only. In addition, groups whose main purpose is a single activity, whilst it is recognised that they may benefit their local community, are not considered to be community groups in the context of the Community Ownership in Scotland publication series. Therefore, groups such as golf clubs or tennis clubs are excluded from the community ownership database as membership is limited to individuals who have an interest in golf or tennis and are capable of participating. In addition, the membership fees for these types of groups are usually not a nominal amount. By contrast, a group owning a village hall which may be used for a wide range of activities would be included.<br/><br/>In addition, organisations whose primary purpose is as an employer are excluded although they may bring benefits to a community. For example, an organisation providing support services to vulnerable adults and which employs staff to provide those services.<br/><br/>3) *Ownership* is defined in the legal sense: A legal title coupled with exclusive legal right to possession. While it is acknowledged that communities can and do lease (e.g. from Forestry and Land Scotland or a local authority), manage and jointly own (i.e. equity stake) assets, it was agreed by the Working Group that for the purposes of measuring community ownership that the definition should be restricted to outright ownership.<br/><br/>4) The term *asset* is used to describe areas of land, buildings and anything else of substantial value a community group may own. This is to reflect that is it not just areas of land that can bring benefits to a community and reflects the diverse nature of community ownership.<br/><br/>An asset is counted where it is the subject of a single transaction. Where assets are acquired in a series of transactions, e.g. adjacent areas of land acquired over time, the assets in each transaction will be counted separately.<br/><br/>5) *Transfer date* is the date at which a community group took ownership of an asset, either by purchase or as a gift, legacy or other non-monetary transaction.<br/><br/>Further details of the development of the Community Ownership in Scotland publication is available in the accompanying [User Guide](https://www.gov.scot/publications/community-ownership-in-scotland-user-guide/)."
Community Payback Orders: Breach Applications,Scottish Government,https://data.gov.scot/dataset/community_payback_orders__breach_applications,https://api.data.gov.scot/resource/fea5342e-91cd-4c71-bf94-0645d321c381/download,community-payback-orders-breach-applications.csv,2026-08-13T13:11:05.172151,2026-08-13T13:12:24.498739,0,B,CSV,,,,UK Open Government Licence (OGL),"Community payback orders (CPOs) replaced probation, community service and supervised attendance orders. They were introduced for offences committed on or after 1st February 2011. CPOs are now by far the most commonly issued social work order. When local authorities become aware that a person has breached their order, they submit a breach application to the court which the court then considers and takes the necessary action.<br/><br/>This data is derived from an annual return made to the Scottish Government by local authority social work departments and gives the number of breach applications during the life of community payback orders which were completed/terminated in each year from 2012-13 by gender. More data which shows the number of different social work order types (encompassing drug treatment & testing orders and fiscal work orders as well as CPOs and their predecessors) back to 2004-05 can be found in the datasets [Social Work Orders Commenced](http://statistics.gov.scot/data/social-work-orders-commenced) and [Social Work Orders Terminated](http://statistics.gov.scot/data/social-work-orders-terminated) on this website. Further data on CPOs at local authority level can be found on the Scottish Government [website](https://www.gov.scot/collections/criminal-justice-social-work/)."
Community Payback Orders: Commenced,Scottish Government,https://data.gov.scot/dataset/community_payback_orders__commenced,https://api.data.gov.scot/resource/54916623-62c6-4ae0-bc66-fc120b1cdc86/download,community-payback-orders-commenced.csv,2026-08-13T13:04:45.607346,2026-08-13T13:05:59.811308,0,B,CSV,,,,UK Open Government Licence (OGL),"Community payback orders (CPOs) replaced probation, community service and supervised attendance orders. They were introduced for offences committed on or after 1st February 2011. CPOs are now by far the most commonly issued social work order.<br/>This data is derived from an annual return made to the Scottish Government by local authority social work departments and gives the number of CPOs commenced in each year from 2011-12 by age group and gender.<br/>More data which shows the number of different social work order types (encompassing drug treatment & testing orders and fiscal work orders as well as CPOs and their predecessors) back to 2004-05 can be found in the datasets [Social Work Orders Commenced](http://statistics.gov.scot/data/social-work-orders-commenced) and [Social Work Orders Terminated](http://statistics.gov.scot/data/social-work-orders-terminated) on this website. Further data on CPOs at local authority level can be found on the Scottish Government [website](https://www.gov.scot/collections/criminal-justice-social-work/)."
Commuting time by Travel to Work Areas,Scottish Government,https://data.gov.scot/dataset/commuting_time_by_travel_to_work_areas,https://api.data.gov.scot/resource/7999d1a4-b53d-48d2-8185-e494b0a5e247/download,commuting-time-by-travel-to-work-areas.csv,2026-08-12T15:10:08.965223,2026-08-12T15:11:19.961928,0,B,CSV,,,,UK Open Government Licence (OGL),Commuting time by Travel to Work Areas
Concessionary Travel Cards,Transport Scotland,https://data.gov.scot/dataset/concessionary_travel_cards,https://api.data.gov.scot/resource/7bbddfbb-ead1-4a15-b140-38b825139025/download,concessionary-cards.csv,2026-08-13T12:45:32.440311,2026-08-13T12:47:32.577853,0,B,CSV,,,,UK Open Government Licence (OGL),Number of National Concessionary Travel Scheme cards issued to all adults with disabilities and to adults over the age of 60. The Young Persons' (Under 22s) Free Bus Travel was introduced on 31 January 2022 and these figures are now included. These estimates are published in [Scottish Transport Statistics](https://www.transport.gov.scot/our-approach/statistics/#42763](https://www.transport.gov.scot/our-approach/statistics/#42763) and are collected by a third party contractor which passes summary numbers to Transport Scotland.
Confidence in Policing - Scottish Survey Core Questions,Scottish Government,https://data.gov.scot/dataset/confidence_in_policing___scottish_survey_core_questions,https://api.data.gov.scot/resource/a8e4fd82-253f-4e3b-be57-11a1131e8080/download,confidence-in-policing-sscq.csv,2026-08-13T12:54:46.684817,2026-08-13T12:55:47.166397,0,B,CSV,,,,UK Open Government Licence (OGL),"Survey respondents, regardless of whether they had ever been in contact with the police, were asked how confident they were in the ability of the police in their local area to undertake six specific aspects of police work.<br/><br/>The Scottish Survey Core Questions is an innovative project drawing together multiple household surveys to provide a large sample for subnational analysis. For more information on this source, see the  [SSCQ website.](http://www.gov.scot/Topics/Statistics/About/Surveys/SSCQ/)"
Coronavirus - COVID-19 - Management Information (up to 11/04/2022),Scottish Government,https://data.gov.scot/dataset/coronavirus___covid_19___management_information__up_to_11_04_2022_,https://api.data.gov.scot/resource/4e913feb-b4a2-453e-b818-4ac1b70faa72/download,coronavirus-covid-19-management-information.csv,2026-08-13T14:11:53.635672,2026-08-13T14:13:17.273040,0,B,CSV,,,,UK Open Government Licence (OGL),"The information on this page applies to the COVID-19 daily data published on the Scottish Government website and www.statistics.gov.scot from spring 2020 until April 2022, which is no longer being updated. Since March 2020, the Scottish Government has been publishing daily COVID-19 management information on the Scottish Government website. These include figures for [daily data](https://www.gov.scot/publications/coronavirus-covid-19-daily-data-for-scotland/) and [past data](https://www.gov.scot/publications/coronavirus-covid-19-trends-in-daily-data/) and trend charts for the daily updates on COVID-19. There is more information available on the [individual data sources](https://www.gov.scot/publications/coronavirus-covid-19-data-definitions-and-sources/).<br/><br/>The latest headline COVID-19 data can now be sourced from Public Health Scotland's (PHS) [COVID-19 Daily Dashboard](https://public.tableau.com/app/profile/phs.covid.19/viz/COVID-19DailyDashboard_15960160643010/Dailyupdate) and underlying data on their [open data platform](https://www.opendata.nhs.scot/dataset/covid-19-in-scotland). Further information on the measures shown on the PHS dashboard can be found on the [notes page](https://publichealthscotland.scot/media/12327/coviddailydashboardnotes.pdf).  <br/>"
Corporate Insolvency,Accountant in Bankruptcy,https://data.gov.scot/dataset/corporate_insolvency,https://api.data.gov.scot/resource/7d0bd3c6-505d-4e58-809e-aa222d3f0994/download,corporate-insolvency.csv,2026-08-13T11:56:08.252841,2026-08-13T11:57:19.966341,0,B,CSV,,,,UK Open Government Licence (OGL),"Accountant in Bankruptcy (AiB) develops policy for certain aspects of corporate insolvency and is responsible for receiving and recording information on liquidations and receiverships of Scottish businesses, held in the Register of Insolvencies (RoI).<br/><br/>The RoI contains details of liquidation and receivership of Scottish businesses which are wound up by either a Sheriff Court or the Court of Session. AiB is required to be notified of all company liquidations and receiverships in Scotland."
Council Tax Collection Rates,Scottish Government,https://data.gov.scot/dataset/council_tax_collection_rates,https://api.data.gov.scot/resource/3af1ca6f-089a-49f1-867c-1b749ccd601b/download,council-tax-collection-rates.csv,2026-08-13T12:24:13.955185,2026-08-13T12:25:29.713056,0,B,CSV,,,,UK Open Government Licence (OGL),"All data are based on the actual amounts billed to, and received from, Council Tax payers, and are net of all discounts (e.g. 25% single person discount) and exemptions. Surcharges are also excluded.  The figures exclude Council Tax Benefit/Reduction; are before any amounts written off for bad or doubtful debt; and reflect any correction to liabilities made after billing.<br/><br/>The data are derived from the Scottish Government's Council Tax Receipts Return (CTRR), which collects data from local authorities on the total amounts of Council Tax billed and the total amounts collected for all years from 1993-94 to date.<br/><br/>The CTRR data is collected after the end of the financial year, but before audit, and is therefore provisional. It has been approved by local authority directors of finance and follow accountancy standards where applicable. Final audited figures will be published by the Scottish Government later in the year.<br/><br/>More information on [Local Government Finance statistics](http://www.scotland.gov.uk/Topics/Statistics/Browse/Local-Government-Finance).<br/>"
Court Process Times,Scottish Government,https://data.gov.scot/dataset/court_process_times,https://api.data.gov.scot/resource/85c91bcd-f9af-4512-a5fb-24d0fe7a5920/download,court-process-times.csv,2026-08-13T10:51:47.988901,2026-08-13T10:53:01.678208,0,B,CSV,,,,UK Open Government Licence (OGL),"The percentage of Sheriff Summary and District Court cases disposed of within 26 weeks of date of earliest caution and charge for any accused in the case, by the month that the case is first closed. <br/><br/>This information was published in order to monitor performance of the criminal justice system as part of the Summary Justice Reform (SJR) Monitoring and Evaluation project. As Summary Justice Reform changes are now embedded within the justice system, publication of this report **ceased**, with the Summary Justice Reform Performance Report: April 2010 - March 2012 being the last in the series."
Covid-19: Scottish Contact Survey,Scottish Government,https://data.gov.scot/dataset/covid_19__scottish_contact_survey,https://api.data.gov.scot/resource/320997c7-42be-4bd6-834b-16afb2923c07/download,scottish-contact-survey-contact-matrices.csv,2026-08-13T13:04:54.268873,2026-08-13T13:07:18.242512,0,B,CSV,,,,UK Open Government Licence (OGL),"The Scottish Contact Survey (SCS) is a behavioural survey, asking questions to panels of people who have been recruited to be broadly representative of the Scottish population. It was launched in August 2020 and is based on the [CoMix](https://cmmid.github.io/topics/covid19/comix-reports.html) study, developed by the London School of Hygiene and Tropical Medicine (LSHTM). <br/><br/>Adults record their direct, face-to-face contacts made on the previous day, specifying certain characteristics for each contact including the age and sex of the contact, whether a meeting involved physical contact with another person, and where contact occurred (e.g. home, at work, while undertaking other activities, etc.). The average number of contacts each person has is calculated for a range of settings (home, work, school, and other). Exact ages of contacts is not recorded, so a sample weighted by the population between the minimum and maximum age reported for the contact is used. Further information and the code used to analyse the survey data are available on [GitHub](https://github.com/DataScienceScotland/scottish-contact-survey). SCS results have been routinely published in the [Modelling the Epidemic](https://www.gov.scot/collections/coronavirus-covid-19-modelling-the-epidemic/) series of reports.<br/><br/>This data release contains information on the average number of contacts between age groups. Before 31 March 2022, the survey was run weekly using two panels of participants in alternative weeks and is reported as a rolling sample. The dates reported correspond to the midpoint of the survey period. From 31 March 2022, the two survey panels were merged and the survey frequency was reduced to fortnightly. The dates reported correspond to the first day of the survey period.<br/><br/>The Scottish Contact Survey closed in December 2022 and, therefore, this dataset will no longer be updated."
Crime Clear up Rates,Scottish Government,https://data.gov.scot/dataset/crime_clear_up_rates,https://api.data.gov.scot/resource/f4bf7f39-06af-4794-98dd-192c8d78dbd2/download,crime-clear-up-rates.csv,2026-08-13T15:38:50.518641,2026-08-13T15:39:52.784232,0,B,CSV,,,,UK Open Government Licence (OGL),"Statistics on crimes and offences recorded by the police in Scotland, including clear up rates recorded by Police Scotland.<br/><br/>This data covers the percentage of recorded crimes and offences that were cleared up by the police in Scotland between 1996/97 to 2025/26 and by Local Authority.<br/><br/>Crimes cleared up by the police as a percentage of crimes recorded. For more information on recorded crime figures see the [Scottish Government Recorded Crime in Scotland website](https://www.gov.scot/collections/recorded-crime-in-scotland/).<br/><br/>The definition of 'cleared up' is noted below. This definition came into force with effect from 1 April 1996.<br/><br/>A crime or offence is regarded as cleared up where there exists a sufficiency of evidence under Scots law, to justify consideration of criminal proceedings.<br/><br/>Clear up rates are calculated as follows: (number of recorded crimes cleared up in year y / total number of recorded crimes in year y) x 100.<br/><br/>Crimes or offences recorded by the police as cleared up in one financial year, year y, may have been committed and therefore recorded in a previous year, i.e. year y-1. This means that the number of crimes and offences cleared up are being expressed as a percentage of a different set of crimes or offences. This means that clear up rates in excess of 100% can arise in a given year.<br/><br/>The statistical return from which the data are taken is a simple count of the numbers of crimes and offences recorded and cleared up by the police. Returns are submitted quarterly from Police Scotland at local authority level which allows a national total to be obtained.<br/><br/>Crimes and offences are included against the year in which they are recorded by the police. This is not necessarily the year in which the crime or offence took place, the year in which the accused is brought to trial for the crime or offence, or the year in which the case is finally disposed of by the courts.<br/><br/>Amendments (such as the deletion of incidents found on investigation not to be criminal) which arise after the end of the financial year are not incorporated.<br/><br/>Contraventions of Scottish criminal law are divided for statistical purposes into crimes and offences. 'Crime' is generally used for the more serious criminal acts; the less serious termed 'offences', although the term 'offence' may also be used in relation to serious breaches of criminal law. The distinction is made only for working purposes and the 'seriousness' of the offence is generally related to the maximum sentence that can be imposed. For further information see the [Recorded Crime Statistics in Scotland: user guide](https://www.gov.scot/collections/recorded-crime-in-scotland/#supportingdocuments)."
Deaths,National Records of Scotland,https://data.gov.scot/dataset/deaths,https://api.data.gov.scot/resource/edeb247c-7710-4c26-a7b1-6c7c1e0d4931/download,deaths.csv,2026-08-20T15:32:19.233889,2026-08-20T15:37:07.213906,0,B,CSV,,,,UK Open Government Licence (OGL),"Deaths are generally counted on the basis of the area of usual residence of the deceased if that is in Scotland, otherwise they are counted on the basis of the place of death. However, a death may be allocated to the deceased's former area of residence, if that is in Scotland and the deceased had lived at his/her usual residence for less than 12 months."
Debt Arrangement Scheme (DAS),Accountant in Bankruptcy,https://data.gov.scot/dataset/debt_arrangement_scheme__das_,https://api.data.gov.scot/resource/4964c5d9-958a-4624-9dad-5ef4bac4c77b/download,debt-arrangement-scheme-das.csv,2026-08-13T08:07:34.982713,2026-08-13T08:08:43.375449,0,B,CSV,,,,UK Open Government Licence (OGL),"A Scottish Government debt management tool. Under DAS, a debtor commits to a Debt Payment Programme (DPP) which allows them to repay their debts based on their disposable income while they are protected from creditors taking any action against them to recover their debt. If the DPP is approved, all interest, fees and charges on the debt will be frozen and waived if the programme is completed in full. <br/><br/>The statistics are compiled by AiB, an executive agency of the Scottish Government. The majority of the statistics presented are derived from AiB administrative records. This dataset covers insolvencies in Scotland. Statistics covering England & Wales, and Northern Ireland are available from The Insolvency Service. <br/><br/>Non-statutory debt solutions, where debtors make their own arrangements with creditors or enter informal debt management plans with a debt management firm, are not included."
Delayed Discharges - Monthly Bed Days Occupied,Public Health Scotland,https://data.gov.scot/dataset/delayed_discharges___monthly_bed_days_occupied,https://api.data.gov.scot/resource/953141de-04e1-41f1-ab47-ede43a972909/download,landing/c156ffba-dbe8-41d3-af73-2f5a2659eb25/delayed_discharges_monthly_bed_days_occupied.csv,2026-08-13T13:14:19.409557,2026-08-24T09:23:14.523200,0,B,CSV,,,,UK Open Government Licence (OGL),"This publication provides monthly information on the number of bed days occupied by hospital inpatients who are ready for discharge but whose discharge has been delayed. Figures are shown for Scotland, NHS Board area of treatment and Local Authority of residence for patients aged 18 and over."
Delayed Discharges - Monthly Census,Public Health Scotland,https://data.gov.scot/dataset/delayed_discharges___monthly_census,https://api.data.gov.scot/resource/6baff6ee-263c-4ebc-b387-ad7595dc5ac9/download,landing/689df2a3-099f-40c0-9964-6ed7b25b4903/delayed_discharges_monthly_census.csv,2026-08-13T08:13:11.065761,2026-08-24T09:12:07.717763,0,B,CSV,,,,UK Open Government Licence (OGL),"This publication provides monthly census snapshot position of hospital inpatients aged 18 and over, who are ready for discharge but whose discharge has been delayed. Figures are shown for NHS Board area of treatment and Local Authority.<br/><br/>Reasons for delay are: Health and Social Care reasons, Patient/Care/ Family related reasons and Code 9 (complex) reasons. The census figures include delays due to infection control measures in place at hospital or care home (delay reason codes 26X and 46X) from July 2016.<br/>For further guidance please see the [glossary](https://www.publichealthscotland.scot/media/22067/background-and-glossary.pdf).<br/>"
Dependency Ratio,National Records of Scotland,https://data.gov.scot/dataset/dependency_ratio,https://api.data.gov.scot/resource/74bb7f09-e5c5-470c-812e-3e713f0c34a5/download,population-estimates-dependency.csv,2026-08-13T13:17:58.469352,2026-08-13T13:19:05.375530,0,B,CSV,,,,UK Open Government Licence (OGL),"This indicator is an estimate of the dependency ratio - children and older people (aged 65 and over) expressed as a percentage of people aged 16 to 64. Please note the denominator for this indicator has been changed from the former working age population (16-59 years for women and 16-64 years for men) to population aged 16-64 years for both men and women. Time series on the new 16-64 basis should now be used to ensure consistent comparisons over time. <br/><br/>The population estimates underlying this ratio are derived using the cohort-component method where Census-based estimates are updated annually by 'ageing on' the population and applying information on births, deaths and migration. <br/><br/>Population estimates for mid-2012 to mid-2022 have been revised following Scotland's Census 2022. <br/><br/>Births and deaths are estimated using data from the civil registration system. <br/><br/>Migration within Scotland, and between Scotland and the rest of the UK, is estimated based on GP registration data.<br/><br/>Long-term international migration (LTIM) estimates are based on administrative and survey data using a range of data sources, and are part of an ongoing programme of work to transform population and migration statistics. <br/><br/>More information on the different international migration methodologies can be found on the [ONS website](https://www.ons.gov.uk/peoplepopulationandcommunity/populationandmigration/internationalmigration/bulletins/longterminternationalmigrationprovisional/yearendingdecember2023)."
Derelict and Urban Vacant Land,Scottish Government,https://data.gov.scot/dataset/derelict_and_urban_vacant_land,https://api.data.gov.scot/resource/04fd05d8-1233-4055-adb1-e5457f390fdb/download,vacant-derelict-land.csv,2026-08-13T12:06:06.720778,2026-08-13T12:07:14.255921,0,B,CSV,,,,UK Open Government Licence (OGL),"Scottish Vacant and Derelict Land Survey. <br/>Source: [http://www.scotland.gov.uk/Topics/Statistics/Browse/Planning/Publications](http://www.scotland.gov.uk/Topics/Statistics/Browse/Planning/Publications)<br/><br/>Derelict land (and buildings) is land which has been so damaged by development, that it is incapable of development for beneficial use without rehabilitation. In addition the land must currently not be used for the purpose for which it is held or a use acceptable in the local plan. Land also qualifies as derelict if it has an un-remedied previous use which could constrain future development.<br/><br/>Vacant land is land which is unused for the purposes for which it is held and is viewed as an appropriate site for development. This land must either have had prior development on it or preparatory work has taken place in anticipation of future development. This indicator covers vacant land (referred to as 'urban vacant') that is located within settlements of over 2,000 in population as defined in council local plans.<br/><br/>Sites covering less than 0.1 hectare are excluded. The survey is voluntary. If a local authority does not complete the survey the most recent available data is used.<br/><br/>Due to the impacts of the COVID-19 Pandemic on the collection of SVDL survey for 2021 the publication date remains under review and cannot at the present time be pre-announced.  If you have any questions please contact planstats@gov.uk.<br/>"
Disability Living Allowance,Scottish Government,https://data.gov.scot/dataset/disability_living_allowance,https://api.data.gov.scot/resource/5ce9d2ca-0a2f-4cb7-9c0c-e5b0b2fc3d09/download,disability-living-allowance.csv,2026-08-20T15:32:38.644811,2026-08-20T15:44:48.707993,0,B,CSV,,,,UK Open Government Licence (OGL),"Disability Living Allowance (DLA) was introduced in April 1992 and it combined the benefits previously covered by Attendance Allowance and Mobility Allowance. It is paid to people who become disabled before the age of 65. DLA consists of two components, the care component and the mobility component. The mobility component is not available to children under the age of 3. <br/><br/>There are three rates of the care component and two rates of the mobility component. People who are not expected to live longer than six months because they have a terminal illness qualify automatically. Once a claimant has been awarded DLA they will get it as long as they meet the conditions of entitlement. For detailed and up-to-date eligibility conditions and rules for claiming DLA see [DWP Website](http://www.dwp.gov.uk/lifeevent/benefits/disability_liv_allowance.asp). <br/><br/>Data shown here are derived from a 100% data source; the Work and Pensions Longitudinal Study (WPLS) which is not subject to any sampling error. The dataset provides counts of total claimants and breakdowns by age, gender, duration on benefit and some benefit specific information. It is a snapshot in time and will therefore exclude a small number of clerically held cases. <br/><br/>The snapshots are taken at quarterly intervals at the end of February (Q1), May (Q2), August (Q3) and November (Q4). A very small number of claimants who have an unknown age or gender are included within the area total but excluded from the age and gender breakdowns as they pose a small disclosure risk. The data in the WPLS datasets are not directly comparable to the annual individual level data previously released as they were a single snapshot at a point in time and did not reflect late notifications and removals from the systems. Rates per 100,000 of the total population are provided. Population data are from the small area population estimates published by the National Records of Scotland. Populations denominators for higher geographies are based on best-fit 2001 geographies. <br/><br/>Source: Department for Work and Pensions. <br/>Enquiries email: [disseminationteam@dwp.gsi.gov.uk](mailto:disseminationteam@dwp.gsi.gov.uk)"
Disability Living Allowance (Care Component),Scottish Government,https://data.gov.scot/dataset/disability_living_allowance__care_component_,https://api.data.gov.scot/resource/dadfd9bd-10ae-4592-92df-80d1873d2d72/download,disability-living-allowance-component.csv,2026-08-20T15:32:53.584481,2026-08-20T15:44:09.340083,0,B,CSV,,,,UK Open Government Licence (OGL),"Disability Living Allowance (DLA) was introduced in April 1992 and it combined the benefits previously covered by Attendance Allowance and Mobility Allowance. It is paid to people who become disabled before the age of 65. DLA consists of two components, the care component and the mobility component. The mobility component is not available to children under the age of 3. There are three rates of the care component and two rates of the mobility component. People who are not expected to live longer than six months because they have a terminal illness qualify automatically. Once a claimant has been awarded DLA they will get it as long as they meet the conditions of entitlement. For detailed and up-to-date eligibility conditions and rules for claiming DLA see [DWP Website](http://www.dwp.gov.uk/lifeevent/benefits/disability_liv_allowance.asp). <br/><br/>Data shown here are derived from a 100% data source; the Work and Pensions Longitudinal Study (WPLS) which is not subject to any sampling error. The dataset provides counts of total claimants and breakdowns by age, gender, duration on benefit and some benefit specific information. It is a snapshot in time and will therefore exclude a small number of clerically held cases. <br/><br/>The snapshots are taken at quarterly intervals at the end of February (Q1), May (Q2), August (Q3) and November (Q4). A very small number of claimants who have an unknown age or gender are included within the area total but excluded from the age and gender breakdowns as they pose a small disclosure risk. The data in the WPLS datasets are not directly comparable to the annual individual level data previously released as they were a single snapshot at a point in time and did not reflect late notifications and removals from the systems. Rates per 100,000 of the total population are provided. Population data are from the small the area population estimates published by the National Records of Scotland. Populations denominators for higher geographies are based on best-fit 2001 geographies. <br/><br/>Source: Department for Work and Pensions. <br/><br/>Enquiries email: [disseminationteam@dwp.gsi.gov.uk](mailto:disseminationteam@dwp.gsi.gov.uk)"
Disability - Scottish Surveys Core Questions,Scottish Government,https://data.gov.scot/dataset/disability___scottish_surveys_core_questions,https://api.data.gov.scot/resource/e4c87d13-817f-4b87-a3a1-5f7733efa229/download,disability-sscq.csv,2026-08-13T08:39:14.490100,2026-08-13T08:40:17.801971,0,B,CSV,,,,UK Open Government Licence (OGL),"In the Scottish Government's National Action Plan on long-term conditions, long-term conditions are defined as 'health conditions that last a year or longer, impact on a person's life, and may require on-going care and support'. Conditions include a wide range of mental and physical health conditions. The harmonised question across government surveys is in line with the definition of disability used in the Disability Discrimination Act 2005.<br/><br/>The Scottish Survey Core Questions is an innovative project drawing together multiple household surveys to provide a large sample for subnational analysis. For more information on this source, see the  [SSCQ website](https://www.gov.scot/collections/scottish-surveys-core-questions/)."
Discretionary Housing Payments Applications,Scottish Government,https://data.gov.scot/dataset/discretionary_housing_payments_applications,https://api.data.gov.scot/resource/76a65488-7df9-4ad2-bd70-c4a8f18d6c97/download,discretionary-housing-payments-applications.csv,2026-08-13T08:13:14.720713,2026-08-13T08:14:29.937101,0,B,CSV,,,,UK Open Government Licence (OGL),"Discretionary Housing Payments (DHPs) are administered in Scotland by the 32 Scottish Local Authorities. DHPs may be awarded when a Local Authority considers that a housing benefit or universal credit (including the housing element) claimant requires further financial assistance towards housing costs. DHPs can be used to provide support to claimants affected by some of the key welfare reforms, including the introduction of benefit cap, the Removal of the Spare Room Subsidy in the social rented sector ('RSRS', also known as the 'bedroom tax') and reductions in Local Housing Allowance.<br/><br/>As of April 2017, full responsibility for DHPs has been transferred to the Scottish Government and the Department for Work and Pensions no longer provides any funding. Scottish Government allocates funding for DHPs to each Local Authority, and Local Authorities are also free to provide additional funding from their own resources.<br/><br/>These [annual DHP statistics](https://www.gov.scot/collections/sg-social-security-scotland-stats-publications/#discretionaryhousingpaymentstatistics) cover the period from 1 April to 31 March each financial year.<br/><br/>A determination is the decision taken on a Discretionary Housing Payment application to either make an award, or not to make an award.<br/>"
Discretionary Housing Payments Awards,Scottish Government,https://data.gov.scot/dataset/discretionary_housing_payments_awards,https://api.data.gov.scot/resource/b2242412-e0be-4d87-b2c9-df02f8e7dc41/download,discretionary-housing-payments-awards.csv,2026-08-13T12:51:12.853513,2026-08-13T12:52:25.278722,0,B,CSV,,,,UK Open Government Licence (OGL),"Discretionary Housing Payments (DHPs) are administered in Scotland by the 32 Scottish Local Authorities. DHPs may be awarded when a Local Authority considers that a housing benefit or universal credit (including the housing element) claimant requires further financial assistance towards housing costs. DHPs can be used to provide support to claimants affected by some of the key welfare reforms, including the introduction of benefit cap, the Removal of the Spare Room Subsidy in the social rented sector ('RSRS', also known as the 'bedroom tax') and reductions in Local Housing Allowance.<br/><br/>As of April 2017, full responsibility for DHPs has been transferred to the Scottish Government and the Department for Work and Pensions no longer provides any funding. Scottish Government allocates funding for DHPs to each Local Authority, and Local Authorities are also free to provide additional funding from their own resources.<br/><br/>These [annual DHP statistics](https://www.gov.scot/collections/sg-social-security-scotland-stats-publications/#discretionaryhousingpaymentstatistics) cover the period from 1 April to 31 March each financial year.<br/><br/>A determination is the decision taken on a Discretionary Housing Payment application to either make an award, or not to make an award.<br/>"
Discretionary Housing Payments Determinations,Scottish Government,https://data.gov.scot/dataset/discretionary_housing_payments_determinations,https://api.data.gov.scot/resource/597a677c-428b-4b53-b90d-f117f4891483/download,discretionary-housing-payments-determinations.csv,2026-08-13T09:47:28.152688,2026-08-13T09:48:37.409504,0,B,CSV,,,,UK Open Government Licence (OGL),"Discretionary Housing Payments (DHPs) are administered in Scotland by the 32 Scottish Local Authorities. DHPs may be awarded when a Local Authority considers that a housing benefit or universal credit (including the housing element) claimant requires further financial assistance towards housing costs. DHPs can be used to provide support to claimants affected by some of the key welfare reforms, including the introduction of benefit cap, the Removal of the Spare Room Subsidy in the social rented sector ('RSRS', also known as the 'bedroom tax') and reductions in Local Housing Allowance.<br/><br/>As of April 2017, full responsibility for DHPs has been transferred to the Scottish Government and the Department for Work and Pensions no longer provides any funding. Scottish Government allocates funding for DHPs to each Local Authority, and Local Authorities are also free to provide additional funding from their own resources.<br/><br/>These [annual DHP statistics](https://www.gov.scot/collections/sg-social-security-scotland-stats-publications/#discretionaryhousingpaymentstatistics) cover the period from 1 April to 31 March each financial year.<br/><br/>A determination is the decision taken on a Discretionary Housing Payment application to either make an award, or not to make an award.<br/>"
Discretionary Housing Payments Expenditure,Scottish Government,https://data.gov.scot/dataset/discretionary_housing_payments_expenditure,https://api.data.gov.scot/resource/aa67e0e8-462a-488d-b7db-3f07382aaae3/download,discretionary-housing-payments-expenditure.csv,2026-08-13T08:13:19.829262,2026-08-13T08:14:43.019204,0,B,CSV,,,,UK Open Government Licence (OGL),"Discretionary Housing Payments (DHPs) are administered in Scotland by the 32 Scottish Local Authorities. DHPs may be awarded when a Local Authority considers that a housing benefit or universal credit (including the housing element) claimant requires further financial assistance towards housing costs. DHPs can be used to provide support to claimants affected by some of the key welfare reforms, including the introduction of benefit cap, the Removal of the Spare Room Subsidy in the social rented sector ('RSRS', also known as the 'bedroom tax') and reductions in Local Housing Allowance.<br/><br/>As of April 2017, full responsibility for DHPs has been transferred to the Scottish Government and the Department for Work and Pensions no longer provides any funding. Scottish Government allocates funding for DHPs to each Local Authority, and Local Authorities are also free to provide additional funding from their own resources.<br/><br/>These [annual DHP statistics](https://www.gov.scot/collections/sg-social-security-scotland-stats-publications/#discretionaryhousingpaymentstatistics) cover the period from 1 April to 31 March each financial year.<br/>"
Distance to Green or Blue Space - Scottish Household Survey,Scottish Government,https://data.gov.scot/dataset/distance_to_green_or_blue_space___scottish_household_survey,https://api.data.gov.scot/resource/a40edc18-2b6c-41a5-b833-56326d5bbb74/download,green-or-blue-space-shs.csv,2026-08-13T12:35:08.746030,2026-08-13T12:36:26.792727,0,B,CSV,,,,UK Open Government Licence (OGL),"Every year Scottish Household Survey (SHS) asks adults how long it would take them to walk to their nearest green or blue space. <br/><br/>*The question asking about walking distance to nearest greenspace informs the National Indicator on Access to Green and Blue Spaces. However before 2019, even though the list of spaces included riversides and beaches, the question text used the term \""green or open space\"". In 2019 for one half of the sample this was changed slightly to \""green, blue or open spaces\"" to check if including the word \""blue\"" made any difference to the response given to the question about walking distance or the biennial follow-up questions asking about satisfaction with and frequency of use of nearest green or blue space. No statistically significant difference was found.*<br/><br/>The data is reported here is representative of the adult population and is available by:<br/><br/>\u2022 Local Authority<br/><br/>\u2022 Age of the randomly selected adult<br/><br/>\u2022 Gender of the randomly selected adult<br/><br/>*In the 2018 SHS the gender question was revised. In previous years interviewers asked if household members were 'male' or 'female'. In the 2018 survey the options given were: 'man/boy', 'woman/girl' and two additional responses: 'identified in another way' and 'refused'. In order to remain harmonised with other statistics.gov.scot datasets, the previous response options 'male' and 'female' will be maintained.*<br/><br/>\u2022 Urban/Rural Classification<br/><br/>\u2022 SIMD<br/><br/>\u2022 Type Of Tenure<br/><br/>\u2022 Household Type<br/><br/>\u2022 Ethnicity of the randomly selected adult<br/><br/>The most recent [annual publication](https://www.gov.scot/publications/scottish-household-survey-2019-annual-report/) and [full questionnaire](https://www.gov.scot/publications/scottish-household-survey-questionnaires/) can be accessed on the Scottish government website.<br/><br/>The survey data for the full Scottish Household Survey is available from [the UK Data Service](https://beta.ukdataservice.ac.uk/datacatalogue/series/series?id=2000048#!/abstract)."
Domestic Abuse Recorded by the Police: Incidents with at least one Crime or Offence,Scottish Government,https://data.gov.scot/dataset/domestic_abuse_recorded_by_the_police__incidents_with_at_least_one_crime_or_offence,https://api.data.gov.scot/resource/8eb4f9fd-6687-44d4-b9e9-ff6d71e8df28/download,domestic-abuse-recorded-by-the-police-incidents-with-a-crime-or-offence.csv,2026-08-13T15:55:02.265751,2026-08-13T15:56:38.010893,0,B,CSV,,,,UK Open Government Licence (OGL),"Official Statistics on domestic abuse incidents which include the recording of at least one crime or offence, based on details of incidents and crimes recorded by Police Scotland, which is not restricted to behaviour where criminal conduct has been identified and recorded. The full publication is available on the [Scottish Government website](https://www.gov.scot/collections/domestic-abuse-in-scotland-statistics/).<br/><br/>This data covers incidents recorded over 12 months between 1 April to 31 March, from 2016/17 to 2023/24.<br/><br/>Domestic abuse recorded by the police does not reveal the incidence of all domestic abuse committed in Scotland, as not all incidents are reported to the police.<br/><br/>The definition of domestic abuse used by Police Scotland is: 'Any form of physical, verbal, sexual, psychological or financial abuse which might amount to criminal conduct and which takes place within the context of a relationship. The relationship will be between partners (married, cohabiting, civil partnership or otherwise) or ex-partners. The abuse can be committed in the home or elsewhere including online'.<br/><br/>Contraventions of Scottish criminal law are divided into crimes and offences. The term 'crime\"" is generally used for the more serious criminal acts and the less serious are termed \""offences\"". The distinction is made only for statistical reporting purposes and does not influence the way the police investigate reports of criminal activity. The seriousness of the offence is generally related to the maximum sentence that can be imposed and does not relate to the impact on the individual experiencing the incident.<br/><br/>In addition, in one criminal incident, several crimes or offences may occur, such as a suspected perpetrator may assault their spouse and damage their car in the process. In this example, crimes of vandalism and assault would be recorded. Statistics in this bulletin either relate to the number of incidents recorded or the number of incidents with at least one crime or offence committed.<br/><br/>Please note that figures for the proportions of incidents which include the recording of a crime or offence are only provided from 2016/17 onwards. This is due to a change in the way in which domestic abuse data was collected following the creation of Police Scotland. Prior to 1 April 2013, each legacy police force had a bespoke system to collect the data required. Between 1 April 2013 and 31 March 2014, the interim Vulnerable Persons Database (iVPD) system was rolled out to the then 14 police divisions in Scotland. From 1 April 2014 onwards, all domestic abuse data was collected through the iVPD. Due to these changes which affect comparability over time, figures before 2016/17 are not presented and are marked as '-'. Figures for 2014/15 and 2015/16 were previously provided however they are no longer comparable due to changes in recording practice."
Domestic Abuse Recorded by the Police: Number of Crimes & Offences and Rates,Scottish Government,https://data.gov.scot/dataset/domestic_abuse_recorded_by_the_police_number_of_crimes_offences_and_rates,https://api.data.gov.scot/resource/1bd94354-00f1-4c8e-ae97-d308e01e4694/download,landing/4bc74c59-14db-4df9-9695-bdd38f39101c/DA_recorded_crimes_offences.csv,2026-08-24T10:24:04.135010,2026-08-24T14:28:28.892593,0,B,CSV,,,,UK Open Government Licence (OGL),"Official Statistics on the number of domestic abuse aggravated crimes and offences, recorded by Police Scotland. The full publication is available on the [Scottish Government website](https://www.gov.scot/collections/domestic-abuse-in-scotland-statistics/).  This data covers crimes and offences recorded over 12 months between 1 April to 31 March, for 2024-25.  Statistics provided here present the number of domestic abuse aggravated crimes and offences recorded by the police and rates per 10,000 population. The rates of crimes and offences per 10,000 population are also presented at a Local Authority level.  Domestic abuse recorded by the police does not reveal the incidence of all domestic abuse committed in Scotland, as not all incidents are reported to the police.  The definition of domestic abuse used by Police Scotland is: ‘Any form of physical, verbal, sexual, psychological or financial abuse which might amount to criminal conduct and which takes place within the context of a relationship. The relationship will be between partners (married, cohabiting, civil partnership or otherwise) or ex-partners. The abuse can be committed in the home or elsewhere including online’.  Contraventions of Scottish criminal law are divided into crimes and offences. The term “crime"" is generally used for the more serious criminal acts and the less serious are termed ""offences"". The distinction is made only for statistical reporting purposes and does not influence the way the police investigate reports of criminal activity. The seriousness of the offence is generally related to the maximum sentence that can be imposed and does not relate to the impact on the individual experiencing the incident.  From 2024-25, domestic abuse aggravated crimes and offences are now recorded on Police Scotland’s new crime management system (UNIFI), instead of the iVPD. Given this, it is no longer possible to report on the proportion of domestic abuse incidents that involved a crime or offence. Furthermore, it is not possible to provide a like-for-like comparison with previous years."
Domestic Abuse Recorded by the Police: Number of Incidents and Rates,Scottish Government,https://data.gov.scot/dataset/domestic_abuse_recorded_by_the_police__number_of_incidents_and_rates,https://api.data.gov.scot/resource/ec4a195c-8904-4381-877a-9e0b35109fd2/download,domestic-abuse-recorded-by-the-police-number-of-incidents-and-rates.csv,2026-08-13T15:52:55.286179,2026-08-13T15:54:00.932227,0,B,CSV,,,,UK Open Government Licence (OGL),"Official Statistics on domestic abuse, based on incidents recorded by Police Scotland, which is not restricted to behaviour where criminal conduct has been identified and recorded. The full publication is available on the [Scottish Government website](https://www.gov.scot/collections/domestic-abuse-in-scotland-statistics/).<br/><br/>This data covers incidents recorded over 12 months between 1 April to 31 March, from 1999/00 to 2024/25.<br/><br/>Domestic abuse recorded by the police does not reveal the incidence of all domestic abuse committed in Scotland, as not all incidents are reported to the police.<br/><br/>The definition of domestic abuse used by Police Scotland is: 'Any form of physical, verbal, sexual, psychological or financial abuse which might amount to criminal conduct and which takes place within the context of a relationship. The relationship will be between partners (married, cohabiting, civil partnership or otherwise) or ex-partners. The abuse can be committed in the home or elsewhere including online'.<br/><br/>Statistics provided here present the number of domestic abuse incidents recorded by the police and rates per 10,000 population. The rates of incidents per 10,000 population are also presented at a Local Authority level."
Domestic Energy Performance Certificates - Dataset to Q1 2026,Scottish Government,https://data.gov.scot/dataset/domestic_energy_performance_certificates___dataset_to_q1_2026,https://api.data.gov.scot/resource/5ebad3f5-c40e-4f80-b508-2c69712f0d25/download,Domestic EPC - Data to 2026 Q1.7z,2026-08-19T14:51:40.551910,2026-08-19T14:52:53.177749,0,B,7z,,,,UK Open Government Licence (OGL),"This Management Information dataset presents environmental data from every current Domestic EPC assessment held by the SEPCR from commencement of central lodgement of the current EPC format from  Q2 2016 to Q1 2026 (data extracted from source in May 2026). This dataset includes the full postal address of every property assessed, plus additional data not presented on the Energy Performance Certificate or Recommendations Report. The dataset is subject to two separate licences arrangements:<br/>*Address Data - Any use of address data (ADDRESS1, ADDRESS2, POSTTOWN & POSTCODE) which is not specified in Royal Mail's copyright notice below, or covered by one of the copyright exceptions (see further information within the download file), will require an appropriate licence. For further information, please visit [www.osg.scot](https://osg.scot/portal/).<br/><br/>*Non-Address Data - All data fields other than the address and postcode data (ADDRESS1, ADDRESS2, POSTTOWN & POSTCODE) included within this dataset are licensed under the Open Government Licence v3.0."
Domestic Energy Performance Certificates - Extended Historic Dataset to Q1 2026,Scottish Government,https://data.gov.scot/dataset/domestic_energy_performance_certificates___extended_historic_dataset_to_q1_2026,https://api.data.gov.scot/resource/b7bc304c-debb-4365-9a86-1c8cb82cc60d/download,EPC Data - Q1 2026 Extract - EPD Extended Historic Data Publication Note - Domestic Buildings.7z,2026-08-19T14:58:52.910520,2026-08-19T15:00:13.470446,0,B,7z,,,,UK Open Government Licence (OGL),"This Management Information dataset presents environmental data from every current Domestic EPC assessment held by the SEPCR from commencement of central lodgement of the current EPC format from its beginning to Q1 2026 (data extracted from source in May 2025). This dataset includes the full postal address of every property assessed, plus additional data not presented on the Energy Performance Certificate or Recommendations Report. The dataset is subject to two separate licences arrangements:<br/><br/>* Address Data - Any use of address data (ADDRESS1, ADDRESS2, POSTTOWN & POSTCODE) which is not specified in Royal Mail's copyright notice below, or covered by one of the copyright exceptions (see further information within the download file), will require an appropriate licence. For further information, please visit [www.osg.scot](https://osg.scot/portal/).<br/><br/>* Non-Address Data - All data fields other than the address and postcode data (ADDRESS1, ADDRESS2, POSTTOWN & POSTCODE) included within this dataset are licensed under the Open Government Licence v3.0."
Drinking behaviour among young people (SALSUS),Scottish Government,https://data.gov.scot/dataset/drinking_behaviour_among_young_people__salsus_,https://api.data.gov.scot/resource/f9e6baa8-d156-42f1-8487-776cecfa4902/download,drinking-behaviour-among-young-people-salsus.csv,2026-08-13T10:48:24.056672,2026-08-13T10:49:38.655201,0,B,CSV,,,,UK Open Government Licence (OGL),"The Scottish Schools Adolescent Lifestyle and Substance Use Survey (SALSUS) is a continuation of a long established series of national surveys on smoking, drinking and drug use. These were carried out jointly in Scotland and England between 1982 and 2000, to provide a national picture of young peoples' smoking (from 1982), drinking (from 1990), and drug use (from 1998) behaviours within the context of other lifestyle, health and social factors. Since 2002, Scotland has developed its own, more tailored survey, known as SALSUS. SALSUS is a self-completion survey of 13 and 15 year olds administered in school by teachers in a mixed ability class, under exam conditions. The 2018 survey was the last SALSUS in its existing format. For more information, including the technical details visit the [Scottish Government](https://www.gov.scot/collections/scottish-schools-adolescent-lifestyle-and-substance-use-survey-salsus/) website."
Drinking behaviour and emotional and behavioural problems (SALSUS),Scottish Government,https://data.gov.scot/dataset/drinking_behaviour_and_emotional_and_behavioural_problems__salsus_,https://api.data.gov.scot/resource/e70ab631-0abe-4b6e-9ad5-8bf7cb1d491e/download,drinking-behaviour-and-emotional-and-behavioural-problems-salsus.csv,2026-08-13T08:29:59.120279,2026-08-13T08:30:56.968596,0,B,CSV,,,,UK Open Government Licence (OGL),"The Scottish Schools Adolescent Lifestyle and Substance Use Survey (SALSUS) is a continuation of a long established series of national surveys on smoking, drinking and drug use. These were carried out jointly in Scotland and England between 1982 and 2000, to provide a national picture of young peoples' smoking (from 1982), drinking (from 1990), and drug use (from 1998) behaviours within the context of other lifestyle, health and social factors. Since 2002, Scotland has developed its own, more tailored survey, known as SALSUS. SALSUS is a self-completion survey of 13 and 15 year olds administered in school by teachers in a mixed ability class, under exam conditions. The 2018 survey was the last SALSUS in its existing format. For more information, including the technical details visit the [Scottish Government](https://www.gov.scot/collections/scottish-schools-adolescent-lifestyle-and-substance-use-survey-salsus/) website. <br/><br/><br/>*Emotional and Behavioural Problems*<br/><br/>The 'Strengths and Difficulties Questionnaire' (SDQ) was designed by Robert Goodman (1997) and is widely used by researchers, clinicians and education professionals. This measure of emotional and behavioural problems has been included in SALSUS since 2006. The questionnaire comprises 25 items that are grouped into 5 scales, with each scale including 5 questions. The scales are:<br/><br/>\u2022         emotional symptoms (5 items)<br/><br/>\u2022         conduct problems (5 items)<br/><br/>\u2022         hyperactivity/inattention (5 items)<br/><br/>\u2022         peer relationship problems (5 items)<br/><br/>\u2022         pro-social behaviour (5 items)<br/><br/>Overall scores were calculated for each of the five scales by summing the scores for all items within each scale. Total difficulties scores were also calculated as an overall measure of emotional and behavioural problems by summing the scores for emotional problems, conduct problems, hyperactivity and peer problems, but excluding scores for pro-social behaviour. <br/>"
Drug Related Hospital Discharge,Public Health Scotland,https://data.gov.scot/dataset/drug_related_hospital_discharge,https://api.data.gov.scot/resource/ad0db7c1-3a9c-4037-bebf-cca6cd381c3a/download,drug-related-discharge.csv,2026-08-13T08:53:33.494633,2026-08-20T17:35:58.134285,0,B,CSV,,,,UK Open Government Licence (OGL),"Note: This dataset will not be receiving updates through this portal on an indefinite basis. Please refer to the [Public Health Scotland Open Data](https://www.opendata.nhs.scot/dataset/drug-related-hospital-statistics-scotland) platform for the relevant data. <br/><br/>Number and EASR of hospital stays related to a drug misuse diagnosis. Hospital activity is data routinely drawn from hospital administrative systems across all NHS hospitals in Scotland. These data contain statistics derived from General Acute Inpatient / Day cases Records (Scottish Morbidity Records 01 or SMR01 database), which includes all inpatient and day cases discharged from acute medical specialties (all specialties other than mental health, maternity, neonatal and geriatric long stay specialties), and where drug misuse was mentioned in the records at some point during the patients' hospital stay. <br/><br/>For the Drug-Related Hospital Statistics publications please visit the [NSS ISD](http://www.isdscotland.org/Health-Topics/Drugs-and-Alcohol-Misuse/Publications/) website.<br/>"
Drug use behaviour among young people (SALSUS),Scottish Government,https://data.gov.scot/dataset/drug_use_behaviour_among_young_people__salsus_,https://api.data.gov.scot/resource/4d682cfc-77ed-4487-bf23-3613e6279379/download,drug-use-behaviour-among-young-people-salsus.csv,2026-08-13T10:40:24.358341,2026-08-13T10:41:33.554432,0,B,CSV,,,,UK Open Government Licence (OGL),"The Scottish Schools Adolescent Lifestyle and Substance Use Survey (SALSUS) is a continuation of a long established series of national surveys on smoking, drinking and drug use. These were carried out jointly in Scotland and England between 1982 and 2000, to provide a national picture of young peoples' smoking (from 1982), drinking (from 1990), and drug use (from 1998) behaviours within the context of other lifestyle, health and social factors. Since 2002, Scotland has developed its own, more tailored survey, known as SALSUS. SALSUS is a self-completion survey of 13 and 15 year olds administered in school by teachers in a mixed ability class, under exam conditions. The 2018 survey was the last SALSUS in its existing format. For more information, including the technical details visit the [Scottish Government](https://www.gov.scot/collections/scottish-schools-adolescent-lifestyle-and-substance-use-survey-salsus/) website."
Drug use behaviour and deprivation (SALSUS),Scottish Government,https://data.gov.scot/dataset/drug_use_behaviour_and_deprivation__salsus_,https://api.data.gov.scot/resource/303b3d42-8245-43df-aee0-6bcfb614b7ed/download,drug-use-behaviour-and-deprivation-salsus.csv,2026-08-13T08:53:27.225183,2026-08-13T08:54:45.903508,0,B,CSV,,,,UK Open Government Licence (OGL),"The Scottish Schools Adolescent Lifestyle and Substance Use Survey (SALSUS) is a continuation of a long established series of national surveys on smoking, drinking and drug use. These were carried out jointly in Scotland and England between 1982 and 2000, to provide a national picture of young peoples' smoking (from 1982), drinking (from 1990), and drug use (from 1998) behaviours within the context of other lifestyle, health and social factors. Since 2002, Scotland has developed its own, more tailored survey, known as SALSUS. SALSUS is a self-completion survey of 13 and 15 year olds administered in school by teachers in a mixed ability class, under exam conditions. The 2018 survey was the last SALSUS in its existing format. For more information, including the technical details visit [our website](https://www.gov.scot/collections/scottish-schools-adolescent-lifestyle-and-substance-use-survey-salsus/).<br/><br/>*Deprivation*<br/><br/>The Scottish Index of Multiple Deprivation (SIMD) identifies small area concentrations of multiple deprivation across all of Scotland in a consistent way. It allows effective targeting of policies and funding where the aim is to wholly or partly tackle or take account of area concentrations of multiple deprivation.<br/><br/>SIMD ranks small areas (called data zones) from most deprived (ranked 1) to least deprived (ranked 6,976). People using SIMD will often focus on the data zones below a certain rank, for example, the 5%, 10%, 15% or 20% most deprived data zones in Scotland. In this instance the datazones have been split into quintiles with SIMD quintile 1 representing the most deprived areas and SIMD quintile 5 representing the least deprived areas.<br/>"
Dwelling Disrepair (Scottish House Condition Survey),Scottish Government,https://data.gov.scot/dataset/dwelling_disrepair__scottish_house_condition_survey_,https://api.data.gov.scot/resource/051710c4-cc37-44fb-b8b1-e628bffa6629/download,dwelling-disrepair-scottish-house-condition-survey.csv,2026-08-13T12:31:59.673770,2026-08-13T12:33:16.523990,0,B,CSV,,,,UK Open Government Licence (OGL),"Statistics presented here are based on the Scottish House Condition Survey (SHCS), an annual national survey of Scotland's housing stock, which forms part of the [Scottish Household Survey (SHS)](http://www.gov.scot/Topics/Statistics/16002). <br/> <br/>The annual [SHCS Key Findings](http://www.gov.scot/Topics/Statistics/SHCS/Downloads) report presents the latest national data for key measures of energy efficiency, fuel poverty, energy perceptions and housing quality. The local authority breakdowns provide key indicators at local authority level relating to different household and dwelling types. However  three years of data are combined to mitigate the smaller sample sizes involved when analysing sub-national geographies. Therefore, it is important to be aware that for these aggregate time periods:<br/><br/>1. The three year average national rates will not match those for single years (also found in the main Key Findings reports). <br/><br/>2. Each three year average is a snapshot in time, and because of overlapping years, consecutive releases should not be used  to quantify changes in time.<br/><br/>3. Notwithstanding the aggregation of three years of data, smaller base sub-samples mean that confidence intervals for different geographies, household and dwelling types will  be larger than those reported in the annual Key Findings report. <br/> <br/><br/>The SHCS quantifies disrepair for a wide range of building elements. The type of disrepair is categorised into four broad classifications:<br/><br/>1. Any (or Basic) disrepair: This is the minimum threshold of disrepair measured in the SHCS and relates to any damage where a building element requires some repair beyond routine maintenance. It is the most comprehensive category covering all types of disrepair, however minor, and encompasses all other types of disrepair <br/><br/>2. Extensive disrepair: To be described as extensive, the damage must cover at least a fifth (20%) or more of the building element area. This category is different from the severity of damage as described by the next two categories, urgent and critical, and can be applied to any of the other 3 categories of disrepair.<br/><br/>3. Urgent disrepair: This relates to cases requiring immediate repair to prevent further damage or health and safety risk to occupants. Urgency of disrepair is only assessed for external and common elements.<br/><br/>4. Critical element disrepair: This refers to disrepair to building elements central to weather-tightness, structural stability and preventing deterioration of the property. These elements are listed in [section 7.8.7.3 of the 2016 Key Findings Report]( http://www.gov.scot/Publications/2017/12/5401/348231). There is some overlap in the building elements assessed under this category and those assessed for urgent disrepair. Not all disrepair to critical elements is necessarily considered urgent by the surveyor.<br/><br/><br/><br/><br/> <br/><br/>Where a table shows missing values, the data has either been suppressed on disclosure control grounds, or because there were no sampled cases.<br/>"
Dwellings by Council Tax Band Detailed (Current Geographic Boundaries),National Records of Scotland,https://data.gov.scot/dataset/dwellings_by_council_tax_band_detailed__current_geographic_boundaries_,https://api.data.gov.scot/resource/4d9bb2ae-c0fb-4013-8013-32d36285e67f/download,Dwellings by Council Tax Band Detailed.zip,2026-08-20T09:39:19.159961,2026-08-20T09:40:38.699535,0,B,ZIP,,,,UK Open Government Licence (OGL),"This dataset contains information on the number ('count') of dwellings in each 2011 Data Zone and the numbers that are in each Council Tax band. Numbers of dwellings at higher geographies are aggregated  from 2011 Data Zones. <br/><br/>Data for 2024 is provided at 2022 Data Zone level. <br/><br/>[Dwellings by Council Tax Band based on 2001 Data Zones](http://statistics.gov.scot/data/dwellings-by-council-tax-band-historical-geographic-boundaries) are also available, but are no longer updated.<br/><br/>Data zones are the small area geography used by Scottish Government to allow statistics to be available across a number of policy areas. <br/>The Data Zone geography covers the whole of Scotland. Data zones were initially set up to nest within council area boundaries and to have a population of between 500 and 1,000 household residents. <br/>As much as possible, Data Zones were set up to contain households with similar social characteristics and to take into consideration physical boundaries. <br/>More information on Data Zone geography can be found on the [Scottish Government website](https://www.gov.scot/collections/small-area-statistics/).<br/><br/>Following the 2011 Census the Scottish Government completed a consultation on the redrawing of Data Zone boundary and the finalised new Data Zones (2011 Data Zones) were published at the end of 2014.  <br/><br/>Following the 2022 Census the Scottish Government completed a consultation on the redrawing of Data Zone boundary and the finalised new Data Zones (2022 Data Zones) were published at the end of 2024.  <br/><br/> <br/>Data on Council Tax band is obtained from the Assessors' Portal in December each year, or the following January. The Assessors are, amongst other things, responsible for valuing each dwelling in Scotland for the purposes of assigning it to a Council Tax Band.  <br/><br/>This data is also available by classes of Ctax band as [Dwellings by Council Tax Band Summary (Current Geographic Boundaries)](http://statistics.gov.scot/data/dwellings-by-council-tax-band-summary-current-geographic-boundaries).  <br/>These breakdowns are available for Scotland and its council areas, as well as for 2011 Data Zones and other geographies. <br/><br/>The estimated total number of dwellings in this dataset differs from those in the [â€˜Household Estimates'](https://statistics.gov.scot/resource?uri=http%3A%2F%2Fstatistics.gov.scot%2Fdata%2Fhousehold-estimates) dataset as the latter are extracted from a different source (Council Tax systems), at a different time of year (September). <br/><br/>*Total Dwellings*<br/><br/>This is the total number of dwellings on the Council Tax valuation list (excluding free-standing private lock-ups and garages). A 'dwelling' refers to the accommodation itself, for example a house or a flat, and includes second homes that are not let out commercially. Caravans count as dwellings if they are someone's main home.<br/><br/>*Council Tax Band* <br/><br/>Each dwelling is placed in one of eight [Council Tax bands](https://www.saa.gov.uk/council-tax/council-tax-bands/) (A to H), with dwellings in band H being the most expensive. The Council Tax band reflects the Assessor's opinion of open market value, subject to a number of statutory assumptions. Assessors base their opinion of value on the actual selling prices of similar properties which sold around the valuation date of 1 April 1991.<br/><br/>Summary statistics for National Parks,  urban-rural classifications and Scottish Index of Multiple Deprivation deciles are published annually in 'Estimates of Households and Dwellings in Scotland', which is available on the [National Records of Scotland (NRS) website](https://www.nrscotland.gov.uk/publications/household-and-dwelling-estimates-other-geographies-2024/).<br/>"
Dwellings by Council Tax Band (Historical Geographic Boundaries),National Records of Scotland,https://data.gov.scot/dataset/dwellings_by_council_tax_band__historical_geographic_boundaries_,https://api.data.gov.scot/resource/90adf622-11a6-4b2f-ab21-00ceebd9a801/download,dwellings-by-council-tax-band-historical-geographic-boundaries.csv,2026-08-20T15:33:01.172365,2026-08-20T15:38:20.048167,0,B,CSV,,,,UK Open Government Licence (OGL),"This dataset contains information on the number ('count') of dwellings in each Data Zone and the numbers that are in each Council Tax band. Numbers of dwellings at higher geographies are aggregated  from 2001 Data Zones.  <br/> <br/>[Dwellings by Council Tax Band for 2011 Data Zones](http://statistics.gov.scot/data/dwellings-by-council-tax-band-summary-current-geographic-boundaries) are available. <br/> <br/>Data zones are the small area geography used by Scottish Government to allow statistics to be available across a number of policy areas.  <br/>The Data Zone geography covers the whole of Scotland.  <br/>Data zones were initially set up to nest within council area boundaries and to have a population of between 500 and 1,000 household residents.  <br/>As much as possible, Data Zones were set up to contain households with similar social characteristics and to take into consideration physical boundaries.  <br/>More information on Data Zone geography can be found on the [Scottish Government website](https://www.gov.scot/collections/small-area-statistics/). <br/> <br/>Data on Council Tax band is obtained from the Assessors' Portal in December each year, or the following January. The Assessors are, amongst other things, responsible for valuing each dwelling in Scotland for the purposes of assigning it to a Council Tax Band.  <br/> <br/>The estimated total number of dwellings in this dataset differs from those in the ['Household Estimates'](https://statistics.gov.scot/resource?uri=http%3A%2F%2Fstatistics.gov.scot%2Fdata%2Fhousehold-estimates) dataset as the latter are extracted from a different source (Council Tax systems), at a different time of year (September). <br/> <br/>*Total Dwellings* <br/> <br/>This is the total number of dwellings on the Council Tax valuation list (excluding free-standing private lock-ups and garages).  <br/>A 'dwelling' refers to the accommodation itself, for example a house or a flat, and includes second homes that are not let out commercially. Caravans count as dwellings if they are someone's main home. <br/> <br/>*Council Tax Band*  <br/> <br/>Each dwelling is placed in one of eight [Council Tax bands](https://www.saa.gov.uk/council-tax/council-tax-bands/) (A to H), with dwellings in band H being the most expensive. The Council Tax band reflects the Assessor's opinion of open market value, subject to a number of statutory assumptions. Assessors base their opinion of value on the actual selling prices of similar properties which sold around the valuation date of 1 April 1991. <br/> <br/>Summary statistics for National Parks, urban-rural classifications and Scottish Index of Multiple Deprivation deciles are published annually in 'Estimates of Households and Dwellings in Scotland', which is available on the [National Records of Scotland (NRS) website](https://www.nrscotland.gov.uk/statistics-and-data/statistics/statistics-by-theme/households/household-estimates)."
Dwellings by Council Tax Band Summary (2022 Data Zones),National Records of Scotland,https://data.gov.scot/dataset/dwellings_by_council_tax_band_summary__2022_data_zones_,https://api.data.gov.scot/resource/e9d042a7-2244-498d-9ddf-da61ba9ccede/download,dwellings-by-council-tax-band-summary-2022-data-zones.csv,2026-08-20T15:33:08.642139,2026-08-20T15:34:53.917775,0,B,CSV,,,,UK Open Government Licence (OGL),"This dataset contains information on the number ('count') of dwellings in each Data Zone and the numbers that are in each Council Tax band class. Numbers of dwellings at higher geographies are aggregated  from 2022 Data Zones. <br/><br/>[Dwellings by Council Tax Band based on 2001 Data Zones ](http://statistics.gov.scot/data/dwellings-by-council-tax-band-historical-geographic-boundaries) are also available, but are no longer updated.<br/><br/>[Dwellings by Council Tax Band based on 2011 Data Zones ](http://statistics.gov.scot/data/dwellings-by-council-tax-band-summary-current-geographic-boundaries) are also available.<br/><br/>Data zones are the small area geography used by Scottish Government to allow statistics to be available across a number of policy areas.  <br/>The Data Zone geography covers the whole of Scotland. Data zones were initially set up to nest within council area boundaries and to have a population of between 500 and 1,000 household residents.  <br/>As much as possible, Data Zones were set up to contain households with similar social characteristics and to take into consideration physical boundaries.  <br/>More information on Data Zone geography can be found on the [Scottish Government website](https://www.gov.scot/collections/small-area-statistics/).<br/>Following the 2022 Census the Scottish Government completed a consultation on the redrawing of Data Zone boundary and the finalised new Data Zones (2022 Data Zones) were published in 2024.  <br/> <br/>Data on Council Tax band is obtained from the Assessors' Portal in December each year, or the following January. The Assessors are, amongst other things, responsible for valuing each dwelling in Scotland for the purposes of assigning it to a Council Tax Band.  <br/><br/>This data is also available by [single Council Tax band](http://statistics.gov.scot/data/dwellings-by-council-tax-band-detailed-current-geographic-boundaries) as a downloadable file and on the [NRS website](https://www.nrscotland.gov.uk/publications/small-area-statistics-on-households-and-dwellings-2024/#). These breakdowns are available for Scotland and its council areas, as well as for 2022 data zones and other geographies.<br/><br/>The estimated total number of dwellings in this dataset differs from those in the ['Household Estimates'](https://statistics.gov.scot/resource?uri=http%3A%2F%2Fstatistics.gov.scot%2Fdata%2Fhousehold-estimates) dataset as the latter are extracted from a different source (Council Tax systems), at a different time of year (September).<br/><br/>*Total Dwellings*<br/><br/>This is the total number of dwellings on the Council Tax valuation list (excluding free-standing private lock-ups and garages). <br/>A 'dwelling' refers to the accommodation itself, for example a house or a flat, and includes second homes that are not let out commercially. Caravans count as dwellings if they are someone's main home.<br/><br/>*Council Tax Band* <br/><br/>Each dwelling is placed in one of eight [Council Tax bands](https://www.saa.gov.uk/council-tax/council-tax-bands/) (A to H), with dwellings in band H being the most expensive. The Council Tax band reflects the Assessor's opinion of open market value, subject to a number of statutory assumptions. Assessors base their opinion of value on the actual selling prices of similar properties which sold around the valuation date of 1 April 1991.<br/>Dwellings in the single Council Tax Bands are then aggregated in the following classes:<br/>*Band A-C*<br/>*Band D-E*<br/>*Band F-H*<br/><br/>Summary statistics for National Parks, urban-rural classifications and Scottish Index of Multiple Deprivation deciles are published annually in 'Estimates of Households and Dwellings in Scotland', which is available on the [National Records of Scotland (NRS) website](https://www.nrscotland.gov.uk/publications/household-and-dwelling-estimates-other-geographies-2024/).<br/>"
Dwellings by Council Tax Band Summary (Current Geographic Boundaries),National Records of Scotland,https://data.gov.scot/dataset/dwellings_by_council_tax_band_summary__current_geographic_boundaries_,https://api.data.gov.scot/resource/aa8f7e2b-5507-4a2f-aaa2-14535d5b20b4/download,dwellings-by-council-tax-band-summary-current-geographic-boundaries.csv,2026-08-20T15:33:15.618534,2026-08-20T15:40:00.349364,0,B,CSV,,,,UK Open Government Licence (OGL),"This dataset contains information on the number ('count') of dwellings in each Data Zone and the numbers that are in each Council Tax band class. Numbers of dwellings at higher geographies are aggregated  from 2011 Data Zones. <br/><br/>[Dwellings by Council Tax Band based on 2001 Data Zones](http://statistics.gov.scot/data/dwellings-by-council-tax-band-historical-geographic-boundaries) are also available, but are no longer updated.<br/><br/>Data zones are the small area geography used by Scottish Government to allow statistics to be available across a number of policy areas.  <br/>The Data Zone geography covers the whole of Scotland. Data zones were initially set up to nest within council area boundaries and to have a population of between 500 and 1,000 household residents.  <br/>As much as possible, Data Zones were set up to contain households with similar social characteristics and to take into consideration physical boundaries.  <br/>More information on Data Zone geography can be found on the [Scottish Government website](https://www.gov.scot/collections/small-area-statistics/).<br/><br/>Following the 2011 Census the Scottish Government completed a consultation on the redrawing of Data Zone boundary and the finalised new Data Zones (2011 Data Zones) were published at the end of 2014.  <br/> <br/>Data on Council Tax band is obtained from the Assessors' Portal in December each year, or the following January. The Assessors are, amongst other things, responsible for valuing each dwelling in Scotland for the purposes of assigning it to a Council Tax Band.  <br/><br/>This data is also available by [single Council Tax band](http://statistics.gov.scot/data/dwellings-by-council-tax-band-detailed-current-geographic-boundaries) as a downloadable file and on the [NRS website]( https://www.nrscotland.gov.uk/statistics-and-data/statistics/statistics-by-theme/households/household-estimates/). These breakdowns are available for Scotland and its council areas, as well as for 2011 data zones and other geographies.<br/><br/>The estimated total number of dwellings in this dataset differs from those in the ['Household Estimates'](https://statistics.gov.scot/resource?uri=http%3A%2F%2Fstatistics.gov.scot%2Fdata%2Fhousehold-estimates) dataset as the latter are extracted from a different source (Council Tax systems), at a different time of year (September).<br/><br/>*Total Dwellings*<br/><br/>This is the total number of dwellings on the Council Tax valuation list (excluding free-standing private lock-ups and garages). <br/>A 'dwelling' refers to the accommodation itself, for example a house or a flat, and includes second homes that are not let out commercially. Caravans count as dwellings if they are someone's main home.<br/><br/>*Council Tax Band* <br/><br/>Each dwelling is placed in one of eight [Council Tax bands](https://www.saa.gov.uk/council-tax/council-tax-bands/) (A to H), with dwellings in band H being the most expensive. The Council Tax band reflects the Assessor's opinion of open market value, subject to a number of statutory assumptions. Assessors base their opinion of value on the actual selling prices of similar properties which sold around the valuation date of 1 April 1991.<br/>Dwellings in the single Council Tax Bands are then aggregated in the following classes:<br/><br/>* Band A-C<br/>* Band D-E<br/>* Band F-H<br/><br/>Summary statistics for National Parks, urban-rural classifications and Scottish Index of Multiple Deprivation deciles are published annually in 'Estimates of Households and Dwellings in Scotland', which is available on the [National Records of Scotland (NRS) website](https://www.nrscotland.gov.uk/statistics-and-data/statistics/statistics-by-theme/households/household-estimates)."
Dwellings by Number of Rooms,National Records of Scotland,https://data.gov.scot/dataset/dwellings_by_number_of_rooms,https://api.data.gov.scot/resource/696d559f-19a1-42c7-9f82-7563607b68ff/download,dwellings-rooms.csv,2026-08-20T15:33:32.529519,2026-08-20T15:44:41.436099,0,B,CSV,,,,UK Open Government Licence (OGL),"Data for 2018 on number of rooms are not currently available.<br/>This dataset contains information on the number ('count') of dwellings in each data zone split by the number of rooms in the dwelling. The number of dwellings with an unknown number of rooms in each data zone is also given. Numbers of dwellings at higher geographies are aggregated from these data zone estimates. Data on number of rooms is obtained from the Assessors' Portal in December each year, or the following January. The Assessors are, amongst other things, responsible for valuing each dwelling in Scotland for the purposes of assigning it to a Council Tax Band. The estimated total number of dwellings in this dataset differ from those in the 'Household Estimates' dataset as these are extracted from a different source (Council Tax systems) at a different time of year (September).<br/><br/>*Dwellings*<br/><br/>A 'dwelling' refers to the accommodation itself, for example a house or a flat, and includes second homes that are not let out commercially. Caravans count as dwellings if they are someone's main home.<br/><br/>*Number of rooms*<br/><br/>This is defined as the number of habitable rooms (usually bedrooms and living rooms). This is different to the census definition, which includes kitchens. There may be some differences between different Assessors' areas in the way in which this information is recorded. For example, differences could arise in the treatment of open plan areas, dining rooms, kitchens and kitchenettes. Assessors are only able to reflect physical changes and alterations to dwellings once they have been sold and a reconsideration of the banding has taken place therefore this information may not always represent the most up-to-date position. <br/>Summary statistics for National Parks, Strategic Development Plan areas, urban-rural classifications and Scottish Index of Multiple Deprivation deciles are published annually in 'Estimates of Households and Dwellings in Scotland', which is available on the [National Records of Scotland (NRS) website](http://www.nrscotland.gov.uk/statistics-and-data/statistics/statistics-by-theme/households/household-estimates)."
Dwellings by Type,National Records of Scotland,https://data.gov.scot/dataset/dwellings_by_type,https://api.data.gov.scot/resource/7ba9cb9b-2618-49ab-b26e-a43505781f8c/download,dwellings-type.csv,2026-08-20T15:53:37.659254,2026-08-20T15:57:41.258447,0,B,CSV,,,,UK Open Government Licence (OGL),"Data for 2018 on type of dwellings are not currently available. This dataset contains information on the number ('count') of dwellings in each data zone, split by the attachment type of dwelling (detached, terraced, flats, etc.). Numbers of dwellings at higher geographies are aggregated from these data zone estimates. <br/><br/>Data on type of dwelling is obtained from the Assessors' Portal in December each year, or the following January. The Assessors are, amongst other things, responsible for valuing each dwelling in Scotland for the purposes of assigning it to a Council Tax Band. <br/><br/>The estimated total number of dwellings in this dataset differ from those in the 'Household Estimates' dataset as these are extracted from a different source (Council Tax systems) at a different time of year (September).<br/><br/>*All*<br/><br/>This is the total number of dwellings on the Council Tax valuation list (excluding free-standing private lock-ups and garages). A 'dwelling' refers to the accommodation itself, for example a house or a flat, and includes second homes that are not let out commercially. Caravans count as dwellings if they are someone's main home.<br/><br/>*Type of Dwelling*<br/><br/>This information is based on 'attachment' - i.e. the type of property in relation to its degree of attachment to surrounding properties. This information has been aggregated into five categories: Detached; Semi-detached; Terraced; Flat, maisonette or apartment; and Not known. In some areas, this information is not available via the Assessors' Portal for every dwelling.<br/><br/>Summary statistics for National Parks, Strategic Development Plan areas, urban-rural classifications and Scottish Index of Multiple Deprivation deciles are published annually in 'Estimates of Households and Dwellings in Scotland', which is available on the National Records of Scotland [(NRS) website](https://www.nrscotland.gov.uk/statistics-and-data/statistics/statistics-by-theme/households/household-estimates)."
Dwellings In Flood Risk Areas,Scottish Government,https://data.gov.scot/dataset/dwellings_in_flood_risk_areas,https://api.data.gov.scot/resource/530ad77d-1d03-4154-808e-99e87295cafe/download,dwellings-in-flood-risk-areas.csv,2026-08-20T15:33:24.246935,2026-08-20T15:39:54.651070,0,B,CSV,,,,UK Open Government Licence (OGL),"This indicator estimates the percentage of dwellings that are located within the 1/200 fluvial flood risk area. It provides an indication of the percentage of dwellings that lie within areas with a 0.5% or greater probability of being flooded in any given year. All figures should be treated as indicative, not definitive, as they are based upon the SEPA Indicative Flood Map. Flood prevention schemes have also been taken into account whilst estimating the probability of flood risk. <br/><br/>There are 12 flood prevention schemes in Scotland, however flood outlines for Moredun were not available and the area protected by the Perth flood prevention scheme has been determined from the original design reports as flood outlines were not available. <br/><br/>As detailed location is not available for all dwellings, the indicator makes use of the OS Address Layer 2 dataset (April 2006) which contains the set of postal delivery points and identifies those addresses that are dwellings. A postal delivery point is a house, dwelling or establishment which can be identified and to which mail can be addressed and posted. Some residential premises may fall outside the Royal Mails definition of a delivery point. A common example of this would be flats within a house, where the postal delivery person can only get to the house front door, in this case the house would be registered as a delivery point, not the individual flats. A postal delivery point is said to lie within a flood risk area if the grid reference point lies within the flood risk area. It is possible that for some dwellings, part of the dwelling may be located within the flood risk area, while the grid reference point lies outside these will not be included. It must be emphasised that this indicator is based upon postal delivery points, not properties. This is especially important when looking at areas which contain a high percentage of flats (as they may have a communal mail box and hence only a single postal delivery point). All postal delivery points identified as dwellings that are located in the 1/200 flood risk areas are included. No account is taken of whether the property is on the ground floor or the 20th floor as this information is not held on the dataset. <br/><br/>The datasets used in the analysis are: <br/><br/>* Scottish Environmental Protection Agency (SEPA) Indicative River ; Coastal Flood Map (Scotland) version 2 September 2006 [http://www.sepa.org.uk/flooding/mapping/pdf/technical_methodology_v2.pdf](http://www.sepa.org.uk/flooding/mapping/pdf/technical_methodology_v2.pdf). <br/>* Ordnance Survey (OS) Mastermap Address Layer 2 First Release April 2006 [http://www.ordnancesurvey.co.uk/oswebsite/products/osmastermap/layers/addresslayer2/detailedproductinfo/al2_tech_spec.pdf](http://www.ordnancesurvey.co.uk/oswebsite/products/osmastermap/layers/addresslayer2/detailedproductinfo/al2_tech_spec.pdf) . Only those residential properties classified as Dwellings Outlines of Scottish Flood Defence Schemes that provide protection for 1/200 annual chance of flooding, May 2007."
Dwellings Median Number Of Rooms,National Records of Scotland,https://data.gov.scot/dataset/dwellings_median_number_of_rooms,https://api.data.gov.scot/resource/593085cc-4534-49cf-81c2-d2b7d56a985f/download,dwellings-median-number-of-rooms.csv,2026-08-20T15:33:28.107111,2026-08-20T15:41:43.832036,0,B,CSV,,,,UK Open Government Licence (OGL),"This dataset contains information on the median number of rooms for dwellings for data zones, council areas and Scotland. Data on number of rooms is obtained from the Assessors' Portal in December each year, or the following January. The Assessors are, amongst other things, responsible for valuing each dwelling in Scotland for the purposes of assigning it to a Council Tax Band.<br/><br/>*Dwellings*<br/><br/>A 'dwelling' refers to the accommodation itself, for example a house or a flat, and includes second homes that are not let out commercially. Caravans count as dwellings if they are someone's main home.<br/><br/>*Number of rooms*<br/><br/>This is defined as the number of habitable rooms (usually bedrooms and living rooms). This is different to the census definition, which includes kitchens. There may be some differences between different Assessors' areas in the way in which this information is recorded. For example, differences could arise in the treatment of open plan areas, dining rooms, kitchens and kitchenettes. Assessors are only able to reflect physical changes and alterations to dwellings once they have been sold and a reconsideration of the banding has taken place therefore this information may not always represent the most up-to-date position. Summary statistics for National Parks, Strategic Development Plan areas, urban-rural classifications and Scottish Index of Multiple Deprivation deciles are published annually in 'Estimates of Households and Dwellings in Scotland', which is available on the [National Records of Scotland (NRS) website](https://www.nrscotland.gov.uk/statistics-and-data/statistics/statistics-by-theme/households/household-estimates).<br/>"
Dwellings per Hectare,National Records of Scotland,https://data.gov.scot/dataset/dwellings_per_hectare,https://api.data.gov.scot/resource/3467029a-3139-4f96-8a2a-7e7c586c0be9/download,dwellings-hectare.csv,2026-08-20T15:33:20.318938,2026-08-20T15:40:13.852155,0,B,CSV,,,,UK Open Government Licence (OGL),"This dataset contains information on the number of dwellings per hectare in each Data Zone, and higher geographies such as Council Areas. <br/><br/>A '*dwelling*' refers to accommodation such as a house or a flat, and includes second homes that are not let out commercially. Caravans count as dwellings if they are someone's main home. Data on number of dwellings is obtained from the Assessors' Portal in December each year, or the following January. The Assessors are, amongst other things, responsible for valuing each dwelling in Scotland for the purposes of assigning it to a Council Tax Band. <br/><br/>The estimated total number of dwellings used in this dataset differs from those in the 'Household Estimates' dataset as these are extracted from a different source (Council Tax systems) at a different time of year (September).<br/><br/>Dwellings per hectare is calculated by dividing the [total number of dwellings](https://statistics.gov.scot/data/dwellings-by-council-tax-band-summary-current-geographic-boundaries) by the area in hectares. <br/><br/>The areas in hectares of 2001 and 2011 Data Zones are produced by National Records of Scotland (NRS). The areas of higher geographies, such as Council Areas, are based on aggregating Data Zone data on a 'best fit' basis. This means that results for higher geographies such as Council Areas are estimates. Best-fit simply means that when Data Zones are aggregated and assigned to a higher geography, they do not fit exactly into the boundary of the higher geography; instead they form an approximation to the shape of the boundary of the higher geography. For the years 2003 to 2013, the areas of higher geographies have been calculated by aggregating 2001 Data Zones areas. For 2014 onwards, the areas of higher geographies have been aggregated from 2011 Data Zone areas. This means that the areas of higher geographies used to calculate dwellings per hectare are different before and after 2014, and therefore the estimates of dwellings per hectare before and after 2014 are not directly comparable.<br/><br/>Summary statistics for National Parks, Strategic Development Plan areas, urban-rural classifications and Scottish Index of Multiple Deprivation deciles are published annually in 'Estimates of Households and Dwellings in Scotland', which is available on the [National Records of Scotland (NRS) website](https://www.nrscotland.gov.uk/publications/household-and-dwelling-estimates-other-geographies-2024/)<br/>"
Early Learning and Childcare: Children Registered,Care Inspectorate,https://data.gov.scot/dataset/early_learning_and_childcare__children_registered,https://api.data.gov.scot/resource/0b3b36f6-634f-4b8d-a4d9-af66575f8fcd/download,early-learning-and-childcare-children-registered.csv,2026-08-13T13:17:40.372785,2026-08-13T13:18:56.864293,0,B,CSV,,,,UK Open Government Licence (OGL),"Number and rate of children registered with early learning and childcare services as at 31 December.<br/><br/>Creche services are not included in these totals. Children are counted once for each service they attend. All figures are rounded to the nearest 10 to express the uncertainty inherent in these estimates. For this reason, totals may not exactly equal the sum of their parts.<br/><br/>Full publication and supporting tables are available from the [Care Inspectorate website](http://www.careinspectorate.com/index.php/statistics-and-analysis#Childcare).<br/><br/>We have also created early learning and childcare local profiles based on this data to assist local authority planning for the expansion of early learning and childcare in Scotland.  These can be downloaded from the [Care Inspectorate website](http://www.careinspectorate.com/index.php/statistics-and-analysis/early-learning-and-childcare-profiles)."
Early Learning and Childcare: Services Registered,Care Inspectorate,https://data.gov.scot/dataset/early_learning_and_childcare__services_registered,https://api.data.gov.scot/resource/b2d3052c-e229-481a-a899-c638935e5eba/download,early-learning-and-childcare-services-registered.csv,2026-08-13T10:51:57.118031,2026-08-13T10:54:29.561221,0,B,CSV,,,,UK Open Government Licence (OGL),Number and rate of services registered to provide early learning and childcare.<br/><br/>Full publication and supporting tables are available [on the Care Inspectorate website](http://www.careinspectorate.com/index.php/statistics-and-analysis#Childcare).<br/><br/>We have also created early learning and childcare local profiles based on this data to assist local authority planning for the expansion of early learning and childcare in Scotland.  These can be downloaded [from the Care Inspectorate website](http://www.careinspectorate.com/index.php/statistics-and-analysis/early-learning-and-childcare-profiles).<br/>
Earnings,Scottish Government,https://data.gov.scot/dataset/earnings,https://api.data.gov.scot/resource/6881f093-2cee-4b37-8b3d-f4fbd1da2b72/download,earnings.csv,2026-08-13T12:41:53.143375,2026-08-13T12:43:01.538604,0,B,CSV,,,,UK Open Government Licence (OGL),"The median and mean gross weekly earnings (before deductions for Tax & National Insurance) of full-time employees on adult rates, whose pay for the survey period was not affected by absence. For 2020 data, this has been expanded to include those who were not furloughed under the Coronavirus Job Retention Scheme (CJRS) but had their pay affected by absence. The self-employed are excluded from this study. This information is obtained from the Annual Survey of Hours & Earnings (ASHE). This is an Office for National Statistics (ONS) publication.<br/>"
Economic Activity,Scottish Government,https://data.gov.scot/dataset/economic_activity,https://api.data.gov.scot/resource/645dd884-02a9-4cfc-b945-7b6527481609/download,economic-activity.csv,2026-08-13T13:10:56.215201,2026-08-13T13:12:16.896245,0,B,CSV,,,,UK Open Government Licence (OGL),"People are classed as economically active if they are either in employment or unemployed and seeking work. This group excludes those who want a job but who have not been seeking work in the last four weeks, those who want a job and are seeking work but not available to start and those who do not want a job. For example, students not working or seeking work and those in retirement are not counted as economically active. <br/><br/>The data used for this indicator is taken from the Annual Population Survey (APS). The APS was introduced in January 2004 and it has replaced the Annual Local Area Labour Force Survey. The APS combines results from the Labour Force Survey ( LFS) and the English, Welsh and Scottish Labour Force Survey boosts. The boosts increase the sample size which means the APS can provide more robust labour market estimates for local areas compared to the main LFS. Thus the APS is the primary source for information on local labour markets providing headline estimates on employment, unemployment and economic activity. The APS is the largest annual household survey in Scotland and provides a wealth of information about individuals' personal circumstances and their work. The LFS surveys individuals living at private households in the UK and is designed to be representative of the national population. <br/><br/>The Scottish Government funds the boost to the LFS sample in Scotland, taking the sample size from approximately 8,000 households for the each year to 23,000 households."
Economic Inactivity,Scottish Government,https://data.gov.scot/dataset/economic_inactivity,https://api.data.gov.scot/resource/b7036517-8fbe-40d7-850e-6ee7ab72e49d/download,economic-inactivity.csv,2026-08-13T12:51:19.436621,2026-08-13T12:52:34.647466,0,B,CSV,,,,UK Open Government Licence (OGL),"Economically inactive people are not in employment, but do not satisfy the internationally agreed definition of unemployment. This group covers people without a job who: want a job but have not been seeking work in the last four weeks; or want a job and are seeking work but not available to start work in the next two weeks; or do not want a job. Headline Inactivity levels and rates cover all workers aged 16-64 for both men and women. This excludes many people who would be inactive due to retirement. <br/><br/>The data used for this indicator is taken from the Annual Population Survey (APS). The APS was introduced in January 2004 and it has replaced the Annual Local Area Labour Force Survey. The APS combines results from the Labour Force Survey ( LFS) and the English, Welsh and Scottish Labour Force Survey boosts. The boosts increase the sample size which means the APS can provide more robust labour market estimates for local areas compared to the main LFS. Thus the APS is the primary source for information on local labour markets providing headline estimates on employment, unemployment and economic activity. The APS is the largest annual household survey in Scotland and provides a wealth of information about individuals' personal circumstances and their work. The LFS surveys individuals living at private households in the UK and is designed to be representative of the national population. <br/><br/>The Scottish Government funds the boost to the LFS sample in Scotland, taking the sample size from approximately 8,000 households for the each year to 23,000 households."
Educational attainment of school leavers,Scottish Government,https://data.gov.scot/dataset/educational_attainment_of_school_leavers,https://api.data.gov.scot/resource/700bf4bb-e6a2-4c9d-8b3b-60c0180d518d/download,educational-attainment-of-school-leavers.csv,2026-08-20T15:53:42.406955,2026-08-20T15:55:26.121349,0,B,CSV,,,,UK Open Government Licence (OGL),"The score presented in this dataset is a weighted average of the highest level of qualification achieved by school leavers, averaged across all leavers within a certain geographical area, over 3 academic years. The qualifications included are National Qualifications and Skills for Work, and the level refers to the SCQF level of the qualifications. The geographical areas considered are data zones and intermediate zones. The COVID-19 pandemic will have affected these statistics for some years. Please see the relevant text below.<br/><br/>The score is a weighted average. To calculate it, we first assign each school leaver an individual score, based on the highest level of qualification they achieved at grades C to A in National Qualifications or Skills for Work while at school. A school leaver who achieved a Level 3 qualification as their highest level of qualification while at school is given an individual score of three. A school leaver who achieved a Level 4 qualification as their highest level while at school is given a score of four. A school leaver who achieved a Level 5 qualification as their highest level while at school is given a score of five. A school leaver who achieved a Level 6 qualification as their highest level while at school is given a score of six. A school leaver who achieved a Level 7 qualification as their highest level while at school is given a score of seven. Where a school leaver's highest qualification was at a grade D, this is scored as being a qualification at the SCQF level below. For example, if a leaver's highest qualification was a grade D in an SCQF Level 6 qualification, we have scored this as though their highest qualification was an SCQF Level 5 qualification and given them a score of five. (This adjustment for grade D only applies to qualifications at SCQF levels 4 to 7). The individual scores are then added together for all the school leavers within a geographic area (a data zone or an intermediate zone), and the total score divided by the total number of school leavers in that area, to get the average score for the area. <br/><br/>This score considers National Qualifications and Skills for Work. Further information on these qualifications is available in the guide to National Qualifications from Qualifications Scotland (QS), formerly the Scottish Qualifications Authority (SQA), at: [https://www.sqa.org.uk/sqa/97077.html](https://www.sqa.org.uk/sqa/97077.html). The levels refer to the level of each qualification as defined by the Scottish Credit and Qualifications Framework (SCQF). For more information on SCQF Levels, see the QS's guide to SCQF levels, at: [https://www.sqa.org.uk/sqa/71387.html](https://www.sqa.org.uk/sqa/71387.html).<br/><br/>Please note that this score is based on the highest qualification each school leaver attained, not the number of qualifications they attained. For example, a pupil who leaves school with four Level 3 qualifications will score three, and a pupil leaving school with one Level 5 qualification will score five. <br/><br/>COVID-19 pandemic: these statistics will be affected by the COVID-19 pandemic, which led to changes in how qualifications were assessed in 2020 and 2021. In particular, the cancellation of exams and external assessment of coursework in 2020, and the use of the Alternative Certification Model in 2021, will have affected the attainment of many pupils in those years. It may also have affected some pupils' decisions on when to leave school, which affects the number of school leavers in any one year. Pupils' decisions on when to leave school may also have affected the highest level of qualification some of them achieved before leaving. These effects should be borne in mind when looking at changes in the data over time. Users should be careful about making comparisons between data for groups of years affected by COVID-19 (for example, 2017/18-2019/20, and 2018/19-2020/21), and groups of years before COVID-19 (for example, 2016/17-2018/19). For more information on the impact of COVID-19 on school leaver attainment, please see the 2021 and 2022 editions of the publication 'Summary Statistics for Attainment and Initial Leaver Destinations', which can be accessed from: [https://www.gov.scot/collections/school-education-statistics/](https://www.gov.scot/collections/school-education-statistics/).  <br/><br/>The data on National Qualifications and Skills for Work achieved by each school leaver are obtained by Scottish Government from QS, formerly the SQA, and are post-appeals data. These data are linked to the pupil information from the Scottish Government's school leavers dataset, using each pupil's Scottish Candidate Number. The school leavers dataset is based on information provided to the Scottish Government by Skills Development Scotland. For more information, please see the background notes to the publication 'Summary Statistics for Attainment and Initial Leaver Destinations', at: [https://www.gov.scot/publications/summary-statistics-for-attainment-and-initial-leaver-destinations-data-sources-and-methodology-2026/](https://www.gov.scot/publications/summary-statistics-for-attainment-and-initial-leaver-destinations-data-sources-and-methodology-2026/). <br/><br/>Data is based on an average of three years. The year relates to the academic year. For example, 2018/19 refers to August 2018 to June 2019. <br/><br/>The data includes all school leavers from publicly funded secondary schools and publicly funded special schools in Scotland. Data on leavers from independent schools is not included, as the Scottish Government does not collect it. <br/><br/>The weighted average scores are calculated for data zones, and for intermediate zones. Data zones are small geographical areas which typically contain between 500 and 1,000 household residents. Following the 2011 Census, there are 6,976 data zones in Scotland. For more information on data zones, see the Scottish Government webpage on data zone boundaries at:  [https://spatialdata.gov.scot/geonetwork/srv/eng/catalog.search#/metadata/7d3e8709-98fa-4d71-867c-d5c8293823f2](https://spatialdata.gov.scot/geonetwork/srv/eng/catalog.search#/metadata/7d3e8709-98fa-4d71-867c-d5c8293823f2). <br/>Intermediate zones are larger geographical areas which are made up of data zones. Intermediate zones typically contain between 2,500 and 6,000 household residents. Following the 2011 Census, there are 1,279 intermediate zones in Scotland. For more information on intermediate zones, see the Scottish Government webpage on intermediate zone boundaries at: [https://www.spatialdata.gov.scot/geonetwork/srv/api/records/389787c0-697d-4824-9ca9-9ce8cb79d6f5](https://www.spatialdata.gov.scot/geonetwork/srv/api/records/389787c0-697d-4824-9ca9-9ce8cb79d6f5).<br/>A pupil is assigned to a geographical area (data zone and intermediate zone) based on their home address. If their postcode is missing from our data set, their school's postcode is used. Information on a pupil's home address and school address are taken from the Scottish Government's annual pupil census.<br/>Where a geographical area contains fewer than 5 school leavers in a 3 year period, we have chosen not to show any data for that area. This is to protect against disclosing personal information. Some geographical areas may have no school leavers in a 3 year period."
Emergency Repeat Admissions,Public Health Scotland,https://data.gov.scot/dataset/emergency_repeat_admissions,https://api.data.gov.scot/resource/1afe71e1-3202-44b8-966c-74b18a3908b1/download,emergency-repeat-admissions.csv,2026-08-13T10:33:46.256337,2026-08-20T17:27:03.868877,0,B,CSV,,,,UK Open Government Licence (OGL),"Note: This dataset will not be receiving updates through this portal.<br/><br/>Multiple Emergency Admissions<br/><br/>If a patient has more than one unplanned continuous spell of treatment in hospital in a year, this is defined as a multiple emergency admission for that patient.<br/><br/>If one patient has 2 emergency continuous spells of care in hospital in a year and another patient has 10 emergency spells of hospital care in the same year, then they would count as 2 patients with multiple emergency admissions.<br/><br/>Further information can be found on the [ISD Hospital Care](http://www.isdscotland.org/Health-Topics/Hospital-Care/Inpatient-and-Day-Case-Activity/) website. <br/>"
Employment,Scottish Government,https://data.gov.scot/dataset/employment,https://api.data.gov.scot/resource/28fc9735-f4c2-4356-9b51-02c32d23fd21/download,employment.csv,2026-08-13T12:13:49.937474,2026-08-13T12:15:14.946659,0,B,CSV,,,,UK Open Government Licence (OGL),"People are classed as 'in employment' (employee or self-employed) if they have done at least one hour of paid work in the week prior to their LFS interview. People who do unpaid work in a family business and people on Government-supported training and employment programmes are also included, in accordance with the International Labour Organisation (ILO) convention. <br/><br/>The data used for this indicator is taken from the Annual Population Survey (APS). The APS was introduced in January 2004 and it has replaced the Annual Local Area Labour Force Survey. The APS combines results from the Labour Force Survey ( LFS) and the English, Welsh and Scottish Labour Force Survey boosts. The boosts increase the sample size which means the APS can provide more robust labour market estimates for local areas compared to the main LFS. Thus the APS is the primary source for information on local labour markets providing headline estimates on employment, unemployment and economic activity. The APS is the largest annual household survey in Scotland and provides a wealth of information about individuals' personal circumstances and their work. The LFS surveys individuals living at private households in the UK and is designed to be representative of the national population. <br/><br/>The Scottish Government funds the boost to the LFS sample in Scotland, taking the sample size from approximately 8,000 households for the each year to 23,000 households."
Energy Consumption,Scottish Government,https://data.gov.scot/dataset/energy_consumption,https://api.data.gov.scot/resource/9fcf1eb0-fcdf-4e7a-bd8e-7685ff9ee4cb/download,energy-consumption.csv,2026-08-13T13:24:36.072775,2026-08-13T13:25:52.187955,0,B,CSV,,,,UK Open Government Licence (OGL),"This dataset combines three individual datasets published by the Department for Business, Energy and Industrial Strategy (BEIS) of the UK Government. The datasets are Sub-National Total final Energy Consumption, Sub-National Electricity Consumption and Sub-National Gas Consumption.<br/><br/>More information on the total final energy consumption estimates can be found here:<br/>[https://www.gov.uk/government/collections/total-final-energy-consumption-at-sub-national-level](https://www.gov.uk/government/collections/total-final-energy-consumption-at-sub-national-level)<br/><br/>More information on the electricity consumption estimates can be found here: [https://www.gov.uk/government/collections/sub-national-electricity-consumption-data](https://www.gov.uk/government/collections/sub-national-electricity-consumption-data)<br/><br/>More information on the gas consumption estimates can be found here: [https://www.gov.uk/government/collections/sub-national-gas-consumption-data](https://www.gov.uk/government/collections/sub-national-gas-consumption-data)"
Exports by Industry,Scottish Government,https://data.gov.scot/dataset/exports_by_industry,https://api.data.gov.scot/resource/ed901980-2a14-4b68-a0dc-f5306de2a939/download,exports-by-industry-2019.csv,2026-08-13T08:46:38.333863,2026-08-13T08:47:51.764320,0,B,CSV,,,,UK Open Government Licence (OGL),"The Scottish Government produces a National Statistics publication, Export Statistics Scotland, which estimates the nominal value of Scottish exports (excluding oil and gas) at sector level. It includes estimates for goods and service exports and is the only source of estimates for exports from Scotland to the rest of the UK."
Farm Business Survey: Farm level emissions and nitrogen usage,Scottish Government,https://data.gov.scot/dataset/farm_business_survey__farm_level_emissions_and_nitrogen_usage,https://api.data.gov.scot/resource/e54699fa-3a6f-4229-9824-49a13508f1e8/download,farm-business-survey-farm-level-emissions-and-nitrogen-usage.csv,2026-08-13T09:43:58.938357,2026-08-13T09:45:15.191679,0,B,CSV,,,,UK Open Government Licence (OGL),"Farm level emissions and nitrogen usage data from the Scottish Farm Business Survey.<br/><br/>The Scottish Farm Business Survey is an annual survey of around 400 commercial-sized farms. Farms which are part-time, or with economic activity below approximately £20,000 are not included. Farms that do not receive support, such as pigs, poultry and horticulture, are not included in the survey.<br/><br/>Data from the June Agricultural Census are used to weight the farm business income estimates. The FBS is representative of around 11,000 farms in Scotland, which is around 21% of all farms included in the June Agricultural Census. These farms cover 64% of Scotland's agricultural land, employ 46% of those employed in Scottish farming, and produce 95% of standard output from the farming sectors that are included in the FBS.<br/><br/>On-farm greenhouse gas (GHG) emissions are estimated using a life cycle assessment (LCA) based carbon calculator ([Agrecalc](https://www.agrecalc.com/)). They do not account for any sequestration by woodland areas or soil. Nitrogen estimates are based on standard estimates of nitrogen content in all farm inputs and outputs where possible. Nitrogen estimates are not made for organic farms, which means a small proportion of the sample are excluded.<br/><br/>The dataset contains the following variables:<br/><br/>Average farm absolute GHG emissions per hectare <br/>Average farm emission intensity from GHG<br/>Average farm nitrogen balance<br/>Average farm nitrogen use efficiency<br/><br/>The median, lower quartile and upper quartile values for each variable are available for each of the years 2019/20 to 2021/22, and for the following farm types:<br/><br/>Cereal <br/>General Cropping <br/>Dairy <br/>Less favoured area (LFA) Livestock <br/>Mixed <br/>All Types"
Feeling safe when alone at home - Scottish Household Survey,Scottish Government,https://data.gov.scot/dataset/feeling_safe_when_alone_at_home___scottish_household_survey,https://api.data.gov.scot/resource/4841e7a7-7d25-40f7-b644-64744e951445/download,feeling-safe-when-alone-at-home---scottish-household-survey.csv,2026-08-13T10:10:23.569532,2026-08-13T10:11:43.297048,0,B,CSV,,,,UK Open Government Licence (OGL),"The Scottish Household Survey (SHS) asks adults how safe they feel when they are alone in their home at night. From 2018, this question was asked in every odd year. Prior to 2018 the question was asked every year. The data reported here is representative of the adult population and is available by:<br/><br/>\u2022 Local Authority<br/><br/>\u2022 Gender of the randomly selected adult<br/><br/>*In the 2018 SHS the gender question was revised. In previous years interviewers asked if household members were 'male' or 'female'. In the 2018 survey the options given were: 'man/boy', 'woman/girl' and two additional responses: 'identified in another way' and 'refused'. In order to remain harmonised with other statistics.gov.scot datasets, the previous response options 'male' and 'female' will be maintained.*<br/><br/>\u2022 Urban/Rural Classification<br/><br/>\u2022 Scottish Index of Multiple Deprivation<br/><br/>\u2022 Type Of Tenure<br/><br/>\u2022 Household Type<br/><br/>\u2022 Ethnicity of the randomly selected adult<br/><br/>\u2022 Walking distance to nearest green or blue space<br/><br/>*The question asking about walking distance to nearest greenspace informs the National Indicator on Access to Green and Blue Spaces. However before 2019, even though the list of spaces included riversides and beaches, the question text used the term \""green or open space\"". In 2019 for one half of the sample this was changed slightly to \""green, blue or open spaces\"" to check if including the word \""blue\"" made any difference to the response given to the question about walking distance or the biennial follow-up questions asking about satisfaction with and frequency of use of nearest green or blue space. No statistically significant difference was found.*<br/><br/>The most recent annual publication can be accessed at [https://www.gov.scot/publications/scottish-household-survey-2019-annual-report](https://www.gov.scot/publications/scottish-household-survey-2019-annual-report/)<br/><br/>The full questionnaire for each year can be accessed at: [https://www.gov.scot/publications/scottish-household-survey-questionnaires](https://www.gov.scot/publications/scottish-household-survey-questionnaires/)<br/><br/>And the survey data for the full Scottish Household Survey is available from [the UK Data Service](https://beta.ukdataservice.ac.uk/datacatalogue/series/series?id=2000048#!/abstract)."
Fire - Type of Incident,Scottish Fire and Rescue Service,https://data.gov.scot/dataset/fire___type_of_incident,https://api.data.gov.scot/resource/f6b74111-b687-45dc-885d-66857bef37ba/download,fire---type-of-incident.csv,2026-08-13T12:06:02.504101,2026-08-13T12:07:18.663872,0,B,CSV,,,,UK Open Government Licence (OGL),"This dataset provides the numbers and rates of fires in Scotland down to datazone level. Data is provided for the total number of fires, including accidental and deliberate causes.<br/><br/>Data is entered by the Scottish Fire and Rescue Service into the Incident Recording System. This dataset is an extract from this live management information system, and thus may differ slightly from other extracts taken on different dates.<br/><br/>Some fires could only be attributed to Local Authorities, and not lower level geographies. Therefore, the sum of fires for lower level geographies will not match those at Local Authority or Scotland level."
Fuel Poverty (Scottish House Condition Survey),Scottish Government,https://data.gov.scot/dataset/fuel_poverty__scottish_house_condition_survey_,https://api.data.gov.scot/resource/52378b43-19aa-40de-86d5-aa9e52be5d39/download,fuel-poverty-shcs.csv,2026-08-13T15:57:11.284797,2026-08-13T15:59:16.769535,0,B,CSV,,,,UK Open Government Licence (OGL),"Statistics presented here are based on the [Scottish House Condition Survey (SHCS)](https://www.gov.scot/collections/scottish-house-condition-survey/), an annual national survey of Scotland's housing stock, which forms part of the [Scottish Household Survey (SHS)]( https://www.gov.scot/collections/scottish-household-survey/). <br/> <br/>The annual [SHCS Key Findings](https://www.gov.scot/collections/scottish-house-condition-survey/) report presents the latest national data for key measures of energy efficiency, fuel poverty, energy perceptions and housing quality. The local authority breakdowns provide key indicators at local authority level relating to different household and dwelling types. However three years of data are combined to mitigate the smaller sample sizes involved when analysing sub-national geographies. Therefore, it is important to be aware that for these aggregate time periods: <br/> <br/>* The three year average national rates will not match those for single years (also found in the main Key Findings reports).  <br/>* Each three year average is a snapshot in time, and because of overlapping years, consecutive releases should not be used  to quantify changes in time. <br/>* Notwithstanding the aggregation of three years of data, smaller base sub-samples mean that confidence intervals for different geographies, household and dwelling types will be larger than those reported in the annual Key Findings report. <br/> <br/>In July 2019 the [Fuel Poverty (Targets, Definition and Strategy) (Scotland) Act](http://www.legislation.gov.uk/asp/2019/10/contents/enacted) received Royal Assent. This Act contains a new definition of fuel poverty which affects how fuel poverty is to be defined and measured. The figures presented are a best estimate of fuel poverty and extreme fuel poverty rates under the proposed new definition of fuel poverty, following amendments agreed at Stage 2 of the Fuel Poverty (Targets, Definition and Strategy) Bill. For further information see the [2018 Methodology Notes](https://www.gov.scot/publications/scottish-house-condition-survey-methodology-notes-2018/).<br/><br/>A household is considered to be in fuel poverty if, in order to maintain a satisfactory heating regime:<br/><br/>* the total fuel costs necessary for the home are more than 10% of the household's adjusted net income (after housing costs), *and* <br/>* if after deducting fuel costs, benefits received for a care need or disability and childcare costs, the household's remaining adjusted net income is insufficient to maintain an acceptable standard of living. The remaining adjusted net income must be at least 90% of the [UK Minimum Income Standard](https://www.lboro.ac.uk/research/crsp/mis/) to be considered an acceptable standard of living, with an additional amount added for households in remote rural, remote small town and island areas.<br/><br/>Extreme fuel poverty follows the same definition except that a household would have to spend more than 20% of its adjusted net income (after housing costs) on total fuel costs and maintain a satisfactory heating regime.<br/><br/>Where a table shows missing values, the data has either been suppressed on disclosure control grounds, or because there were no sampled cases."
Full-Time and Part-Time Employment,Scottish Government,https://data.gov.scot/dataset/full_time_and_part_time_employment,https://api.data.gov.scot/resource/6c18c768-399a-48eb-bcd1-54b529dab62e/download,full-time-employment.csv,2026-08-13T12:05:57.319335,2026-08-13T12:07:07.152192,0,B,CSV,,,,UK Open Government Licence (OGL),"Number and percentage of people (aged 16+) in employment working full-time and part-time.  The data used for this indicator is taken from the Annual Population Survey (APS). <br/><br/>The APS was introduced in January 2004 and it has replaced the Annual Local Area Labour Force Survey. The APS combines results from the Labour Force Survey ( LFS) and the English, Welsh and Scottish Labour Force Survey boosts. The boosts increase the sample size which means the APS can provide more robust labour market estimates for local areas compared to the main LFS. Thus the APS is the primary source for information on local labour markets providing headline estimates on employment, unemployment and economic activity. The APS is the largest annual household survey in Scotland and provides a wealth of information about individuals' personal circumstances and their work. The LFS surveys individuals living at private households in the UK and is designed to be representative of the national population. <br/><br/>The Scottish Government funds the boost to the LFS sample in Scotland, taking the sample size from approximately 8,000 households for the each year to 23,000 households.<br/>"
Funeral Support Payment: Applications and Payments,Scottish Government,https://data.gov.scot/dataset/funeral_support_payment__applications_and_payments,https://api.data.gov.scot/resource/6e524058-0db0-4523-a621-d7403cf83c9f/download,funeral-support-payment-applications-and-payments.csv,2026-08-13T10:27:11.438104,2026-08-13T10:29:22.354949,0,B,CSV,,,,UK Open Government Licence (OGL),"The Funeral Support Payment is a single payment to help with the costs of a funeral. It replaced the Department for Work and Pensions' Funeral Expense Payment in Scotland on the 16 September 2019. Applications were taken from this same day.<br/><br/>This dataset includes received applications, authorised applications and issued payments for the Funeral Support Payment benefit. Statistics are provided for the last day of the month (e.g. figures for 2019-09 are for applications received or authorised as of 30 September 2019). <br/><br/>Further information on application, processing times, redeterminations and appeals can be found in the associated [publication](https://www.socialsecurity.gov.scot/publications/2026/06/funeral-support-payment-statistics-to-31-march-2026)"
Gender Employment Gap,Scottish Government,https://data.gov.scot/dataset/gender_employment_gap,https://api.data.gov.scot/resource/d37e9091-3ab7-41ec-a1a2-ccb8484e667e/download,gender-employment-gap.csv,2026-08-13T13:17:44.743829,2026-08-13T13:19:06.155949,0,B,CSV,,,,UK Open Government Licence (OGL),"The percentage point difference between the employment rates for men and women (aged 16-64). This is calculated by subtracting the employment rate for women from the employment rate for men.  A positive employment gap indicates a higher employment rate for men compared with women, while a negative employment gap indicates a higher employment rate for women. Employment rate is the number of people in employment (aged 16-64) divided by the overall population (aged 16-64). <br/><br/>The data used for this indicator is taken from the Annual Population Survey (APS). The APS was introduced in January 2004 and it has replaced the Annual Local Area Labour Force Survey. The APS combines results from the Labour Force Survey ( LFS) and the English, Welsh and Scottish Labour Force Survey boosts. The boosts increase the sample size which means the APS can provide more robust labour market estimates for local areas compared to the main LFS. Thus the APS is the primary source for information on local labour markets providing headline estimates on employment, unemployment and economic activity. The APS is the largest annual household survey in Scotland and provides a wealth of information about individuals' personal circumstances and their work. The LFS surveys individuals living at private households in the UK and is designed to be representative of the national population.<br/>The Scottish Government funds the boost to the LFS sample in Scotland, taking the sample size from approximately 8,000 households for the each year to 23,000 households."
Gender Pay Gap,Scottish Government,https://data.gov.scot/dataset/gender_pay_gap,https://api.data.gov.scot/resource/3a26f577-2128-416c-a6ce-1ea710119b61/download,earnings-paygap.csv,2026-08-13T10:10:27.785727,2026-08-13T10:11:52.766591,0,B,CSV,,,,UK Open Government Licence (OGL),"This indicator measures the difference between male and female median earnings ( gross hourly earnings excluding overtime), expressed as a percentage of male earnings.  Estimates are workplace based and cover employees on adult rates whose pay for the survey pay-period was not affected by absence. <br/>The median and mean gross weekly earnings (before deductions for Tax & National Insurance) of full-time employees on adult rates, whose pay for the survey period was not affected by absence. For 2020 data, this has been expanded to include those who were not furloughed under the Coronavirus Job Retention Scheme (CJRS) but had their pay affected by absence. The self-employed are excluded from this study. <br/>This information is obtained from the Annual Survey of Hours & Earnings (ASHE). This is an Office for National Statistics (ONS) publication. For more information see [ASHE Methodology and Guidance](https://www.ons.gov.uk/employmentandlabourmarket/peopleinwork/earningsandworkinghours/methodologies/annualsurveyofhoursandearningsashemethodologyandguidance)"
General Health - Scottish Surveys Core Questions,Scottish Government,https://data.gov.scot/dataset/general_health___scottish_surveys_core_questions,https://api.data.gov.scot/resource/7f7f1a7d-3559-4a70-a917-49fcb256cb05/download,general-health-sscq.csv,2026-08-13T08:43:34.069836,2026-08-13T08:44:52.255247,0,B,CSV,,,,UK Open Government Licence (OGL),"Self-assessed general health is a critical measure of the population's overall health status and a key marker of health inequalities. One of the Scottish Government's National Outcomes is the overall strategic objective for health: We live longer, healthier lives. This is supported by a number of National Indicators including 'improve self-assessed general health'.<br/><br/>The Scottish Survey Core Questions is an innovative project drawing together multiple household surveys to provide a large sample for subnational analysis. For more information on this source, see the  [SSCQ website](https://www.gov.scot/collections/scottish-surveys-core-questions/)."
General Practice List Size,Public Health Scotland,https://data.gov.scot/dataset/general_practice_list_size,https://api.data.gov.scot/resource/a07860af-4608-4803-b7cc-eac44d994e86/download,general-practice-list-size.csv,2026-08-13T09:40:40.230096,2026-08-20T17:33:28.064035,0,B,CSV,,,,UK Open Government Licence (OGL),"Note: This dataset will not be receiving updates through this portal. Please refer to the [Public Health Scotland Open Data](https://www.opendata.nhs.scot/dataset/gp-practice-contact-details-and-list-sizes) platform for the relevant data. <br/><br/>Data indicates patients registered with practices by Health Board and Local Authority as at 1 October for each year presented. <br/>Since the introduction of the new GP contract (the General Medical Services contract) on 1 April 2004, patients register with a practice rather than a specific GP.<br/>GPs and practices have been allocated to one area based on the postcode of the main practice premises. However, practices may also operate branch surgeries from other locations and these locations may sit within a different area to that of the main practice premises. Practices in one area may provide care for patients living in another area. This is particularly likely where practices are located close to a boundary between areas, and/or where a practice operates one or more branch surgeries.<br/>Data Source for General Practice list sizes: GMS warehouse, Information Services Division, NHS National Services Scotland. <br/>Further information on GP workforce and practice populations in Scotland is available on the [ISD Website](http://www.isdscotland.org/Health-Topics/General-Practice/Workforce-and-Practice-Populations/)<br/>"
Generation and Management of Household Waste,SEPA,https://data.gov.scot/dataset/generation_and_management_of_household_waste,https://api.data.gov.scot/resource/0cf5395e-4ccf-48ab-9d4c-c8a8162ef021/download,household-waste.csv,2026-08-13T09:47:38.924138,2026-08-13T09:49:31.937957,0,B,CSV,,,,UK Open Government Licence (OGL),"Waste from Scottish households generated and managed. The dataset is categorised by calendar year, waste category, and method of management. Management categories are: Recycled (includes waste reused and recycling of dry mixed recyclable waste, and organic waste composted or digested), Landfilled, and Other diversion from landfill (including incineration, recycling of incineration outputs, organic waste composted or digested at sites not accredited to the industry standard).<br/><br/>More information on waste data is also available on [the SEPA website.](https://www.sepa.org.uk/environment/waste/waste-data/)"
Geographical reference,National Records of Scotland,https://data.gov.scot/dataset/geographical_reference,https://api.data.gov.scot/resource/1f2e341e-7b4b-4ccc-87f6-6df48effc950/download,statistical-geography-combined.csv,2026-08-20T14:23:07.957670,2026-08-20T14:24:27.866033,0,B,CSV,,,,UK Open Government Licence (OGL),Combined dataset of geographical lookups
Greenhouse Gas Emissions,Scottish Government,https://data.gov.scot/dataset/greenhouse_gas_emissions,https://api.data.gov.scot/resource/fc303e5d-9dec-45bf-89d6-336356b773bc/download,greenhouse-gas.csv,2026-08-13T13:01:17.858598,2026-08-13T13:02:43.075593,0,B,CSV,,,,UK Open Government Licence (OGL),"These are sometimes referred to as \""territorial\"" emissions, as they are produced within a country's territory or economic sphere, although it also includes a share of emissions from international aviation and shipping attributed to Scotland.  These statistics consider the emissions at the source at which they occur. These figures should be used as the key tool for understanding the origins and magnitudes of the emissions and the assessment of policies designed to control or reduce emissions. These figures are also the data source from which Scotland's progress against its statutory Climate Change targets can be assessed, once trading in carbon units has been taken into account.  <br/><br/>These figures are different from Scotland's consumption based emissions, which are presented within the indicator 'Scotland's Carbon Footprint'. The greenhouse inventory is compiled in line with international guidance from the Intergovernmental Panel on Climate Change (IPCC). Data are reported by source sector (such as energy supply) and by greenhouse gas (such as carbon dioxide). The inventory is also used to report data against targets as required under the Climate Change (Emissions Reduction Targets) (Scotland) Act 2019.  The greenhouse gas inventory covers a wide variety of all anthropogenic sources of greenhouse gas emissions and therefore a wide variety of emissions sources which require different approaches to their estimation. There are a large number of data sources used in its compilation, obtained from Government statistics, regulatory agencies, trade associations, individual companies, surveys and censuses. The methods used to compile the greenhouse gas inventory are consistent with international guidance on national inventory reporting from the Intergovernmental Panel on Climate Change."
Greenhouse Gas Emissions by TESS sector and gas,Scottish Government,https://data.gov.scot/dataset/greenhouse_gas_emissions_by_tess_sector_and_gas,https://api.data.gov.scot/resource/613eee41-5d2b-4280-99c0-a9902da4a557/download,greenhouse-gas-emissions-by-tess-sector-and-gas.csv,2026-08-13T08:19:34.374105,2026-08-13T08:20:36.646617,0,B,CSV,,,,UK Open Government Licence (OGL),"These are sometimes referred to as \""territorial\"" emissions, as they are produced within a country's territory or economic sphere, although it also includes a share of emissions from international aviation and shipping attributed to Scotland. These statistics consider the emissions at the source at which they occur. These figures should be used as the key tool for understanding the origins and magnitudes of the emissions and the assessment of policies designed to control or reduce emissions. These figures are also the data source from which Scotland's progress against its statutory Climate Change targets can be assessed.<br/><br/>These figures are different from Scotland's consumption based emissions, which are presented within the indicator 'Scotland's Carbon Footprint'. The greenhouse inventory is compiled in line with international guidance from the Intergovernmental Panel on Climate Change (IPCC). Data are reported by source sector (such as energy supply) and by greenhouse gas (such as carbon dioxide). The inventory is also used to report data against targets as required under the Climate Change (Emissions Reduction Targets) (Scotland) Act 2019. The greenhouse gas inventory covers a wide variety of all anthropogenic sources of greenhouse gas emissions and therefore a wide variety of emissions sources which require different approaches to their estimation. There are a large number of data sources used in its compilation, obtained from Government statistics, regulatory agencies, trade associations, individual companies, surveys and censuses. The methods used to compile the greenhouse gas inventory are consistent with international guidance on national inventory reporting from the Intergovernmental Panel on Climate Change.<br/><br/>This dataset contains annual greenhouse gas emissions (Million tonnes of CO2 equivalent) by broad sector and for the following pollutants:<br/><br/>Carbon Dioxide (CO2)<br/><br/>Methane (CH4)<br/><br/>Hydrofluorocarbons (HFCs)<br/><br/>Nitrous oxide (N2O)<br/><br/>Nitrogen trifluoride (NF3)<br/><br/>Perfluorocarbons (PFCs)<br/><br/>Sulphur hexafluoride (SF6)"
Gross Domestic Product: Annual Output by Industry,Scottish Government,https://data.gov.scot/dataset/gross_domestic_product__annual_output_by_industry,https://api.data.gov.scot/resource/51638abf-adee-4896-8c4a-a44c0c7abb28/download,gross-domestic-product-annual-output-by-industry.csv,2026-08-13T13:11:00.682410,2026-08-13T13:12:16.317805,0,B,CSV,,,,UK Open Government Licence (OGL),"Gross Domestic Product (GDP) figures for Scotland are produced by the Office of the Chief Economic Adviser (OCEA) in the Scottish Government.<br/><br/>Each industry sector is indexed to make them comparable. For each sector, the value during 2022 is taken as the base year, and given the value of 100. All indexed values are given relative to the base year."
Gross Domestic Product: Quarterly Output by Industry,Scottish Government,https://data.gov.scot/dataset/gross_domestic_product__quarterly_output_by_industry,https://api.data.gov.scot/resource/7c325940-1d84-4f37-9498-8d1c8a44846c/download,gross-domestic-product-quarterly-output-by-industry.csv,2026-08-13T12:58:01.316747,2026-08-13T12:59:22.643238,0,B,CSV,,,,UK Open Government Licence (OGL),"Gross Domestic Product (GDP) is one of the best known indicators of economic activity and is widely used to monitor economic performance. GDP statistics for Scotland are produced by the Scottish Government and have been designated as [National Statistics](https://osr.statisticsauthority.gov.uk/national-statistics/). This dataset contains statistics for the output approach to GDP and growth in real terms, and includes results for the whole economy (Total GDP) and industry sectors. GDP can also be broken down using the income and expenditure approaches, which are available as separate datasets.<br/>There are two updates to the output by industry statistics each quarter. The First Estimate of GDP growth is published around 80 days after the quarter's end, and an updated second estimate is published in the Quarterly National Accounts around 120 days after the quarter's end.  The First Estimate of GDP statistics will be published on this website as open data; the Second Estimate will not currently be available as open data, but will be available on the [Scottish Government website](http://www.gov.scot/gdp). Results for previous periods are also open to revision each quarter. Further details on [Scottish GDP statistics](http://www.gov.scot/gdp), including methodology notes and the revisions policy, are available.<br/><br/>The Industry Sector dimension in this dataset contains the broad industry sectors used on GDP statistics for Scotland the UK. These are based on industry sections from the Standard Industrial Classification (SIC, 2007). Further information can be found here<br/>The Measure Type dimension in this dataset contains four GDP measures, detailed below. The index measure is rounded to 4 decimal places and the growth rate measures are rounded to 1 decimal place. It is not always possible to replicate the published growth rates using rounded data, but all results are also available unrounded in the downloadable spreadsheets from the latest publication. <br/><br/>-4Q-on-4Q is the percentage change (growth rate) for the latest four quarters compared to the previous four non-overlapping quarters. This rolling annual growth rate gives a smoothed measure of recent trends. This growth rate is calculated from the Index measure.<br/><br/>-Index represents the level of output in real, or volume, terms for each industry or total GDP, relative to the base year (2022). An index value of more than 100 means that output is higher than in the base year, and a value of less than 100 means that output is lower than in the base year.<br/><br/>-q-on-q is the percentage change (growth rate) for the latest quarter compared to the previous quarter. This quarterly growth rate is usually taken as the headline measure of GDP growth. This growth rate is calculated from the Index measure.<br/><br/>-q-on-q year ago is the percentage change (growth rate) for the latest quarter compared to the same quarter in the previous year. This growth rate over the year is usually compared to other statistics such as earnings or price inflation. This growth rate is calculated from the Index measure.<br/><br/>The Reference Period dimension relates to standard calendar quarters. Quarter 1 refers to the period from January to March, Quarter 2 refers to April to June, Quarter 3 refers to July to September, and Quarter 4 refers to October to December.<br/>The Reference Area dimension for this dataset only contains results for Scotland, with no breakdowns to other areas. In this dataset, all results relate to Scotland's onshore economy and do not include the output of offshore oil and gas extraction in Scottish Adjacent Waters.<br/><br/>Each industry sector is indexed to make them comparable. For each sector, the value during 2022 is taken as the base year, and given the value of 100. All indexed values are chainlinked volume measures, and given relative to the base year.<br/>"
Gross Expenditure on Research and Development,Scottish Government,https://data.gov.scot/dataset/gross_expenditure_on_research_and_development,https://api.data.gov.scot/resource/b04f95c2-cb71-49d9-8351-9cf5a5929991/download,gross-expenditure-on-research-and-development.csv,2026-08-13T10:13:55.028385,2026-08-13T10:15:34.915965,0,B,CSV,,,,UK Open Government Licence (OGL),"Information on Scottish Gross Expenditure on Research and Development (GERD) and estimates of the four components of GERD: Business Enterprise (BERD), Higher Education (HERD), Government, which includes Research Councils (GovERD) and Private Non-Profit (PNP). <br/><br/>We have put a pause on the updating of this series until more work can be carried out to quality assure the underlying source data. <br/> <br/>Scotland's Gross Expenditure on Research and Development (GERD) is taken from the annual Scottish Government (SG) GERD publication. GERD includes R&D undertaken by business enterprise (BERD).  The Office for National Statistics (ONS) are leading a large-scale project to transform R&D statistics, which is still in progress. This includes an improved methodology for the estimation of BERD spend, which better accounts for small businesses.  Further information on this was published by the ONS on 29 September 2022: [Comparison of ONS BERD with HMRC R&D tax credit statistics](https://www.ons.gov.uk/releases/comparisonofhmrcresearchanddevelopmenttaxcreditstatisticstoonsbusinessenterpriseresearchanddevelopmentstatistics) and 22 November 2022: [Options for Transformation of BERD Statistics](https://www.ons.gov.uk/businessindustryandtrade/business/businessinnovation/articles/optionsfortransformationofbusinessenterpriseresearchanddevelopmentstatistics/2022-11-17).<br/><br/>Due to these methodological changes, there is currently uncertainty over the robustness of the detailed breakdowns of the new BERD estimates, which includes the data for Scotland.  More work is underway to further improve how the BERD statistics are compiled in the future, including the development of new sampling methods.  The ONS have put a temporary pause on the National Statistics status of the detailed breakdowns of BERD until the methodological work is complete and there is more certainty on the quality of the sub-UK BERD data, and hence sub-UK GERD data.  The National Statistics status of the Scottish Government (SG) GERD publication has similarly been put on pause.  More detail is available in the [GERD Scotland 2020 publication](https://www.gov.scot/publications/gross-expenditure-on-research-and-development-scotland-2020/), in the [GERD Scotland 2021 publication](https://www.gov.scot/publications/gross-expenditure-on-research-and-development-scotland-2021/),  and in the latest [ONS GERD UK publication](https://www.ons.gov.uk/economy/governmentpublicsectorandtaxes/researchanddevelopmentexpenditure/bulletins/ukgrossdomesticexpenditureonresearchanddevelopment/2021#measuring-the-data).<br/>"
Habitats Regulations - Scotland_Art3ZA_Birds Conservation Measures 2025,NatureScot,https://data.gov.scot/dataset/habitats_regulations___scotland_art3za_birds_conservation_measures_2025,https://api.data.gov.scot/resource/45da1075-1e0a-4a67-be7e-78b9aea4ee56/download,Habitats Regulations - Scotland_Art3ZA_Birds Conservation Measures 2025 (A5639330).xlsx,2026-08-20T09:20:09.747590,2026-08-20T17:13:47.184943,0,B,XLSX,,,,UK Open Government Licence (OGL),"This spreadsheet is published pursuant to the requirements of Regulation 3ZA of The Conservation (Natural Habitats, &c.) Regulations 1994 (as amended). It shows details of the required conservation measures for the bird species covered by Scotland's 2019-2024 Habitats Regulations report.<br/><br/>This file consists of one spreadsheet composed of 3 sheets:<br/><br/>* Read me<br/>* Checklist of measures<br/>* Conservation measures<br/><br/>Further information on the methodology, including reporting guidelines and the Approach Document can be found on the JNCC website: <br/><br/>*JNCC, DAERA, NatureScot, NE, NRW (2026). Habitats Regulations Reporting 2019-2024: Approach Document. Joint Nature Conservation Committee, Peterborough.*  Available to download from the [JNCC website](https://jncc.gov.uk/our-work/habitats-regulations-reporting-2019-to-2024/). <br/><br/>The Implementation Report has been produced in accordance with Regulation 3ZA of the Conservation (Natural Habitats &c.) Regulations 1994 (the Habitats Regulations). <br/>It gives an overview of the implementation of measures taken in Scotland to meet the provisions of the Birds and Habitats Directives, and to achieve the objectives of those Directives during the period 2019-2024. You can find the report on the [Scottish Government website](https://www.gov.scot/isbn/9781806436545).<br/><br/>This dataset will not be updated. The Habitats Regulations ensure that European sites are protected and managed and continue to operate, as they have done since their original designation. This includes reporting on the sites and the network every six years. Datasets associated with future reporting will be published separately as appropriate."
Habitats Regulations - Scotland_Art3ZA_Birds Pressures 2025,NatureScot,https://data.gov.scot/dataset/habitats_regulations___scotland_art3za_birds_pressures_2025,https://api.data.gov.scot/resource/ba63f260-5f25-4767-aa49-bb31dc598433/download,Habitats Regualtions - Scotland_Art3ZA_Birds Pressures 2025 (A5639321).xlsx,2026-08-20T09:20:05.399355,2026-08-20T17:15:14.760188,0,B,XLSX,,,,UK Open Government Licence (OGL),"This spreadsheet is published pursuant to the requirements of Regulation 3ZA of The Conservation (Natural Habitats, &c.) Regulations 1994 (as amended). It shows details of the pressures on the bird species covered by Scotland's 2019-2024 Habitats Regulations report.<br/><br/>This file consists of one spreadsheet composed of 3 sheets:<br/><br/>* Read me<br/>* Pressures code look up<br/>* Master Pressures 2025<br/><br/>Further information on the methodology, including reporting guidelines and the Approach Document can be found on the JNCC website.<br/><br/>*JNCC, DAERA, NatureScot, NE, NRW (2026). Habitats Regulations Reporting 2019-2024: Approach Document. Joint Nature Conservation Committee, Peterborough.*  Available to download from the [JNCC website](https://jncc.gov.uk/our-work/habitats-regulations-reporting-2019-to-2024/).<br/><br/><br/>The Implementation Report has been produced in accordance with Regulation 3ZA of the Conservation (Natural Habitats &c.) Regulations 1994 (the Habitats Regulations). <br/>It gives an overview of the implementation of measures taken in Scotland to meet the provisions of the Birds and Habitats Directives, and to achieve the objectives of those Directives during the period 2019-2024. You can find the report on the [Scottish Government website](https://www.gov.scot/isbn/9781806436545).<br/><br/>This dataset will not be updated. The Habitats Regulations ensure that European sites are protected and managed and continue to operate, as they have done since their original designation. This includes reporting on the sites and the network every six years. Datasets associated with future reporting will be published separately as appropriate."
Habitats Regulations - Scotland_Art3ZA_Birds proportion of GB population in SPAs 2025,NatureScot,https://data.gov.scot/dataset/habitats_regulations___scotland_art3za_birds_proportion_of_gb_population_in_spas_2025,https://api.data.gov.scot/resource/fe9d15e4-94c1-4057-97d5-0c1f1a488921/download,Habitats Regulations - Scotland_Art3ZA_Birds proportion of GB population in SPAs 2025 (A5639324).xlsx,2026-08-20T09:20:13.872894,2026-08-20T17:14:11.545532,0,B,XLSX,,,,UK Open Government Licence (OGL),"This spreadsheet is published pursuant to the requirements of Regulation 3ZA of The Conservation (Natural Habitats, &c.) Regulations 1994 (as amended). It shows the proportion of the bird species covered by Scotland's 2019-2024 Habitats Regulations report that are within the UKâ€™s Special Protection Areas (SPA) suite.<br/><br/>This file consists of one spreadsheet composed of 2 sheets:<br/><br/>* Proportion of GB population in UK SPA<br/>* Proportion of GB population in GB<br/><br/>Further information on the methodology, including reporting guidelines and the Approach Document can be found on the JNCC website: <br/><br/>*JNCC, DAERA, NatureScot, NE, NRW (2026). Habitats Regulations Reporting 2019-2024: Approach Document. Joint Nature Conservation Committee, Peterborough.* Available to download from the [JNCC website](https://jncc.gov.uk/our-work/habitats-regulations-reporting-2019-to-2024/)<br/><br/>The Implementation Report has been produced in accordance with Regulation 3ZA of the Conservation (Natural Habitats &c.) Regulations 1994 (the Habitats Regulations). <br/>It gives an overview of the implementation of measures taken in Scotland to meet the provisions of the Birds and Habitats Directives, and to achieve the objectives of those Directives during the period 2019-2024. You can find the report on the [Scottish Government website](https://www.gov.scot/isbn/9781806436545).<br/><br/>This dataset will not be updated. The Habitats Regulations ensure that European sites are protected and managed and continue to operate, as they have done since their original designation. This includes reporting on the sites and the network every six years. Datasets associated with future reporting will be published separately as appropriate."
Habitats Regulations - Scotland_Art3ZA_Birds Scottish SAPs Strategies and Working Groups 2025,NatureScot,https://data.gov.scot/dataset/habitats_regulations___scotland_art3za_birds_scottish_saps_strategies_and_working_groups_2025,https://api.data.gov.scot/resource/4fd85c1b-fdd5-4f41-8e26-c7d689ca44be/download,Habitats Regulations - Scotland_Art3ZA_Birds Scottish Species Action Plans (SAPs) Strategies and Working Groups 2025 (A5639328).xlsx,2026-08-20T09:20:17.811869,2026-08-20T17:12:17.421564,0,B,XLSX,,,,UK Open Government Licence (OGL),"This spreadsheet is published pursuant to the requirements of Regulation 3ZA of The Conservation (Natural Habitats, &c.) Regulations 1994 (as amended). It shows details of the Species Action Plans (SAPs), Strategies and Working Groups relevant to the bird species covered by Scotland's 2019-2024 Habitats Regulations report.<br/><br/>This file consists of one spreadsheet composed of 1 sheet:<br/><br/>* Scottish SAPs Strategies & WG<br/><br/>Further information on the methodology, including reporting guidelines and the Approach Document can be found on the JNCC website: <br/><br/>*JNCC, DAERA, NatureScot, NE, NRW (2026). Habitats Regulations Reporting 2019-2024: Approach Document. Joint Nature Conservation Committee, Peterborough.*  Available to download from the [JNCC website](https://jncc.gov.uk/our-work/habitats-regulations-reporting-2019-to-2024/). <br/><br/>The Implementation Report has been produced in accordance with Regulation 3ZA of the Conservation (Natural Habitats &c.) Regulations 1994 (the Habitats Regulations). <br/>It gives an overview of the implementation of measures taken in Scotland to meet the provisions of the Birds and Habitats Directives, and to achieve the objectives of those Directives during the period 2019-2024. You can find the report on the [Scottish Government website](https://www.gov.scot/isbn/9781806436545).<br/><br/>This dataset will not be updated. The Habitats Regulations ensure that European sites are protected and managed and continue to operate, as they have done since their original designation. This includes reporting on the sites and the network every six years. Datasets associated with future reporting will be published separately as appropriate."
Habitats Regulations - Scotland_Art3ZA_Habitats 2025,NatureScot,https://data.gov.scot/dataset/habitats_regulations___scotland_art3za_habitats_2025,https://api.data.gov.scot/resource/d006d39f-c69c-4b94-aa87-e9106f233bef/download,Habitat Regulations - Scotland_Art3ZA_habitat_supporting_documentation_20251117.xlsx,2026-08-20T09:21:46.951801,2026-08-20T17:11:27.070622,0,B,XLSX,,,,UK Open Government Licence (OGL),"This spreadsheet is published pursuant to the requirements of Regulation 3ZA of The Conservation (Natural Habitats, &c.) Regulations 1994 (as amended). It contains an evaluation of the conservation status of habitat types (features) listed on Annex I of the Habitats Directive (as transposed to the Habitats Regulations), the pressures acting on those features, and the conservation measures in place or required.<br/><br/>This file consists of one spreadsheet composed of 5 sheets (this includes an Explanatory Information sheet). These are:<br/><br/>* Explanatory Information - Habitats Regulations 3ZA Report. Data for reporting period 2019-2024: Scotland - Habitats<br/>* Report * containing information on: Range, Area of habitat, Structure and functions, Pressures, Conservation measures, Future prospects, Conclusions, UK National Site Network (pSCIs, SCIs, SACs) coverage for Annex I habitat types, and Complementary information.<br/>* Pressures * containing details on pressures for each feature. Pressures are set out using a standard set of codes produced by the EU 2019-2024 Article 17 of the Habitats Directive reporting (the full list is presented in the Approach Document, linked below). Where there is more than one pressure applicable to a feature, there is more than one row in the sheet. <br/>* Measures * containing details on conservation measures for each feature. Measures are set out using a standard set of codes produced by the EU 2019-2024 Article 17 of the Habitats Directive reporting (the full list is presented in the Approach Document, linked below). Where there is more than one measure applicable to a feature, there is more than one row in the sheet. <br/>* Audit Notes * containing further methodological detail on the information in the Report, Pressures, and Conservation measures sheets.<br/><br/>Further information on the methodology, including reporting guidelines and the Approach Document can be found on the JNCC website.<br/><br/>*JNCC, DAERA, NatureScot, NE, NRW (2026). Habitats Regulations Reporting 2019-2024: Approach Document. Joint Nature Conservation Committee, Peterborough.*  Available to download from the [JNCC website](https://jncc.gov.uk/our-work/habitats-regulations-reporting-2019-to-2024/). <br/><br/>The Implementation Report has been produced in accordance with Regulation 3ZA of the Conservation (Natural Habitats &c.) Regulations 1994 (the Habitats Regulations). It gives an overview of the implementation of measures taken in Scotland to meet the provisions of the Birds and Habitats Directives, and to achieve the objectives of those Directives during the period 2019-2024. You can find the report on the [Scottish Government website](https://www.gov.scot/isbn/9781806436545).<br/><br/>This dataset will not be updated. The Habitats Regulations ensure that European sites are protected and managed and continue to operate, as they have done since their original designation. This includes reporting on the sites and the network every six years. Datasets associated with future reporting will be published separately as appropriate."
Habitats Regulations - Scotland_Art3ZA_Species 2025,NatureScot,https://data.gov.scot/dataset/habitats_regulations___scotland_art3za_species_2025,https://api.data.gov.scot/resource/d1fd2a7f-3a61-49b8-ad08-bd3fb1061069/download,Habitat Regulations - Scotland_Art3ZA_species_supporting_documentation_20251117.xlsx,2026-08-20T09:20:00.278701,2026-08-20T17:14:34.649872,0,B,XLSX,,,,UK Open Government Licence (OGL),"This spreadsheet is published pursuant to the requirements of Regulation 3ZA of The Conservation (Natural Habitats, &c.) Regulations 1994 (as amended). It contains an evaluation of the conservation status of non-bird species (features) listed on Annexes II, IV and/or V of the Habitats Directive (as transposed to the Habitats Regulations), the pressures acting on those features, and the conservation measures in place or required.<br/><br/>This file consists of one spreadsheet composed of 5 sheets (this includes an Explanatory Information sheet). These are:<br/><br/>* Explanatory Information - Habitats Regulations 3ZA Report. Data for reporting period 2019-2024: Scotland - Non-bird species<br/>* Report * containing information on: Range, Population, Habitat for Species, Pressures, Conservation measures, Future prospects, Conclusions, UK National Site Network (pSCIs, SCIs, SACs) coverage for Annex II species, and Complementary information.<br/>* Pressures * containing details on pressures for each feature. Pressures are set out using a standard set of codes produced by the EU 2019-2024 Article 17 of the Habitats Directive reporting (the full list is presented in the Approach Document, linked below). Where there is more than one pressure applicable to a feature, there is more than one row in the sheet. <br/>* Measures * containing details on conservation measures for each feature. Measures are set out using a standard set of codes produced by the EU 2019-2024 Article 17 of the Habitats Directive reporting (the full list is presented in the Approach Document, linked below). Where there is more than one measure applicable to a feature, there is more than one row in the sheet. <br/>* Audit Notes * containing further methodological detail on the information in the Report, Pressures, and Conservation measures sheets.<br/><br/>Further information on the methodology, including reporting guidelines and the Approach Document can be found on the JNCC website: <br/><br/>*JNCC, DAERA, NatureScot, NE, NRW (2026). Habitats Regulations Reporting 2019-2024: Approach Document. Joint Nature Conservation Committee, Peterborough.*  Available to download from the [JNCC website](https://jncc.gov.uk/our-work/habitats-regulations-reporting-2019-to-2024/). <br/><br/>The Implementation Report has been produced in accordance with Regulation 3ZA of the Conservation (Natural Habitats &c.) Regulations 1994 (the Habitats Regulations). <br/>It gives an overview of the implementation of measures taken in Scotland to meet the provisions of the Birds and Habitats Directives, and to achieve the objectives of those Directives during the period 2019-2024. You can find the report on the [Scottish Government website](https://www.gov.scot/isbn/9781806436545).<br/><br/>This dataset will not be updated. The Habitats Regulations ensure that European sites are protected and managed and continue to operate, as they have done since their original designation. This includes reporting on the sites and the network every six years. Datasets associated with future reporting will be published separately as appropriate."
Habitats Regulations - Scotland_Art3ZA_UK_marine_species_MUs (Scotland relevant) 2025,NatureScot,https://data.gov.scot/dataset/habitats_regulations___scotland_art3za_uk_marine_species_mus__scotland_relevant__2025,https://api.data.gov.scot/resource/8e9fc5eb-ae5e-420d-9a84-496c0c794f0e/download,Habitats Regulations - Scotland_Art3ZA_UK_marine_species_MUs (Scotland relevant) 2025.xlsx,2026-08-20T09:20:21.810175,2026-08-20T17:11:53.935485,0,B,XLSX,,,,UK Open Government Licence (OGL),"This spreadsheet is published pursuant to the requirements of the Habitats Regulations (as amended)*. It contains an evaluation of the conservation status of marine species (features) listed on Annexes II, IV and/or V of the Habitats Directive (as transposed to the Habitats Regulations), the pressures acting on those features, and the conservation measures in place or required. It also contains draft conclusions at the Management Unit (MU) level for S1351 Harbour Porpoise and S1349 Bottlenose Dolphin. The guidance has been applied in the same way as for the UK-level assessments. <br/><br/>NOTE: that only data for species management units relevant to Scotland have been included; data for the Offshore Channel and South West England and Coastal West Channel have therefore been excluded. <br/><br/><br/>This file consists of four spreadsheets. These are:<br/><br/>* Report â€“ containing information on: Range, Population, Habitat for Species, Pressures, Conservation measures, Future prospects, Conclusions, UK National Site Network (pSCIs, SCIs, SACs) coverage for Annex II species, and Complementary information.<br/>* Pressures â€“ containing details on pressures for each feature. Pressures are set out using a standard set of codes produced by the EU 2019-2024 Article 17 of the Habitats Directive reporting (the full list is presented in the Approach Document, linked below). Where there is more than one pressure applicable to a feature, there is more than one row in the sheet. <br/>* Measures â€“ containing details on conservation measures for each feature. Measures are set out using a standard set of codes produced by the EU 2019-2024 Article 17 of the Habitats Directive reporting (the full list is presented in the Approach Document, linked below). Where there is more than one measure applicable to a feature, there is more than one row in the sheet. <br/>* Audit Notes â€“ containing further methodological detail on the information in the Report, Pressures, and Conservation measures sheets.<br/><br/>Further information on the methodology, including reporting guidelines and the Approach Document can be found on the JNCC website: <br/><br/>*JNCC, DAERA, NatureScot, NE, NRW (2026). Habitats Regulations Reporting 2019-2024: Approach Document. Joint Nature Conservation Committee, Peterborough.*  Available to download from the [JNCC website](https://jncc.gov.uk/our-work/habitats-regulations-reporting-2019-to-2024/). <br/><br/>The Implementation Report has been produced in accordance with Regulation 3ZA of the Conservation (Natural Habitats &c.) Regulations 1994 (the Habitats Regulations). It gives an overview of the implementation of measures taken in Scotland to meet the provisions of the Birds and Habitats Directives, and to achieve the objectives of those Directives during the period 2019-2024. You can find the report on the [Scottish Government website](https://www.gov.scot/isbn/9781806436545).<br/><br/>This dataset will not be updated. The Habitats Regulations ensure that European sites are protected and managed and continue to operate, as they have done since their original designation. This includes reporting on the sites and the network every six years. Datasets associated with future reporting will be published separately as appropriate."
Headcount of General Practice Workforce,Public Health Scotland,https://data.gov.scot/dataset/headcount_of_general_practice_workforce,https://api.data.gov.scot/resource/42984c95-9e3b-4788-a4e0-a93aebc4486d/download,headcount-of-general-practice-workforce.csv,2026-08-13T08:33:02.610040,2026-08-20T17:39:10.477064,0,B,CSV,,,,UK Open Government Licence (OGL),"Note: This dataset will not be receiving updates through this portal. Please refer to the [Public Health Scotland Open Data](https://www.opendata.nhs.scot/dataset/general-practitioner-contact-details) platform for the relevant data. <br/><br/>Data indicates headcount of GP workforce by Health Board and Local Authority as at 30 September for each year presented. The figures take no account of whether GPs work full or part time. Please note that GPs may hold multiple posts simultaneously therefore the total number of GPs in Scotland may not equal the sum of GPs recorded under Health Board or Local Authority. In line with legislation that came into effect on 1 April 2004, GPs are now collectively termed 'Performers'. The data includes: <br/><br/>* Performer - GP performers that are not salaried, retainees or registrars - i.e. generally the practice partners. <br/>* Performer salaried - GPs who are employed by the practice or NHS Board on a salaried basis. <br/>* Performer retainee - A GP, typically part-time, who can be utilised by a practice as they are required. <br/>* Performer registrar / Specialist Trainee - A medical practitioner who is being trained in general practice <br/><br/>Data excludes GPs working on a locum or sessional basis and the majority of those working only in Out of Hours Services. Data Source for General Practice Workforce: General Practitioner Contractor Database (GPCD), Information Services Division, NHS National Services Scotland. Further information on GP workforce and practice populations in Scotland is available on the [ISD Website](http://www.isdscotland.org/Health-Topics/General-Practice/Workforce-and-Practice-Populations/)"
Healthy Life Expectancy,National Records of Scotland,https://data.gov.scot/dataset/healthy_life_expectancy,https://api.data.gov.scot/resource/f82aad5b-b0b1-4ed6-9f45-63f8793cf866/download,healthy-life-expectancy.csv,2026-08-13T12:24:18.619397,2026-08-13T12:26:32.693303,0,B,CSV,,,,UK Open Government Licence (OGL),"Life expectancy (LE) is an estimate of how many years a person might be expected to live, whereas healthy life expectancy (HLE) is an estimate of how many years they might live in a 'healthy' state. HLE is a key summary measure of a population's health.<br/><br/>HLE is an estimate of how long the average person might be expected to live in a 'healthy' state. Like LE, it is most often expressed for an entire lifetime from the time of birth. HLE at birth is the number of years that a new-born baby would live in good health if they experienced the death rates and levels of general health of the local population at the time of their birth, throughout their life.<br/><br/>HLE is calculated by combining LE and a measure of 'healthy' health: in these HLE analyses for Scotland the measure used is self-assessed general health. This is self-reported by survey or Census respondents but has been shown to reflect both mental and physical health.<br/><br/>You can access further information about Life Expectancy and Healthy Life Expectancy statistics by visiting the relevant pages on [the  NRS website.](https://www.nrscotland.gov.uk/statistics-and-data/statistics/statistics-by-theme/life-expectancy)"
"Historical Population Estimates (pre-2001, historical geographic boundaries)",National Records of Scotland,https://data.gov.scot/dataset/historical_population_estimates__pre_2001__historical_geographic_boundaries_,https://api.data.gov.scot/resource/e06454b5-e2c3-40c5-bc50-b2464e6ebbac/download,historical-population-estimates.csv,2026-08-20T15:53:48.660764,2026-08-20T15:57:56.923317,0,B,CSV,,,,UK Open Government Licence (OGL),"Mid-year population estimates by age and sex for years prior to 2001, where higher geographies are aggregated from 2001 Data Zones.<br/><br/><br/>Data zones are the small area geography used by Scottish Government to allow statistics to be available across a number of policy areas. The data zone geography covers the whole of Scotland. Data zones were initially set up to nest within council area boundaries and to have populations of between 500 and 1,000 household residents. As much as possible, data zones were set up to contain households with similar social characteristics and to take into consideration physical boundaries. More information on data zone geography can be found on the [Scottish Government](http://www.gov.scot/Publications/2004/02/18917/33243) website. <br/><br/>Intermediate zones are built up from data zones. Intermediate zones are the statistical small geographical areas designed to contain between 2,500 and 6,000 household residents. More information on intermediate geography can be found on the [Scottish Government](http://www.gov.scot/Publications/2005/02/20732/53081) website.<br/>"
Homelessness Applications,Scottish Government,https://data.gov.scot/dataset/homelessness_applications,https://api.data.gov.scot/resource/e056ec91-b993-469c-8afb-39cf4d4f9222/download,homelessness-applications.csv,2026-08-13T12:20:54.918060,2026-08-13T12:23:18.991569,0,B,CSV,,,,UK Open Government Licence (OGL),"Summary figures of 1) all homelessness applications to local authorities each financial year in Scotland, 2) the total number of these assessed as homeless or threatened with homelessness."
Hospital Admissions,Public Health Scotland,https://data.gov.scot/dataset/hospital_admissions,https://api.data.gov.scot/resource/d7f70fa3-e915-47e2-86e7-33846664a952/download,hospital-admissions.csv,2026-08-20T15:53:52.613146,2026-08-20T17:10:50.735873,0,B,CSV,,,,UK Open Government Licence (OGL),"Note: This dataset will not be receiving updates through this portal.<br/><br/>Number of admissions to non-psychiatric/non-obstetric hospitals in Scotland. Information presented is for patients treated as inpatients or day cases only. The year shown refers to the year of discharge from hospital. <br/><br/>During a spell in hospital a patient may be transferred between consultants or hospitals - this can generate more than one hospital record - in such cases a patient is counted only once if they have multiple mentions of a particular diagnosis during the same spell in hospital. However, if a patient has more than one spell in hospital in the year with a particular diagnosis, each spell is counted separately in the figures shown. <br/><br/>Coronary Heart Disease is defined using the International Classification of Diseases Volume 10 (ICD10) codes (I20:I25). Cerebrovascular Disease is defined using the International Classification of Diseases Volume 10 (ICD10) codes (I60:I69, G45). Cancer is defined using the International Classification of Diseases Volume 10 (ICD10) codes (C00:C97). Respiratory Disease is defined using the International Classification of Diseases Volume 10 (ICD10) codes (J00:J99, R09.1). Disease of the Digestive system is defined using the International Classification of Diseases Volume 10 (ICD10) codes (K00:K93). Accidents is defined using the International Classification of Diseases Volume 10 (ICD10) codes (V01-X59, X85-Y35)."
Household Estimates,National Records of Scotland,https://data.gov.scot/dataset/household_estimates,https://api.data.gov.scot/resource/58b38d67-ea92-4fbc-8f5d-33b2eb5cee38/download,household-estimates.csv,2026-08-20T15:54:05.593387,2026-08-20T16:02:52.324078,0,B,CSV,,,,UK Open Government Licence (OGL),"This dataset contains information on the number ('count') of dwellings in each data zone and council area in Scotland, and the percentages ('ratio') that are occupied, vacant, unoccupied and exempt from paying council tax, long-term empty, second homes, are occupied and exempt from paying council tax, and that are receiving a 'single adult' council tax discount (i.e. dwellings subject to a Council Tax discount of 25 per cent). <br/><br/>The estimates are based on two Council Tax data collections carried out each year in September. Council Tax data contains information on the various discounts/exemptions awarded to each dwelling in Scotland. From these we can determine which dwellings are occupied and which are vacant or second homes. Council area and Scotland level estimates are produced using data provided by each council to the Scottish Government, using the Council Tax Base form, 'Ctaxbase', available from the Scottish Government website. Data zone level estimates are produced using data provided by each council to National Records of Scotland (NRS) at data zone or postcode level. Data zone level estimates are constrained so that they sum to the Council Tax Base totals for a council area, unless a council has advised otherwise. For full details of the methods used see the 'Estimates of Households and Dwellings in Scotland' publications on the [NRS website](https://www.nrscotland.gov.uk/publications/households-and-dwellings-in-scotland-2024/#).<br/><br/>The number of occupied dwellings is roughly equivalent to the number of households in an area, which is why we refer to this dataset as 'Household Estimates'. This dataset provides the best source of information on the number of occupied dwellings or households at data zone level each year. However, for information on numbers of households in council areas and Scotland, separate mid-year household estimates are available on [statistics.gov.scot](https://statistics.gov.scot/resource?uri=http%3A%2F%2Fstatistics.gov.scot%2Fdata%2Fmid-year-household-estimates) and the [NRS website](https://www.nrscotland.gov.uk/publications/households-and-dwellings-in-scotland-2024/#). These are based on the September occupied dwellings data but are adjusted (i) to estimate number of households in June, (ii) to account for the estimated number of occupied dwellings which contain more than one household and (iii) to account for the estimated number of communal establishments which have been included in Council Tax records.<br/><br/>Additional summary statistics for National Parks, Strategic Development Plan areas, urban-rural classifications and Scottish Index of Multiple Deprivation deciles are published annually in 'Estimates of Households and Dwellings in Scotland' which is available from the [NRS website](https://www.nrscotland.gov.uk/publications/small-area-statistics-on-households-and-dwellings-2024/#).<br/><br/>The estimated total number of dwellings in this dataset differ from those in the [Dwellings by Council Tax Band Summary](https://statistics.gov.scot/resource?uri=http%3A%2F%2Fstatistics.gov.scot%2Fdata%2Fdwellings-by-council-tax-band-summary-current-geographic-boundaries), [Dwellings by Number of Rooms](https://statistics.gov.scot/data/dwellings-rooms), [Dwellings Median Number of Rooms](https://statistics.gov.scot/data/dwellings-median-number-of-rooms) and [Dwellings by Type](https://statistics.gov.scot/data/dwellings-type) datasets as these are extracted from a different source (the Assessors' Portal) at a different time of year (December, or January the following year). <br/><br/><br/>*Total Dwellings*  A 'dwelling' refers to the accommodation itself, for example a house or a flat, and includes second homes that are not let out commercially. Caravans count as dwellings if they are someone's main house.<br/><br/>*Which Are Occupied*  Any dwelling apart from those which are vacant or second homes. The number of occupied dwellings is a good estimate of the number of households.<br/><br/>*Which Are Vacant*  This includes dwellings that are exempt from Council Tax and are unoccupied; and dwellings which are recorded on Council Tax systems as being long-term empty properties.<br/><br/>*With 'Unoccupied Exemptions'*  Dwellings exempt from Council Tax, which are unoccupied, such as new dwellings, those undergoing repair or awaiting demolition and dwellings where the previous owner has died.<br/><br/>*Which are Long-term empty*  Dwellings which are empty properties. This should include properties subject to discounts and levies due to be empty except the properties recorded as Unoccupied dwellings exempt from paying Council Tax. 'Long-term empty' properties in these statistics nominally relate to those empty for 6 months or more. It was discovered that prior to 2024 some councils had also included within their reported data for this category properties empty for less than 6 months. The number of long-term (6 months or more) empty properties will therefore have been overstated in such instances. The guidance for the September 2024 data collection was strengthened to ensure that councils excluded properties empty for less than 6 months from this category in their data returns, This is reflected in the 2024 statistics in the CTax Base figures published by Scottish Government Local Government Finance Statistics, and also in the council level statistics for 2024 on long-term empty properties included in the Data file (tables 4 and 6c) of the [Households and Dwellings 2024 publication](https://www.nrscotland.gov.uk/publications/households-and-dwellings-in-scotland-2024/#). However, not all councils were able to adjust the reporting software used to provide their small area data on the long-term empty category to similarly exclude properties empty for less than 6 months. As a result the statistics on 'long-term empty' properties for Data Zones, and for the other geographies created as aggregations of Data Zones, will continue to have been overstated in such instances. Summing the number of 'long-term empty' properties across all Data Zones in a council area will therefore not necessarily agree with the figure given for the council in tables 4 and 6c of the main publication.<br/><br/>*Which Are Second Homes*   These are dwellings that are not someone's main residence and that are occupied for at least 25 days a year. These include self-catering holiday accommodations available to let for a total of less than 140 days per year. Second homes which are let out for 140 days or more are not included in these figures as they are classed as business so pay non-domestic rates rather than Council Tax. Each council has discretion to apply a discount of between 10% and 50% on second homes, or may choose to apply no discount.<br/><br/>*With 'Occupied Exemptions'*  Dwellings exempt from Council Tax, which are occupied. This includes: dwellings only occupied by students, armed forces accommodation owned by the Secretary of State for Defence, dwellings which are the sole residence only of people aged under 18 or people who are classed as severely mentally impaired, trial flats used by registered housing associations, and prisons.<br/><br/><br/>*With Single Adult Discount*  Dwellings subject to a Council Tax discount of 25 per cent. This may include, for example, dwellings with a single adult, dwellings with one adult living with one or more children, or with one or more adults who are 'disregarded' for Council Tax purposes.<br/><br/>For a short explanation of the categories:<br/><br/>*Total Dwellings*  =   *Which Are Occupied*  + *Which Are Vacant*  + *Which Are Second Homes*<br/>  <br/>*Which Are Vacant*   =    *With 'Unoccupied Exemptions'*  +  *Which are Long-term empty*<br/><br/>*With 'Occupied Exemptions'*    and *With Single Adult Discount*    are a fraction of  *Total Dwellings*<br/><br/>Because figures have been rounded to the nearest whole number, totals might be not equal to the sum of  categories.<br/><br/>Due to the methodology used, totals for Council are not equal to the sum of Data Zone values.<br/><br/>*NOTE: 12th January 2026 - Minor corrections have been made to the values for the number/percentage of vacant dwellings to fix an error in the code used to calculate them. All other numbers in the data set are unaffected by these corrections.*"
Household Financial Management - Scottish Household Survey,Scottish Government,https://data.gov.scot/dataset/household_financial_management___scottish_household_survey,https://api.data.gov.scot/resource/8a1796ac-b72b-42f9-af03-f4580e8b3f7c/download,household-financial-management---shs.csv,2026-08-13T12:51:26.202994,2026-08-13T12:52:42.945670,0,B,CSV,,,,UK Open Government Licence (OGL),"Every year Scottish Household Survey (SHS) asks households about how well they manage financially. The data reported here is for households and is available by:<br/><br/>\u2022 Local Authority <br/><br/>\u2022 Gender of the highest income householder<br/><br/>*In the 2018 SHS the gender question was revised. In previous years interviewers asked if household members were 'male' or 'female'. In the 2018 survey the options given were: 'man/boy', 'woman/girl' and two additional responses: 'identified in another way' and 'refused'. In order to remain harmonised with other statistics.gov.scot datasets, the previous response options 'male' and 'female' will be maintained.*<br/><br/>\u2022 Age of the highest income householder<br/><br/>\u2022 SIMD quintiles <br/><br/>\u2022 Total Net Annual Income of the household<br/><br/>\u2022 Main Income Source <br/><br/>\u2022 Household Type <br/><br/>\u2022 Type Of Tenure <br/><br/>\u2022 Access to Car <br/><br/>The [most recent annual publication](https://www.gov.scot/publications/scottish-household-survey-2019-annual-report/) and [full questionnaire](https://www.gov.scot/publications/scottish-household-survey-questionnaires/) can be accessed on the Scottish Government website.<br/><br/>And the survey data for the full Scottish Household Survey is available from [the UK Data Service](https://beta.ukdataservice.ac.uk/datacatalogue/series/series?id=2000048#!/abstract)."
Household Projections,National Records of Scotland,https://data.gov.scot/dataset/household_projections,https://api.data.gov.scot/resource/81468688-0905-4a79-83ea-785d57496f54/download,household-projections.csv,2026-08-13T15:52:26.686864,2026-08-13T15:54:03.234039,0,B,CSV,,,,UK Open Government Licence (OGL),"This dataset contains projections of the number of households in Scotland and in each Council, National Park and Health Board area. The projections include breakdowns by type of household and age of household reference person.<br/>The projections are trend based. They extrapolate from existing data and do not take into account future effects of changes in legislation or policy.<br/><br/><br/>*Age* refers to the age of [household reference person (HRP).](https://www.scotlandscensus.gov.uk/variables-classification/household-reference-person)<br/><br/><br/>*Population Projection Variant* refers to which population model the projection was based on; one with high migration or low migration or the 'principal' model which uses default assumptions about migration. <br/><br/><br/>*Household Type* refers to the composition of the household, in terms of numbers of adults and children residing in a given household.<br/><br/><br/>Household projections are produced by the National Records of Scotland (NRS) every two years. The method and sources of data used for the 2018-based household projections have changed from those used for the 2016-based projections. Details of the changes and the methodology used to produce these statistics is available in the methodology section of the [Household Projections for Scotland (2018-based) publication](https://www.nrscotland.gov.uk/files//statistics/household-projections/18/household-proj-18-report.pdf#page=49)  on the NRS website.<br/><br/><br/>[Summary tables](https://www.nrscotland.gov.uk/files//statistics/household-projections/18/2018-house-proj-fullprinc-alltabs.xlsx) of the number of projected households obtained using household representative rates (HRR) projected through to 2043 (the principal projection holds the HRRs constant from 2022) has been published in the [NRS website.](https://www.nrscotland.gov.uk/statistics-and-data/statistics/statistics-by-theme/households/household-projections/2018-based-household-projections) This additional variant allows us to see the potential effect on household formation if the recent trends continue beyond the point assumed for the principal projection.<br/><br/><br/>This set of projections covers the period from 2018 to 2043, a projection period of 25 years. The household projections incorporate the latest (2018-based) population projections and the 2018 and 2019 household estimates (both available on the [NRS website)](https://www.nrscotland.gov.uk/statistics-and-data/statistics/statistics-by-theme/households/household-estimates). Information from Scotland's Census 2001 and 2011 is used to project trends in the types of household that people are living in. Data from a range of sources on residents in communal establishments, such as care homes or prisons, are also included in order to project only the part of the population living in private households (non-communal).<br/><br/><br/>The 2018-based household projections use the [2018-based population projections](https://www.nrscotland.gov.uk/statistics-and-data/statistics/statistics-by-theme/population/population-projections/sub-national-population-projections), which gives information on the number, age and sex of people for each year of the projection period. Estimates of the communal  establishment residents are then subtracted from the population projections to give the private household population for each projection year. Applying household representative rates (HRRs) to the private population produces household estimates. HRRs are projected using the data from 2001 and 2011 Censuses until 2021. From 2022 the HRRs are held constant. HRRs are then multiplied by the private household population to produce a projected number of households. The number of people who are the HRP for particular household types is the same as the number of  households of this type. After the initial projection, the data is re-constrained to the 2018-19 household estimate totals to make use of these more up-to-date dataset. Further minor refinements and constraints are applied in order to ensure consistency with the input datasets."
Household Projections of Average Household Size,National Records of Scotland,https://data.gov.scot/dataset/household_projections_of_average_household_size,https://api.data.gov.scot/resource/930cb5aa-642e-46b6-8f83-57d2fcf0a2ab/download,household-projections-of-average-household-size.csv,2026-08-13T15:34:20.927223,2026-08-13T15:35:34.104772,0,B,CSV,,,,UK Open Government Licence (OGL),"This dataset contains information on the average number of people per household ('average household size') in each council, Health Board, National Park areas and in Scotland from 2018 to 2043. Average household size is calculated using the projected number of people living in private (non-communal) households in an area divided by the number of projected households in this area.<br/>Population living in private households are available on the [NRS website](http://www.nrscotland.gov.uk/files//statistics/household-projections/18/2018-house-proj-source-data-alltabs.xlsx). The [number of projected households](http://www.nrscotland.gov.uk/files//statistics/household-projections/18/2018-house-proj-fullprinc-alltabs.xlsx) is also available from the same website and in the [open data platform](http://statistics.gov.scot/data/household-projections).<br/>For more information on household projections statistics, please see the [NRS website](http://www.nrscotland.gov.uk/statistics-and-data/statistics/statistics-by-theme/households/household-projections/2018-based-household-projections) and the [About](http://statistics.gov.scot/data/household-projections)  section of the household projections data on [statistics.gov.scot](http://statistics.gov.scot).<br/><br/><br/>Household projections are produced by the National Records of Scotland (NRS) every two years. The method and sources of data used for the 2018-based household projections have changed from those used for the 2016-based projections. Details of the changes and the methodology used to produce these statistics is available in the methodology section of the [Household Projections for Scotland (2018-based) publication](http://www.nrscotland.gov.uk/files//statistics/household-projections/18/household-proj-18-report.pdf#page=49)  on the NRS website. <br/><br/><br/>This set of projections covers the period from 2018 to 2043, a projection period of 25 years. The household projections incorporate the latest (2018-based) population projections and the 2018 and 2019 household estimates (both available on the [NRS website](http://www.nrscotland.gov.uk/statistics-and-data/statistics/statistics-by-theme/households/household-estimates) ). Information from Scotland's Census 2001 and 2011 is used to project trends in the types of household that people are living in. Data from a range of sources on residents in communal establishments, such as care homes or prisons, are also included in order to project only the part of the population living in private households (non-communal). <br/><br/><br/>The 2018-based household projections uses the [2018-based population projections](http://www.nrscotland.gov.uk/statistics-and-data/statistics/statistics-by-theme/population/population-projections/sub-national-population-projections), which gives information on the number, age and sex of people for each year of the projection period. Estimates of the communal  establishment residents are then subtracted from the population projections to give the private household population for each projection year. Applying household representative rates (HRRs) to the private population produces household estimates. HRRs are projected using the data from 2001 and 2011 Censuses until 2021. From 2022 the HRRs are held constant. HRRs are then multiplied by the private household population to produce a projected number of households. The number of people who are the [Household Reference Person (HRP)](http://www.scotlandscensus.gov.uk/variables-classification/household-reference-person) for particular household types is the same as the number of  households of this type. After the initial projection, the data is re-constrained to the 2018-19 household estimate totals to make use of these more up-to-date dataset. Further minor refinements and constraints are applied in order to ensure consistency with the input datasets."
Household Tenure - Scottish Survey Core Questions,Scottish Government,https://data.gov.scot/dataset/household_tenure___scottish_survey_core_questions,https://api.data.gov.scot/resource/92bfda51-d405-43ea-a070-03cc5ce20bf7/download,household-tenure-sscq.csv,2026-08-13T09:44:08.170058,2026-08-13T09:45:17.335808,0,B,CSV,,,,UK Open Government Licence (OGL),"A respondent on behalf of the household is asked if they own the accomodation outright, if they are buying it through a loan or mortgage or if they are tenants. They are then asked from whom they rent the property - from a private individual or organisation or from a local authority or housing association.<br/><br/>The Scottish Survey Core Questions is an innovative project drawing together multiple household surveys to provide a large sample for subnational analysis. The three surveys used are the  Scottish Household Survey (SHS), Scottish Health Survey (SHeS) and Scottish Crime and Justice Survey (SCJS). For more information on this source, see the [SSCQ website.](https://www.gov.scot/collections/scottish-surveys-core-questions/)"
Household Type,National Records of Scotland,https://data.gov.scot/dataset/household_type,https://api.data.gov.scot/resource/98ae9311-c25d-4696-ab21-637638c19588/download,household-type.csv,2026-08-13T11:59:29.585520,2026-08-13T12:00:45.856620,0,B,CSV,,,,UK Open Government Licence (OGL),"This dataset contains information on the number ('count') of  households of different types in Scotland. Households are described as different 'types' based on the number of adults and children. The types of household included in this dataset are: one female adult living alone; one male adult living alone; two adults without children; one adult with one child; one adult with two or more children; two or more adults with one or more children; and three or more adults without children.<br/><br/>The figures for 1981, 1991, 2001 and 2011 are from Scotland's Census. Estimates from 2002 onwards are based on the proportion of households of each type from the Scottish Household Survey (SHS). More information about the Scottish Household Survey is available on the [Scottish Government website](http://www.gov.scot/Topics/Statistics/16002). The estimates of the number of households of each type obtained from the SHS are adjusted so that the total number of households is equal to the NRS mid-year household estimate figure in each year ([Mid-Year Household Estimate](http://statistics.gov.scot/data/mid-year-household-estimates)). Adjustments are also made to account for differences between the distributions of household types taken from Scotland's Census 2001 and 2011 and from the 2001 and 2011 SHS. This is to account for any biases in the SHS data introduced as a result of some household types being more likely to take part in the survey than others.<br/><br/>For full details of the methods used see the 'Estimates of Households and Dwellings in Scotland' publications on the [National Records of Scotland (NRS) website](https://www.nrscotland.gov.uk/statistics-and-data/statistics/statistics-by-theme/households/household-estimates). <br/>"
House Prices,Scottish Government,https://data.gov.scot/dataset/house_prices,https://api.data.gov.scot/resource/d2f756c5-d35e-402c-8861-554dc22d8c32/download,house-sales-prices.csv,2026-08-20T15:54:01.188647,2026-08-20T15:59:23.859597,0,B,CSV,,,,UK Open Government Licence (OGL),"Residential property transactions are recorded by Registers of Scotland.  Historical analysis for the years prior to 2003 includes additional coding by the Land Valuation Information Unit at the University of Paisley and Scottish Government. Figures for the years following 2003 are based on Scottish Government analysis of sales data supplied by Registers of Scotland.<br/><br/>The number of sales, median price and lower quartile price are based on second hand and new build sales that are recorded/registered in the given time period whether they are cash purchases or funded by mortgages. It can take a period of time for sales to be submitted and recorded after the transaction is completed.<br/><br/>Areas with less than 5 sales have the number and value of sales suppressed to help minimise the risk of data disclosure and to ensure that any averages presented are based on at least 5 records."
House Prices - Residential Properties Sales and Price,Registers of Scotland,https://data.gov.scot/dataset/house_prices___residential_properties_sales_and_price,https://api.data.gov.scot/resource/3d9a31a5-4b62-436a-a537-7d9bbeba1723/download,residential-properties-sales-and-price.csv,2026-08-20T16:42:45.469610,2026-08-24T16:58:01.060120,0,B,CSV,,,,UK Open Government Licence (OGL),"The statistics include all market value sales in Scotland, based on the date of registration with Registers of Scotland. <br/><br/>Areas with less than 5 sales have  had the value of sales suppressed to help minimise the risk of data disclosure and to ensure that any averages presented are based on at least 5 records.<br/><br/>For the most up to date Scotland and Local Authority figures please see [Registers of Scotland house price statistics](https://www.ros.gov.uk/data-and-statistics/house-price-statistics).  For a comparison, to understand the difference between these two datasets please see our guide to using RoS house price statistics. [how-we-compile-our-statistics](https://kb.ros.gov.uk/using-our-services/our-property-data/how-we-compile-our-statistics). <br/><br/>For house price data dating from 1993 please see  [House Prices](https://statistics.gov.scot/resource?uri=http%3A%2F%2Fstatistics.gov.scot%2Fdata%2Fhouse-sales-prices)."
House Sales,Scottish Government,https://data.gov.scot/dataset/house_sales,https://api.data.gov.scot/resource/5f7c528a-2491-40cd-80cb-49da558cb597/download,house-sales.csv,2026-08-20T15:53:56.768474,2026-08-20T15:56:55.163459,0,B,CSV,,,,UK Open Government Licence (OGL),"Residential property transactions are recorded by Registers of Scotland.  Historical analysis for the years prior to 2003 includes additional coding by the Land Valuation Information Unit at the University of Paisley and Scottish Government. Figures for the years following 2003 are based on Scottish Government analysis of sales data supplied by Registers of Scotland.<br/><br/>The number of sales, median price and lower quartile price are based on second hand and new build sales that are recorded/registered in the given time period whether they are cash purchases or funded by mortgages. It can take a period of time for sales to be submitted and recorded after the transaction is completed.<br/><br/>Areas with less than 5 sales have the number and value of sales suppressed to help minimise the risk of data disclosure and to ensure that any averages presented are based on at least 5 records."
Housing Lists,Scottish Government,https://data.gov.scot/dataset/housing_lists,https://api.data.gov.scot/resource/7c57f5ec-cc00-4380-a1b8-25f783cb5d5e/download,housing-lists.csv,2026-08-13T15:55:27.503803,2026-08-13T15:57:30.038307,0,B,CSV,,,,UK Open Government Licence (OGL),"The annual Housing Lists return was introduced in March 2001. It records the total number of applications on waiting lists and transfer lists for a local authority dwelling on local authority housing registers and common housing registers, during the year to 31 March. <br/><br/>It is important to note this is not the number of individuals (or households) applying for local authority housing, but the number of applications received by local authorities for social housing. Each application made is counted. Therefore if a household makes an application to five registers, this will be recorded as five in the statistics. This means that some applicants will be on more than one authority's list, and the Scotland total, therefore the totals include an unquantifiable amount of double counting.<br/>"
Income Support Claimants,Scottish Government,https://data.gov.scot/dataset/income_support_claimants,https://api.data.gov.scot/resource/50f120df-1fa7-4547-a605-00742dd29595/download,income-support-claimants.csv,2026-08-20T15:54:10.119023,2026-08-20T16:08:02.667569,0,B,CSV,,,,UK Open Government Licence (OGL),"Income Support (IS) was introduced in April 1988 can be paid to a person aged 16 to 59 who is in Great Britain, is not working 16 hours or more a week and has less money coming in than the law says they need to live on. <br/><br/>From October 1996, Jobseekers Allowance replaced Income Support (IS) for unemployed people. IS is now only available to people who are not required to be available for work such as carers, sick and disabled people and lone parents. The number of pensioner claimants will not equal the number of claimants aged 60 or over, as it also considers the age of the partner. Pension Credit (PC) replaced the Minimum Income Guarantee (MIG) in October 2003, PC claimants are shown separately. <br/><br/>Data shown here are derived from a 100% data source; the Work and Pensions Longitudinal Study (WPLS) which is not subject to any sampling error. The dataset provides counts of total claimants and breakdowns by age, gender, duration on benefit, partnering and by statistical group. Each Income Support claimant has been assigned to one of three statistical groups: Incapacity Benefits; Lone Parent; Carer or Others on Income Related Benefits. Statistical groups are arranged hierarchically and claimants are assigned to the highest statistical group that they belong to. Thus a person who claims Income Support as a Lone Parent and also receives Incapacity Benefit would be classified into incapacity benefits group. For this reason the group Lone Parent, for example will not contain all lone parents claiming Income Support. Some will be included in the Incapacity Benefits group instead. The data is a snapshot in time and will therefore exclude a small number of clerically held cases. <br/><br/>The snapshots are taken at quarterly intervals at the end of February (Q1), May (Q2), August (Q3) and November (Q4). The very small number of claimants who have an unknown age or gender are included within the area total but excluded from the age and gender breakdowns as they pose a small disclosure risk. The data in the WPLS datasets are not directly comparable to the annual individual level data previously released as they were a single snapshot at a point in time and did not reflect late notifications and removals from the systems. Due to the introduction of Pension Credit, rates are only shown for claimants aged 16-59, these are calculated using the population aged 16-59 from the small the area population estimates published by the National Records of Scotland. Populations denominators for higher geographies are based on best-fit 2001 geographies. <br/><br/>Source: Department for Work and Pensions. <br/><br/>Enquiries email: [disseminationteam@dwp.gsi.gov.uk](disseminationteam@dwp.gsi.gov.uk)"
Infant Deaths,National Records of Scotland,https://data.gov.scot/dataset/infant_deaths,https://api.data.gov.scot/resource/b9d631a4-f78a-43fe-b286-723c21b1d504/download,infant-deaths.csv,2026-08-13T09:44:12.812710,2026-08-13T09:46:32.126621,0,B,CSV,,,,UK Open Government Licence (OGL),"Infant deaths refer to all deaths in the first year of life.<br/><br/>Perinatal deaths are stillbirths and deaths which occur in the first week of life. Data on births, stillbirths and deaths relate to the date of registration of the event and not the date of occurrence.<br/><br/>More information is available on the [National Records of Scotland website](http://www.nrscotland.gov.uk/statistics-and-data/statistics/statistics-by-theme/vital-events/deaths/deaths-background-information/stillbirths-and-infant-deaths)."
Involvement with people in the neighbourhood - Scottish Household Survey,Scottish Government,https://data.gov.scot/dataset/involvement_with_people_in_the_neighbourhood___scottish_household_survey,https://api.data.gov.scot/resource/f3a0c0c5-f541-4073-a6fc-7441914172cb/download,involvement-with-people-in-the-neighbourhood---scottish-household-survey.csv,2026-08-13T10:23:45.195228,2026-08-13T10:25:11.144399,0,B,CSV,,,,UK Open Government Licence (OGL),"Every year the Scottish Household Survey (SHS) asks adults whether they agree with the following statements about their involvement with people in their neighbourhood.<br/><br/><br/>\u2022 If I was alone and needed help, I could rely on one of my friends/relatives in this neighbourhood to help me <br/><br/>\u2022 If my home was empty, I could count on one of my friend/relatives in this neighbourhood to keep an eye on my home <br/><br/>\u2022 I feel I could turn to friends/relatives in this neighbourhood for advice or support<br/><br/>\u2022 In an emergency, such as a flood, I would offer to help people in my neighbourhood who might not be able to cope well<br/><br/><br/><br/>The data is reported here on person level and is a combination of those who strongly agree and tend to agree with each statement. The data is available by:<br/><br/><br/>\u2022 Local Authority<br/><br/>\u2022 Gender of the randomly selected adult <br/><br/>*In the 2018 Scottish Household Survey the gender question was revised. In previous years interviewers asked if household members were 'male' or 'female'. In the 2018 survey the options given were: 'man/boy', 'woman/girl' and two additional responses: 'identified in another way' and 'refused'.  In order to remain harmonised with other Statistics.Gov.Scot datasets, the previous response options 'male' and 'female' will be maintained.*<br/><br/>\u2022 Urban/Rural Classification<br/><br/>\u2022 SIMD quintiles<br/><br/>\u2022 Type Of Tenure<br/><br/>\u2022 Household Type<br/><br/>\u2022 Ethnicity of the randomly selected adult<br/><br/>\u2022 Walking distance to nearest greenspace<br/><br/>The [most recent annual publication](http://www.gov.scot/Topics/Statistics/16002/Publications) and [full questionnaire](https://www2.gov.scot/Topics/Statistics/16002/PublicationQuestionnaire) can be accessed on the Scottish Government website.<br/><br/>And the survey data for the full Scottish Household Survey is available from [the UK Data Service](https://beta.ukdataservice.ac.uk/datacatalogue/series/series?id=2000048#!/abstract).<br/><br/><br/>"
Job Seeker's Allowance Claimants,Scottish Government,https://data.gov.scot/dataset/job_seeker_s_allowance_claimants,https://api.data.gov.scot/resource/285acfdd-9157-4d9a-a39d-e4688dc5870d/download,job-seekers-allowance.csv,2026-08-20T15:54:15.121537,2026-08-20T16:08:22.860996,0,B,CSV,,,,UK Open Government Licence (OGL),"JSA replaced Unemployment Benefit and Income Support for unemployed people in October 1996. It is payable to people under pensionable age who are available for, and actively seeking work with some exclusions. There are contribution-based and income-based routes of entry to JSA. Income-based JSA is similar to Income Support and the majority of JSA recipients are expected to qualify through this route. <br/><br/>Data shown here are derived from a 100% data source; the Work and Pensions Longitudinal Study (WPLS) which is not subject to any sampling error. The dataset provides counts of total claimants and breakdowns by age and gender from a snapshot in time and will therefore exclude a small number of clerically held cases. <br/><br/>The snapshots are taken at quarterly intervals at the end of February (Q1), May (Q2), August (Q3) and November (Q4). The scans from this source do not have accurate markers to indicate receipt of income based JSA or not. A very small number of claimants who have an unknown age or gender are included within the area total but excluded from the age and gender breakdowns as they pose a small disclosure risk. Due to low numbers it has not been possible to give information on duration on benefit, but this can be found via the claimant count on [NOMIS](http://www.nomisweb.co.uk/). <br/><br/>The data in the WPLS datasets are not directly comparable to the annual individual level data previously released as they were a single snapshot at a point in time and did not reflect late notifications and removals from the systems. Claim rates are calculated using the working age population (males aged 16-64 and females aged 16-59) from the small area population estimates published by the National Records of Scotland. Populations denominators for higher geographies are based on best-fit 2001 geographies. <br/><br/>Source: Department for Work and Pensions. <br/><br/>Enquiries email: [disseminationteam@dwp.gsi.gov.uk](mailto:disseminationteam@dwp.gsi.gov.uk)"
Job Start Payment: Applications and Payments,Scottish Government,https://data.gov.scot/dataset/job_start_payment__applications_and_payments,https://api.data.gov.scot/resource/c5de6048-f494-4523-87c9-3a2c198e678e/download,job-start-payment-applications-and-payments.csv,2026-08-13T15:52:40.974422,2026-08-13T15:53:51.146973,0,B,CSV,,,,UK Open Government Licence (OGL),"Job Start Payment is a new benefit that helps young people in Scotland, who are receiving certain benefits, with the costs of starting a new job. It is open to young people aged 16 to 24 who reside in Scotland. The upper age is extended to 25 if the young person is a care leaver.<br/><br/>The payment is a one-off cash sum of either £319.80 for those who do not have responsibility for a child or a higher amount of £511.65 for those who do.<br/><br/>Social Security Scotland began taking applications for Job Start Payment on 17 August 2020.<br/><br/>This dataset includes the number of applications received and authorised for the Job Start Payment benefit as well as the total value of payments made. Statistics are provided for the last day of the month (e.g. figures for 2020-08 are for applications received or authorised as of 31 August 2020)<br/>"
Justice Social Work Reports,Scottish Government,https://data.gov.scot/dataset/justice_social_work_reports,https://api.data.gov.scot/resource/77c0a310-2978-4bcf-946f-527709573145/download,social-work-reports.csv,2026-08-13T10:40:33.251766,2026-08-13T10:41:44.527795,0,B,CSV,,,,UK Open Government Licence (OGL),"This table  includes data on justice social work orders, as well as characteristics of the individuals involved. The information contained in this table is derived from annual returns made to the Scottish Government by Scottish local authority social work departments.  Further breakdowns and information are available on the [website](https://www.gov.scot/collections/criminal-justice-social-work/).<br/><br/>Social work orders include community payback, community service, probation, supervised attendance, drug treatment and testing and fiscal work orders. Data at local authority level for all years back to 2004-05 for total [social work orders commenced](http://statistics.gov.scot/data/social-work-orders-commenced) and\u00A0[social work orders terminated](http://statistics.gov.scot/data/social-work-orders-terminated) are also available."
Labour Productivity: Annual,Scottish Government,https://data.gov.scot/dataset/labour_productivity__annual,https://api.data.gov.scot/resource/ee33b00a-922a-4052-93ba-d8e15b65fd3b/download,labour-productivity-annual.csv,2026-08-13T12:31:49.897146,2026-08-13T12:32:57.614559,0,B,CSV,,,,UK Open Government Licence (OGL),"Labour productivity measures the amount of economic output that is produced, on average, by each unit of labour input, and is an important indicator of economic performance. Labour productivity statistics for Scotland are produced by the Scottish Government and have been designated as Official Statistics.<br/><br/>Labour productivity is a derived statistic which means that it is not directly estimated, but is based on separate estimates for economic output and labour input. It is calculated by dividing a measure of output (gross value added, GVA) by a measure of input (number of jobs or total number of hours worked). An increase in GVA or a decrease in jobs/hours contributes toward an increase in labour productivity whilst a decrease in GVA or an increase in jobs/hours contributes toward a decrease.<br/><br/>Labour input is measured in terms of the number of jobs in the economy (giving a measure of output per job), and also the total number of hours worked (giving output per hour worked). Output per hour worked is usually viewed as the most comprehensive indicator of whole economy labour productivity and taken as the headline measure. Output statistics (gross value added, GVA) are sourced from Scottish Government quarterly national accounts statistics. Labour input measures (number of jobs filled and number of hours worked) are consistent with the quarterly NUTS1 results for countries and regions published by the Office for National Statistics (ONS).<br/><br/>This dataset contains a measure of annual (calendar year) labour productivity growth. Quarterly labour productivity estimates are no longer published, historic quarterly labour productivity figures can be found here  [Labour Productivity: Quarterly dataset](http://statistics.gov.scot/data/labour-productivity-quarterly).<br/><br/>The productivity measures are in real terms (adjusted for inflation) and are suitable for analysis of changes in performance over time. The annual series is indexed to a reference year (2019=100) in order to be consistent with the GDP statistics published by the Scottish Government. An index value of more than 100 means that productivity is higher than in the reference year, and a value of less than 100 means that output is lower than in the reference year.<br/><br/>The indices are rounded to 2 decimal places and the growth rate measures are rounded to 2 decimal place. It is not always possible to replicate the published growth rates using rounded data, but all results are also available unrounded in the downloadable spreadsheets from the latest publication.<br/><br/>Further information about these statistics and the methods used to produce them is available in the background notes of the [latest statistical bulletin](https://www.gov.scot/publications/labour-productivity-statistics-2021-q4/) and in the accompanying methodology document.<br/>"
Labour Productivity: Quarterly,Scottish Government,https://data.gov.scot/dataset/labour_productivity__quarterly,https://api.data.gov.scot/resource/0d4041f4-7c60-4a68-bfb8-27bdbfedf169/download,labour-productivity-quarterly.csv,2026-08-13T10:13:36.518939,2026-08-13T10:14:52.881474,0,B,CSV,,,,UK Open Government Licence (OGL),"Labour productivity measures the amount of economic output that is produced, on average, by each unit of labour input, and is an important indicator of economic performance. Labour productivity statistics for Scotland are produced by the Scottish Government and have been designated as Official Statistics.<br/><br/>Labour productivity is a derived statistic which means that it is not directly estimated, but is based on separate estimates for economic output and labour input. It is calculated by dividing a measure of output (gross value added, GVA) by a measure of input (number of jobs or total number of hours worked). An increase in GVA or a decrease in jobs/hours contributes toward an increase in labour productivity whilst a decrease in GVA or an increase in jobs/hours contributes toward a decrease.<br/>Labour input is measured in terms of the number of jobs in the economy (giving a measure of output per job), and also the total number of hours worked (giving output per hour worked). Output per hour worked is usually viewed as the most comprehensive indicator of whole economy labour productivity and taken as the headline measure. Output statistics (gross value added, GVA) are sourced from Scottish Government quarterly national accounts statistics. Labour input measures (number of jobs filled and number of hours worked) are consistent with the quarterly NUTS1 results for countries and regions published by the Office for National Statistics (ONS).<br/><br/>The two measures of quarterly labour productivity growth in this dataset, detailed below, are calculated using a seasonally adjusted based estimate of productivity which removes recurring seasonal features. For data relating to annual (calendar year) labour productivity, see the [Labour Productivity: Annual dataset](http://statistics.gov.scot/data/labour-productivity-annual).<br/><br/>\u2022 q-on-q year ago is the percentage change (growth rate) over the year, comparing the latest quarter to the same quarter of the previous year. This growth rate is usually taken as the headline measure of quarterly labour productivity growth.<br/><br/>\u2022 q-on-q is the percentage change (growth rate) for the latest quarter compared to the previous quarter. This can be used to identify underlying short term changes in a more timely way than the q-on-q year ago measure.<br/><br/>The productivity measures are in real terms (adjusted for inflation) and are suitable for analysis of changes in performance over time. The seasonally adjusted series is indexed to a reference year (2018=100) in order to be consistent with the GDP statistics published by the Scottish Government. An index value of more than 100 means that productivity is higher than in the reference year, and a value of less than 100 means that output is lower than in the reference year.<br/><br/>The indices are rounded to 4 decimal places and the growth rate measures are rounded to 1 decimal place. It is not always possible to replicate the published growth rates using rounded data, but all results are also available unrounded in the downloadable spreadsheets from the latest publication.<br/><br/>Further information about these statistics and the methods used to produce them is available in the background notes of the [latest statistical bulletin](https://www.gov.scot/publications/labour-productivity-statistics-2021-q4/) and in the accompanying methodology document.<br/>"
Land and Buildings Transaction Tax Notifiable Transactions,Revenue Scotland,https://data.gov.scot/dataset/land_and_buildings_transaction_tax_notifiable_transactions,https://api.data.gov.scot/resource/35764295-3119-4b38-972a-ba1f607a8ccd/download,landing/5868443d-cfe9-4e68-8674-b5c8e312f314/LBTT_notifiable_transactions.csv,2026-08-13T12:38:38.998908,2026-08-23T17:49:03.043386,0,B,CSV,,,,UK Open Government Licence (OGL),"Land and Buildings Transaction Tax (LBTT) notifiable transactions by month of submission, type of transaction (conveyance/lease), type of property (residential/non-residential) and total consideration.<br/><br/>LBTT notifiable transactions in which Additional Dwelling Supplement (ADS) was declared due are provided, including also a breakdown of transactions for which a repayment of ADS was subsequently claimed.<br/><br/>ADS was introduced in April 2016 and is only applicable to conveyances.<br/><br/>The April 2018 publication is the first monthly publication in which three-year lease reviews, assignations and terminations have been reported as a separate category from other lease transactions.  Prior to April 2018, lease assignations and terminations were included with all lease transactions, and three-year lease reviews did not start until 1 April 2018.<br/><br/>It is not possible to disaggregate data by total consideration when the data includes lease transactions."
Land and Buildings Transaction Tax Revenues,Revenue Scotland,https://data.gov.scot/dataset/land_and_buildings_transaction_tax_revenues,https://api.data.gov.scot/resource/6c767cce-cc22-4b1d-9f12-e38195abc5f1/download,landing/b2bd3237-43a6-4b23-8b6b-bc2169cdce3a/LBTT_revenues.csv,2026-08-13T08:46:55.899530,2026-08-24T10:09:09.283260,0,B,CSV,,,,UK Open Government Licence (OGL),"Land and Buildings Transaction Tax (LBTT) revenues by month of submission, type of transaction (conveyance/lease), type of property (residential/non-residential) and total consideration.<br/><br/>LBTT revenues excluding Additional Dwelling Supplement (ADS) and ADS revenue and repayments are provided, where appropriate.<br/><br/>ADS was introduced in April 2016 and is only applicable to conveyances.<br/><br/>The April 2018 publication is the first monthly publication in which three-year lease reviews, assignations and terminations have been reported as a separate category from other lease transactions.  Prior to April 2018, lease assignations and terminations were included with all lease transactions, and three-year lease reviews did not start until 1 April 2018. Monthly revenues from these transactions may be positive or negative depending on the balance of tax declared due and repayments claimed.<br/><br/>It is not possible to disaggregate data by total consideration when the data includes lease transactions."
Land Area (based on 2001 Data Zones),Scottish Government,https://data.gov.scot/dataset/land_area__based_on_2001_data_zones_,https://api.data.gov.scot/resource/f6290816-dae9-4e08-949d-bc9e20c7bfec/download,land-area-2001-data-zone-based.csv,2026-08-20T15:54:20.123073,2026-08-20T16:00:53.036223,0,B,CSV,,,,UK Open Government Licence (OGL),"The land area to mean high water excluding areas of inland water, in hectares. It is based on aggregating 2001 Data Zone data. The Data Zone data was created by aggregating National Records of Scotland 2001 Census Output Areas."
Land Area (based on 2011 Data Zones),Scottish Government,https://data.gov.scot/dataset/land_area__based_on_2011_data_zones_,https://api.data.gov.scot/resource/43ceda4a-6463-42ce-964c-ab3ed7abfead/download,land-area-2011-data-zone-based.csv,2026-08-20T16:26:58.731423,2026-08-20T16:28:06.769878,0,B,CSV,,,,UK Open Government Licence (OGL),"The land area to mean high water excluding areas of inland water, in hectares. It is based on aggregating 2011 Data Zone data. The Data Zone data was created by aggregating National Records of Scotland 2011 Census Output Areas."
Life Expectancy,National Records of Scotland,https://data.gov.scot/dataset/life_expectancy,https://api.data.gov.scot/resource/eba52d2c-8ea3-45bc-9517-4337f4d26af4/download,Life-Expectancy.csv,2026-08-13T12:45:27.343219,2026-08-13T12:46:51.935341,0,B,CSV,,,,UK Open Government Licence (OGL),"Life expectancy in years, at birth and for age groups, from abridged life tables. Breakdowns are also given for deprivation (SIMD) and Urban Rural classification.<br/><br/>Life expectancy refers to the number of years that a person could expect to survive if the current mortality rates for each age group, sex and geographic area remain constant throughout their life. This is referred to as 'period life expectancy' and does not usually reflect the actual number of years that a person will survive. This is because it does not take into account changes in health care and other social factors that may occur through someone's lifetime. However, life expectancy is a useful statistic as it provides a snapshot of the health of a population and allows the identification of inequalities between populations.<br/><br/>Further details are available on the [NRS website](https://webarchive.nrscotland.gov.uk/20241128122348/https://www.nrscotland.gov.uk/statistics-and-data/statistics/statistics-by-theme/life-expectancy/life-expectancy-at-scotland-level)<br/><br/>We are aware of issues with the full csv download for this dataset, due to its large size. For a copy of the full dataset please contact us at [statistics.opendata@gov.scot](mailto:statistics.opendata@gov.scot)."
Living Wage,Scottish Government,https://data.gov.scot/dataset/living_wage,https://api.data.gov.scot/resource/4807b978-9605-4634-899e-88723dba0004/download,living-wage.csv,2026-08-13T10:10:32.029877,2026-08-13T10:12:04.740323,0,B,CSV,,,,UK Open Government Licence (OGL),"Number and percentage of employees earning less than the living wage, based on workplace local authority. The median and mean gross weekly earnings (before deductions for Tax & National Insurance) of full-time employees on adult rates, whose pay for the survey period was not affected by absence. For 2020 data, this has been expanded to include those who were not furloughed under the Coronavirus Job Retention Scheme (CJRS) but had their pay affected by absence. The self-employed are excluded from this study. This information is obtained from the Annual Survey of Hours & Earnings (ASHE). This is an Office for National Statistics (ONS) publication."
Local Authority Housing Lettings,Scottish Government,https://data.gov.scot/dataset/local_authority_housing_lettings,https://api.data.gov.scot/resource/031da767-7bfe-496f-a872-fe591e9f0684/download,local-authority-housing-lettings.csv,2026-08-13T10:58:31.819152,2026-08-13T10:59:39.621281,0,B,CSV,,,,UK Open Government Licence (OGL),"The Lettings return records changes to the number of applications for a local authority dwelling on local authority housing registers and common housing registers during the year to 31 March. It was introduced in March 2001, and was completed on a quarterly basis until end March 2007, when it became an annual data collection and is now part of the Housing Statistics Annual Return. <br/><br/>Data suppliers are asked to state the total number of permanent lettings made to local authority stock during the year by source of tenant: transfers (existing tenants); Homeless households; Care in the community; Housing Register; Incoming mobility scheme; and Other sources.<br/>"
Local Authority Housing Stock by Age,Scottish Government,https://data.gov.scot/dataset/local_authority_housing_stock_by_age,https://api.data.gov.scot/resource/94a019b8-0276-4b6c-a51f-45437176e825/download,local-authority-housing-stock-by-age.csv,2026-08-13T12:42:02.967756,2026-08-13T12:43:17.927267,0,B,CSV,,,,UK Open Government Licence (OGL),"Local Authority stock refers to the number of dwellings owned by local authorities, whether or not they are occupied or currently available for letting. However it excludes dwellings that are currently out of use and expected to be out of use for at least a year.  Information is collected as at 31 March each year, as part of the Housing Statistics Annual Return. <br/>Data suppliers are asked to split stock figures into the age categories pre 1919, 1919-1944, 1945-1964, 1965-1982, post 1982.<br/>Due to some known inconsistencies in the local authority stock dataset, the tables published on the open data platform exclude data relating to the years 1998 to 2000. A full dataset is published on the [housing statistics website here](http://www.gov.scot/Topics/Statistics/Browse/Housing-Regeneration/HSfS/StockPublicSector)<br/><br/>Where a table shows missing values, no data for that year was supplied by the relevant local authority."
Local Authority Housing Stock by Normal Use,Scottish Government,https://data.gov.scot/dataset/local_authority_housing_stock_by_normal_use,https://api.data.gov.scot/resource/299cd7da-5e98-44a5-bff6-e46352702c9a/download,local-authority-housing-stock-by-normal-use.csv,2026-08-13T10:16:59.253691,2026-08-13T10:18:32.268970,0,B,CSV,,,,UK Open Government Licence (OGL),"Local Authority stock refers to the number of dwellings owned by local authorities, whether or not they are occupied or currently available for letting. However it excludes dwellings that are currently out of use and expected to be out of use for at least a year.  Information is collected as at 31 March each year, as part of the Housing Statistics Annual Return. <br/><br/>Data suppliers are asked to split stock figures into the categories 'letting stock', 'other', or 'designated as temporary accommodation for the homeless'.  <br/>"
Local Authority Housing Stock by Type,Scottish Government,https://data.gov.scot/dataset/local_authority_housing_stock_by_type,https://api.data.gov.scot/resource/bcd34c7b-8eef-493f-8dda-6c82c7ad66d0/download,local-authority-housing-stock-by-type.csv,2026-08-13T15:01:29.673941,2026-08-13T15:02:38.563437,0,B,CSV,,,,UK Open Government Licence (OGL),"Local Authority stock refers to the number of dwellings owned by local authorities, whether or not they are occupied or currently available for letting. However it excludes dwellings that are currently out of use and expected to be out of use for at least a year.  Information is collected as at 31 March each year, as part of the Housing Statistics Annual Return. Data suppliers are asked to split stock figures into houses and flats. <br/>Due to some known inconsistencies in the local authority stock dataset, the tables published on the open data platform exclude data relating to the years 1998 to 2000, and the breakdown by types of flat. A full data is published on the [housing statistics website](http://www.gov.scot/Topics/Statistics/Browse/Housing-Regeneration/HSfS/StockPublicSector).<br/>"
Local Authority Services and Performance - Scottish Household Survey,Scottish Government,https://data.gov.scot/dataset/local_authority_services_and_performance___scottish_household_survey,https://api.data.gov.scot/resource/189c7042-091d-4300-b959-323d6b964cd6/download,local-authority-services-and-performance---shs.csv,2026-08-13T10:45:08.215692,2026-08-13T10:46:34.057904,0,B,CSV,,,,UK Open Government Licence (OGL),"Every year the Scottish Household Survey (SHS) asks adults whether they agree with the following statements about local authority services and performance. <br/><br/>\u2022 I can influence decisions affecting my local area<br/><br/>\u2022 I would like to be more involved in the decisions my council makes that affect my local area<br/><br/>\u2022 My council is good at letting local people know about the kinds of services it provides<br/><br/>\u2022 My council is good at listening to local people's views before it takes decisions<br/><br/>\u2022 My local council addresses the key issues affecting the quality of life in my local neighbourhood<br/><br/>\u2022 My local council designs its services around the needs of the people who use them<br/><br/>\u2022 My local council does the best it can with the money available<br/><br/>\u2022 My local council is good at letting people know about the kinds of services it provides<br/><br/>\u2022 My local council provides high quality services<br/><br/>The data is reported here is representative of the adult population and is available by:<br/><br/>\u2022 Local Authority<br/><br/>\u2022 Age of the randomly selected adult<br/><br/>\u2022 Gender of the randomly selected adult <br/><br/>*In the 2018 SHS the gender question was revised. In previous years interviewers asked if household members were 'male' or 'female'. In the 2018 survey the options given were: 'man/boy', 'woman/girl' and two additional responses: 'identified in another way' and 'refused'. In order to remain harmonised with other statistics.gov.scot datasets, the previous response options 'male' and 'female' will be maintained.*<br/><br/>\u2022 Urban/Rural Classification<br/><br/>\u2022 SIMD quintiles<br/><br/>The most recent annual publication can be accessed at [https://www.gov.scot/publications/scottish-household-survey-2019-annual-report](https://www.gov.scot/publications/scottish-household-survey-2019-annual-report/)<br/><br/>The full questionnaire for each year can be accessed at: [https://www.gov.scot/publications/scottish-household-survey-questionnaires](https://www.gov.scot/publications/scottish-household-survey-questionnaires/)<br/><br/>And the survey data for the full Scottish Household Survey is available from [the UK Data Service](https://beta.ukdataservice.ac.uk/datacatalogue/series/series?id=2000048#!/abstract).<br/>"
Local Authority Vacant Dwellings,Scottish Government,https://data.gov.scot/dataset/local_authority_vacant_dwellings,https://api.data.gov.scot/resource/6ba6f714-c1db-4e13-a8ed-2954d20efc67/download,local-authority-vacant-dwellings.csv,2026-08-13T10:40:19.709834,2026-08-13T10:41:36.174370,0,B,CSV,,,,UK Open Government Licence (OGL),"Information on vacant Local Authority stock refers to the number of dwellings owned by local authorities that are vacant. Information is collected as at 31 March each year, as part of the Housing Statistics Annual Return. <br/><br/>Data suppliers are asked to split the vacant homes figures into the length of time the dwelling has been vacant, and the current status (used as temporary accommodation, never to be relet (e.g. demolition), not available to be relet at 31 March (e.g. modernisation), identified as low demand, normally available letting stock and any other stock). <br/><br/>The full data is published on the [Scottish Government housing statistics website](http://www.gov.scot/Topics/Statistics/Browse/Housing-Regeneration/HSfS/VacantStock)."
Local Authority Vacant Dwellings (vacancies arising during the year),Scottish Government,https://data.gov.scot/dataset/local_authority_vacant_dwellings__vacancies_arising_during_the_year_,https://api.data.gov.scot/resource/cc44121d-d8fa-4ca3-8bdf-b1878d193fb2/download,local-authority-vacant-dwellings-vacancies-arising-during-the-year.csv,2026-08-13T10:37:04.204510,2026-08-13T10:38:05.720067,0,B,CSV,,,,UK Open Government Licence (OGL),"Information on vacancies arising during the course of the year is collected on the Lettings return. Data suppliers are asked to state the number of vacancies arising during the course of each year ending 31st March. <br/><br/>It was introduced in March 2001, and was completed on a quarterly basis until end March 2007, when it became an annual data collection and is now part of the Housing Statistics Annual Return. <br/>"
Local Level Average Household Income Estimates 2014,Scottish Government,https://data.gov.scot/dataset/local_level_average_household_income_estimates_2014,https://api.data.gov.scot/resource/ceefb151-7c6a-4cef-9947-3d118e494b02/download,local-level-average-household-income-estimates-2014.csv,2026-08-20T16:27:03.488427,2026-08-20T16:28:23.535166,0,B,CSV,,,,UK Open Government Licence (OGL),Mean and median gross household income estimates at Data Zone level for 2014. A Summary Report and Excel table are available at [http://www.gov.scot/Topics/Built-Environment/Housing/supply-demand/chma](http://www.gov.scot/Topics/Built-Environment/Housing/supply-demand/chma)
Local Level Distribution of Household Income Estimates 2014,Scottish Government,https://data.gov.scot/dataset/local_level_distribution_of_household_income_estimates_2014,https://api.data.gov.scot/resource/777f267d-1662-4ba6-913f-2fed887c767a/download,local-level-distribution-of-household-income-estimates-2014.csv,2026-08-20T16:27:07.658982,2026-08-20T16:28:25.136878,0,B,CSV,,,,UK Open Government Licence (OGL),Gross household income distribution estimates at Data Zone level for 2014. A Summary Report and Excel table are available at [http://www.gov.scot/Topics/Built-Environment/Housing/supply-demand/chma](http://www.gov.scot/Topics/Built-Environment/Housing/supply-demand/chma)
Local Service Satisfaction - Scottish Surveys Core Questions,Scottish Government,https://data.gov.scot/dataset/local_service_satisfaction___scottish_surveys_core_questions,https://api.data.gov.scot/resource/28e51e6f-1235-471b-b120-67dc7a471e53/download,local-service-satisfaction-sscq.csv,2026-08-13T08:33:07.198634,2026-08-13T08:34:27.482574,0,B,CSV,,,,UK Open Government Licence (OGL),"From 2018, questions on satisfaction with nine local services have been included in the Scottish Surveys Core Questions.<br/><br/>The Scottish Survey Core Questions is an innovative project drawing together multiple household surveys to provide a large sample for subnational analysis. The three surveys used are the Scottish Household Survey (SHS), Scottish Health Survey (SHeS) and Scottish Crime and Justice Survey (SCJS). For more information on this source, see the [SSCQ website](https://www.gov.scot/collections/scottish-surveys-core-questions/)."
Looked After Children,Scottish Government,https://data.gov.scot/dataset/looked_after_children,https://api.data.gov.scot/resource/08744c2f-657f-402e-b6df-1e9d4e94a485/download,looked-after-children.csv,2026-08-13T09:47:23.562694,2026-08-13T09:48:41.587437,0,B,CSV,,,,UK Open Government Licence (OGL),"Local authorities have a responsibility to provide support to certain vulnerable young people. These young people are known as 'looked after children' (they were previously known as 'children in care or under supervision'). <br/><br/>This indicator provides information on the type of accomodation younger looked after children are placed in while under the care of the local authority. The two broad types of accommodation are in the community and residential. Possible types of community accommodation are: At home with parent(s), With friends/relatives who are not approved foster carers. Also referred to as 'kinship care', With foster carers, With prospective adopters and Other community. Other community includes supported accommodation and hospital at birth. Possible types of residential accommodation are: Local authority home, Voluntary home, Residential school, Secure accommodation, Crisis care (such as a women's refuge, hostel for offenders) and Other residential (a known residential setting but does not fit with listed Residential categories). <br/><br/>Further information on Child Social Work statistics is available on [the Scottish Government website](http://www.gov.scot/Topics/Statistics/Browse/Children/PubChildrenSocialWork)"
Low Birthweight,Public Health Scotland,https://data.gov.scot/dataset/low_birthweight,https://api.data.gov.scot/resource/37a8d02b-1b04-4da4-bf4d-6aca68034229/download,low-birthweight.csv,2026-08-20T16:27:12.067405,2026-08-20T17:09:44.349913,0,B,CSV,,,,UK Open Government Licence (OGL),"Note: This dataset will not be receiving updates through this portal. Please refer to the [Public Health Scotland Open Data](https://www.opendata.nhs.scot/dataset/births-in-scottish-hospitals/resource/a5d4de3f-e340-455f-b4e4-e26321d09207) platform for the relevant data. <br/><br/>Low weight live full term singleton births (under 2500g). The 3 year aggregate shown is for financial year ending 31 March and refers to the year of discharge from hospital.<br/><br/>Low birthweight (LBW) is a major determinant of infant mortality and morbidity. In addition, as it is associated with a variety of social and environmental factors, it is often used as a health status indicator. Low birthweight may result from being born too soon (i.e. a preterm birth), from poor intrauterine growth or from a combination of the two.<br/><br/>A number of factors are associated with low birthweight and/or preterm births. These include maternal smoking, maternal age (older and younger mothers are more likely to have a low birthweight baby), deprivation, previous obstetric history, low pre-pregnancy maternal weight, drug/alcohol use, hypertension and multiple births.<br/><br/>More information is available on the [ISD website](http://www.isdscotland.org/Health-Topics/Maternity-and-Births/Births/)."
Measles Mumps Rubella (MMR) Immunisation,Public Health Scotland,https://data.gov.scot/dataset/measles_mumps_rubella__mmr__immunisation,https://api.data.gov.scot/resource/cc3a7bb4-ab45-4286-b83d-f1623e156840/download,measles-mumps-rubella.csv,2026-08-20T16:27:16.590620,2026-08-20T17:10:11.967321,0,B,CSV,,,,UK Open Government Licence (OGL),"Note: This dataset will not be receiving updates through this portal.<br/><br/>Number, and percent of, children who have received 1 dose of Measles, Mumps and Rubella (MMR) vaccine by 5 years of age. <br/><br/>Each cohort reported consists of children reaching 5 years of age in the calendar year.<br/><br/>The NHS Board and local authority are derived from child's home postcode and therefore data with invalid or missing postcodes are not included in the NHS Board and local authority totals. As a result the numbers and rates often differ from those published in the ISD National Statistics publication which can be accessed from the [NHS Information Services Division website](http://isdscotland.org/Health-Topics/Child-Health/Publications). In the publication the NHS Board of residence figures are based on the NHS Board recorded on the Scottish Immunisation and Recall System (SIRS) and the local authority figures are based on the local authority of the GP practice where the child is registered.<br/><br/>Source: Scottish Immunisation and Recall System (SIRS), ISD Scotland.<br/>"
Mental Wellbeing - Scottish Surveys Core Questions,Scottish Government,https://data.gov.scot/dataset/mental_wellbeing___scottish_surveys_core_questions,https://api.data.gov.scot/resource/fdd89d2d-aaeb-406e-8922-ba2d1316eac2/download,mental-wellbeing-sscq.csv,2026-08-13T12:54:35.186932,2026-08-13T12:55:52.766983,0,B,CSV,,,,UK Open Government Licence (OGL),"The Scottish Survey Core Questions is an innovative project drawing together multiple household surveys to provide a large sample for subnational analysis. For more information on this source, see the  [SSCQ website](http://www.gov.scot/Topics/Statistics/About/Surveys/SSCQ/).<br/><br/>SWEMWBS is a shortened version of the Warwick Edinburgh Mental Well-Being Scale. The SWEMWBS scale runs from 7 for the lowest levels of mental wellbeing to 35 for the highest. Further information is provided in the SSCQ annual report."
Mid-Year Household Estimates,National Records of Scotland,https://data.gov.scot/dataset/mid_year_household_estimates,https://api.data.gov.scot/resource/8347e577-78f0-4a7b-bbe1-b591a0b1d86c/download,mid-year-household-estimates.csv,2026-08-13T12:02:52.781284,2026-08-13T12:04:00.700411,0,B,CSV,,,,UK Open Government Licence (OGL),"This dataset contains information on the number ('count') of households in each council area and in Scotland.  The estimates are based on summary information on the number of dwellings in different categories provided by each council to the Scottish Government, using the Council Tax Base form, 'Ctaxbase', available from the Scottish Government website.<br/>Council Tax data contains information on the various discounts/exemptions awarded to each dwelling in Scotland. From these we can determine which dwellings are occupied and which are vacant or second homes. Information about the number of dwellings by their occupancy status is published on statistics.gov.scot in the ['Household Estimates'](https://statistics.gov.scot/resource?uri=http%3A%2F%2Fstatistics.gov.scot%2Fdata%2Fhousehold-estimates) dataset.<br/>The number of occupied dwellings is roughly equivalent to the number of households in a council area. Data is provided in September each year, however the mid-year household estimate for Scotland and each council area is calculated by adjusting the number of occupied dwellings from September back to June. This is to be in line with the mid-year population estimates and household projections which are both based at 30 June each year. A further adjustment is made to account for differences in the number of households estimated from Council Tax data and recorded in Scotland's Census 2011 and 2022.<br/><br/>For full details of the methods used see the [Methodology guide](https://www.nrscotland.gov.uk/media/fzrd0k3e/household-estimates-2024-methodology-guide.pdf) included in the most recent publication on the [National Records of Scotland (NRS)](https://www.nrscotland.gov.uk/publications/households-and-dwellings-in-scotland-2024/#) website. <br/>"
Migration To and From Scotland,National Records of Scotland,https://data.gov.scot/dataset/migration_to_and_from_scotland,https://api.data.gov.scot/resource/30595d03-c246-49ee-9adb-489b436e12e8/download,migration-to-and-from-scotland.csv,2026-08-13T11:56:03.470166,2026-08-13T11:57:12.705065,0,B,CSV,,,,UK Open Government Licence (OGL),"Migration statistics, as published by the National Records of Scotland (NRS).<br/>These statistics provide more detail on the migration component of population change for Scotland on a national and council level, as calculated for the [mid-year population estimates](https://www.nrscotland.gov.uk/statistics-and-data/statistics/statistics-by-theme/population/population-estimates/mid-year-population-estimates). The migration estimates are broken down by single year of age, and sex. <br/>"
National Islands Plan Survey,Scottish Government,https://data.gov.scot/dataset/national_islands_plan_survey,https://api.data.gov.scot/resource/d1ac1f17-59e3-4730-902f-bcdc676fc48e/download,National Islands Plan Survey 2021.csv,2026-08-19T15:34:08.939057,2026-08-20T08:41:53.555921,0,B,CSV,,,,UK Open Government Licence (OGL),"The National Islands Plan Survey gathered data relating to the National Islands Plan objectives, with a view to:<br/><br/>* improving the availability of data held about Scotland's islands<br/>* measuring aspects of the National Islands Plan consistently within and across Scotland's island communities<br/>* providing baseline data against which to measure the effectiveness of the Plan<br/>The National Islands Plan Survey gathers the views of island residents to improve the islands' evidence base and help measure progress towards the Plan's strategic objectives.<br/><br/>The survey can be found on the Scottish Government Publications webpage which hosts a [PDF version of the questionnaire](https://www.gov.scot/binaries/content/documents/govscot/publications/research-and-analysis/2021/07/national-islands-plan-survey-final-report/documents/national-islands-plan-survey-questionnaire/national-islands-plan-survey-questionnaire/govscot%3Adocument/national-islands-plan-survey-questionnaire.pdf)."
National Performance Framework,Scottish Government,https://data.gov.scot/dataset/national_performance_framework,https://api.data.gov.scot/resource/276ae620-e771-4eb0-8866-d2102e15a563/download,ALL NPF INDICATORS - 2024 - statistics.gov.scot NPF database excel file - August 2024.xlsx,2026-08-19T14:45:19.346181,2026-08-19T14:46:27.954391,0,B,XLSX,,,,UK Open Government Licence (OGL),"The National Performance Framework (NPF) is for all of Scotland. It aims to:<br/><br/>* create a more successful country<br/>* give opportunities to all people living in Scotland<br/>* increase the wellbeing of people living in Scotland<br/>* create sustainable and inclusive growth<br/>* reduce inequalities and give equal importance to economic, environmental and social progress<br/><br/>To help achieve its purpose, the framework sets out 'National Outcomes' which are measured using 'National Indicators'. The indicators provide a broad measure of national and societal wellbeing, incorporating a range of economic, social and environmental indicators and targets which are updated as soon as the data are available.<br/><br/><br/>This database contains all the data on indicators that comprise the National Performance Framework.  To find out more about the National Performance Framework, and the indicators that comprise it, please visit the [National Performance Framework website.](https://nationalperformance.gov.scot/)"
Neighbourhood rating - Scottish Household Survey,Scottish Government,https://data.gov.scot/dataset/neighbourhood_rating___scottish_household_survey,https://api.data.gov.scot/resource/8eebe019-de7e-40e6-a575-82af0f0b85ff/download,neighbourhood-rating---shs.csv,2026-08-13T13:24:25.903717,2026-08-13T13:25:43.399627,0,B,CSV,,,,UK Open Government Licence (OGL),"Every year the Scottish Household Survey (SHS) asks adults to rate their neighbourhood as a place to live. The data is reported here is representative of the adult population and is available by: <br/><br/>\u2022 Local Authority<br/><br/>\u2022 Gender of the randomly selected adult<br/><br/>*In the 2018 SHS the gender question was revised. In previous years interviewers asked if household members were 'male' or 'female'. In the 2018 survey the options given were: 'man/boy', 'woman/girl' and two additional responses: 'identified in another way' and 'refused'. In order to remain harmonised with other statistics.gov.scot datasets, the previous response options 'male' and 'female' will be maintained.*<br/><br/>\u2022 Urban/Rural Classification <br/><br/>\u2022 SIMD<br/><br/>\u2022 Type Of Tenure<br/><br/>\u2022 Household Type<br/><br/>\u2022 Ethnicity<br/><br/>\u2022 Walking distance to nearest green or blue space<br/><br/>*The question asking about walking distance to nearest greenspace informs the National Indicator on Access to Green and Blue Spaces. However before 2019, even though the list of spaces included riversides and beaches, the question text used the term \""green or open space\"". In 2019 for one half of the sample this was changed slightly to \""green, blue or open spaces\"" to check if including the word \""blue\"" made any difference to the response given to the question about walking distance or the biennial follow-up questions asking about satisfaction with and frequency of use of nearest green or blue space. No statistically significant difference was found.*<br/><br/>The most recent annual publication can be accessed at [https://www.gov.scot/publications/scottish-household-survey-2019-annual-report](https://www.gov.scot/publications/scottish-household-survey-2019-annual-report/)<br/><br/>The full questionnaire for each year can be accessed at: [https://www.gov.scot/publications/scottish-household-survey-questionnaires](https://www.gov.scot/publications/scottish-household-survey-questionnaires/)<br/><br/>And the survey data for the full Scottish Household Survey is available from [the UK Data Service](https://beta.ukdataservice.ac.uk/datacatalogue/series/series?id=2000048#!/abstract).http://www.gov.scot/Topics/Statistics/16002/PublicationQuestionnaire)<br/>"
Neighbourhood safety when walking alone - Scottish Household Survey,Scottish Government,https://data.gov.scot/dataset/neighbourhood_safety_when_walking_alone___scottish_household_survey,https://api.data.gov.scot/resource/2b048421-3a82-4ccc-9faf-15e38ad29434/download,neighbourhood-safety-when-walking-alone---scottish-household-survey.csv,2026-08-13T15:52:07.963560,2026-08-13T15:53:35.908618,0,B,CSV,,,,UK Open Government Licence (OGL),"The Scottish Household Survey (SHS) asks adults how safe they feel walking alone in their neighbourhood after dark. From 2018, this question was asked in every odd year. Prior to 2018 the question was asked every year. The data reported here is representative of adults and is available by:<br/><br/>\u2022 Local Authority<br/><br/>\u2022 Gender of the randomly selected adult<br/><br/>*In the 2018 SHS the gender question was revised. In previous years interviewers asked if household members were 'male' or 'female'. In the 2018 survey the options given were: 'man/boy', 'woman/girl' and two additional responses: 'identified in another way' and 'refused'. In order to remain harmonised with other statistics.gov.scot datasets, the previous response options 'male' and 'female' will be maintained.*<br/><br/>\u2022 Urban/Rural Classification<br/><br/>\u2022 Scottish Index of Multiple Deprivation<br/><br/>\u2022 Type Of Tenure<br/><br/>\u2022 Household Type<br/><br/>\u2022 Ethnicity of the randomly selected adult<br/><br/>\u2022 Walking distance to nearest green or blue space<br/><br/>*The question asking about walking distance to nearest greenspace informs the National Indicator on Access to Green and Blue Spaces. However before 2019, even though the list of spaces included riversides and beaches, the question text used the term \""green or open space\"". In 2019 for one half of the sample this was changed slightly to \""green, blue or open spaces\"" to check if including the word \""blue\"" made any difference to the response given to the question about walking distance or the biennial follow-up questions asking about satisfaction with and frequency of use of nearest green or blue space. No statistically significant difference was found.*<br/><br/>The most recent annual publication can be accessed at [https://www.gov.scot/publications/scottish-household-survey-2019-annual-report](https://www.gov.scot/publications/scottish-household-survey-2019-annual-report/)<br/><br/>The full questionnaire for each year can be accessed at: [https://www.gov.scot/publications/scottish-household-survey-questionnaires](https://www.gov.scot/publications/scottish-household-survey-questionnaires/)<br/><br/>And the survey data for the full Scottish Household Survey is available from [the UK Data Service](https://beta.ukdataservice.ac.uk/datacatalogue/series/series?id=2000048#!/abstract)."
Net Migration,National Records of Scotland,https://data.gov.scot/dataset/net_migration,https://api.data.gov.scot/resource/1b3f38cd-be3c-44f3-bfc2-51383bdaf626/download,net-migration.csv,2026-08-13T12:35:13.210921,2026-08-13T12:36:25.737098,0,B,CSV,,,,UK Open Government Licence (OGL),"Net migration statistics, as published by the National Records of Scotland (NRS).<br/>These statistics provide more detail on the migration component of population change for Scotland on a national and council level, as calculated for the [mid-year population estimates](https://www.nrscotland.gov.uk/statistics-and-data/statistics/statistics-by-theme/population/population-estimates/mid-year-population-estimates). The migration estimates are broken down by age and sex. <br/><br/>Net migration includes people moving to/from other parts of the UK, and abroad. The net migration figures for Local Authorities also include people moving within Scotland.<br/>"
New Build Housing Starts and Completions,Scottish Government,https://data.gov.scot/dataset/new_build_housing_starts_and_completions,https://api.data.gov.scot/resource/1df8381c-28f6-425c-8b26-899da51d586e/download,new-build-housing-starts-and-completions.csv,2026-08-13T13:24:30.281402,2026-08-13T13:25:37.406125,0,B,CSV,,,,UK Open Government Licence (OGL),"Quarterly time series data on Scottish approvals, starts and completions by sector <br/><br/>For more information visit the [Scottish Government website](https://www.gov.scot/collections/housing-statistics/)<br/><br/>Figures for all housing sectors starts, are the sum of private starts, local authority starts and housing association approvals (not starts).<br/><br/>Approvals, starts and completions are all measured for the housing association figures. Approval is the point at which funding is granted and, along with completion, is a significant part of the administration process meaning that the data should be of good quality. Starts meanwhile can be recorded at any point in the development, for example when site clearance begins or any point up to the beginning of ground works for foundations. As a result approvals are generally deemed a better measure than starts for housing association data."
New clients presenting at specialist drug treatment services (SDMD),Public Health Scotland,https://data.gov.scot/dataset/new_clients_presenting_at_specialist_drug_treatment_services__sdmd_,https://api.data.gov.scot/resource/f95c3e2d-d1ea-4cb1-8012-75d6945903c1/download,new-clients-presenting-at-specialist-drug-treatment-services-sdmd.csv,2026-08-13T13:01:13.015816,2026-08-20T17:18:36.680959,0,B,CSV,,,,UK Open Government Licence (OGL),"Note: This dataset will not be receiving updates through this portal. Please refer to the [Public Health Scotland Open Data](https://www.opendata.nhs.scot/dataset/scottish-drug-misuse-database) platform for the relevant data. <br/><br/>SDMD holds information on the individuals' demographic and behavioural characteristics from their initial assessment for specialist drug misuse treatment. Each individual is counted only once within Scotland, their NHS Board and Council area of residence. However, an individual may have more than one initial assessment record and due to migration be counted in more than one NHS Board or Council area. Data is based on information from individuals' first initial assessment record within each Financial Year and residence area. <br/><br/>Certain figures (commonly small numbers, for small areas or populations) are not shown. This is as a result of 'statistical disclosure control' (SDC) which aims to prevent the release of information that can lead to the identification of individuals.<br/><br/>For further information and the Scottish Drug Misuse Database Annual Report please visit the [NSS ISD](http://www.isdscotland.org/Health-Topics/Drugs-and-Alcohol-Misuse/Publications/) website"
Non-domestic Energy Performance Certificates - Dataset to Q1 2026,Scottish Government,https://data.gov.scot/dataset/non_domestic_energy_performance_certificates___dataset_to_q1_2026,https://api.data.gov.scot/resource/ab755981-bf70-4ae5-8050-0e04f88cb8ba/download,Non-domestic EPC - Data to 2026 Q1.7z,2026-08-19T15:39:00.272678,2026-08-19T15:39:53.534614,0,B,7z,,,,UK Open Government Licence (OGL),"This Management Information dataset presents environmental data from every current Non-domestic EPC assessment held by the SEPCR from Q2 2016 to Q1 2026 (data extracted from source in May 2025). This dataset includes the full postal address of every property assessed, plus additional data not presented on the Energy Performance Certificate or Recommendations Report. The dataset is subject to two separate licences arrangements:<br/><br/><br/>*Address Data - Any use of address data (ADDRESS1, ADDRESS2, POSTTOWN & POSTCODE) which is not specified in Royal Mail's copyright notice below, or covered by one of the copyright exceptions (see further information within the download file), will require an appropriate licence. For further information, please visit [www.osg.scot](https://osg.scot/portal/).<br/><br/>*Non-Address Data - All data fields other than the address and postcode data (ADDRESS1, ADDRESS2, POSTTOWN & POSTCODE) included within this dataset are licensed under the Open Government Licence v3.0."
Non-Domestic Energy Performance Certificates - Extended Historic Dataset to Q1 2026,Scottish Government,https://data.gov.scot/dataset/non_domestic_energy_performance_certificates___extended_historic_dataset_to_q1_2026,https://api.data.gov.scot/resource/c7873ae4-d19a-43ee-8d9f-415e7d0f05d7/download,Non-domestic EPC - Extended Historic Data to 2026 Q1.7z,2026-08-19T15:34:15.416195,2026-08-19T15:35:18.359670,0,B,7z,,,,UK Open Government Licence (OGL),"This Management Information dataset presents environmental data from every current Non-domestic EPC assessment held by the SEPCR from its beginning to Q1 2026 (data extracted from source in May 2026). This dataset includes the full postal address of every property assessed, plus additional data not presented on the Energy Performance Certificate or Recommendations Report. The dataset is subject to two separate licences arrangements:<br/><br/>* Address Data - Any use of address data (ADDRESS1, ADDRESS2, POSTTOWN & POSTCODE) which is not specified in Royal Mailâ€™s copyright notice below, or covered by one of the copyright exceptions (see further information within the download file), will require an appropriate licence. For further information, please visit [www.osg.scot](https://osg.scot/portal/).<br/><br/>* Non-Address Data - All data fields other than the address and postcode data (ADDRESS1, ADDRESS2, POSTTOWN & POSTCODE) included within this dataset are licensed under the Open Government Licence v3.0."
Number of General Practices with Registered Patients,Public Health Scotland,https://data.gov.scot/dataset/number_of_general_practices_with_registered_patients,https://api.data.gov.scot/resource/20613873-9980-4f2f-8f38-b870c62627b9/download,number-of-general-practices-with-registered-patients.csv,2026-08-13T11:59:18.668623,2026-08-20T17:20:22.581048,0,B,CSV,,,,UK Open Government Licence (OGL),"Note: This dataset will not be receiving updates through this portal. Please refer to the [Public Health Scotland Open Data](https://www.opendata.nhs.scot/dataset/gp-practice-contact-details-and-list-sizes) platform for the relevant data.<br/><br/>Data indicates the number of general practices (GP surgeries) by area as at 1 October for each year presented. <br/><br/>Since the introduction of the new GP contract (the General Medical Services contract) on 1 April 2004, patients register with a practice rather than a specific GP. <br/><br/>Please note that each practice has been allocated to one area based on the postcode of its main premises. However, practices may also operate branch surgeries from other locations and these locations may sit within a different area to that of the main practice premises. Practices in one area may provide care for patients living in another area. This is particularly likely where practices are located close to a boundary between areas, and/or where a practice operates one or more branch surgeries. <br/><br/>The practice counts are based on regular GP surgeries that have at least one contracted GP partner or salaried GP working at them. They exclude practices which do not have registered patients and which are run directly by the NHS Boards e.g. Out of Hours Services, virtual clinics. <br/><br/>Data Source for General Practices: General Practitioner Contractor Database (GPCD), Information Services Division, NHS National Services Scotland. <br/><br/>Further information on GP workforce and practice populations in Scotland is available on the [ISD Website](http://www.isdscotland.org/Health-Topics/General-Practice/Workforce-and-Practice-Populations/)"
Number of HMO Licences in Force,Scottish Government,https://data.gov.scot/dataset/number_of_hmo_licences_in_force,https://api.data.gov.scot/resource/68e9f129-b03f-4ca7-8c53-b7d261c0dfd0/download,hmo-licences.csv,2026-08-13T10:48:28.488830,2026-08-13T10:49:58.338569,0,B,CSV,,,,UK Open Government Licence (OGL),Numbers of properties with an HMO licence in force at 31st of March. The mandatory licensing scheme for houses in multiple occupation came into force on 1 October 2001. Information on the scheme can be found on the Scottish Government's [website](http://www.scotland.gov.uk/Publications/2004/07/19734/40899). More information on types of HMO licences in operation and on applications for licensing is also [available](http://www.scotland.gov.uk/Topics/Statistics/Browse/Housing-Regeneration/HSfS/HMO).<br/><br/>Unpublished data on licence fees and property sizes is also available on request.
Palliative and End of Life Care,Public Health Scotland,https://data.gov.scot/dataset/palliative_and_end_of_life_care,https://api.data.gov.scot/resource/cf0f23d8-8e77-45ab-b02a-e71d1ebb932c/download,end-of-life-care.csv,2026-08-13T12:02:43.856361,2026-08-20T17:19:55.950123,0,B,CSV,,,,UK Open Government Licence (OGL),"The percentage of last 6 months of life spent at home or in a community setting.<br/><br/>Includes all ages, sex, SIMD quintile and urban rural classification. Deaths resulting from external causes are excluded. <br/><br/>End of life care (palliative care) is an important, integral aspect of the health care provided to those living with and dying from any advanced or progressive and life-threatening condition. It is now possible to predict the progress of many of these conditions, enabling a planned approach to end of life care in ways which reflect, as far as possible, the needs and wishes of patients, carers and their families.<br/><br/>More information is available at [Public Health Scotland](https://publichealthscotland.scot/publications/percentage-of-end-of-life-spent-at-home-or-in-a-community-setting/percentage-of-end-of-life-spent-at-home-or-in-a-community-setting-financial-years-ending-31-march-2016-to-2025/).<br/>"
Pension Age Disability Payment,Social Security Scotland,https://data.gov.scot/dataset/pension_age_disability_payment,https://api.data.gov.scot/resource/29e22ed5-1a6d-4e19-8536-508757a0b0f2/download,pension-age-disability-payment.csv,2026-08-13T12:45:17.289744,2026-08-13T12:46:30.094481,0,B,CSV,,,,UK Open Government Licence (OGL),"Pension Age Disability Payment is a replacement for Attendance Allowance in Scotland, which is currently delivered by the Department for Work and Pensions. Pension Age Disability Payment is administered by Social Security Scotland. It provides money to support older people who have a disability or long-term health <br/>condition that means they need assistance with looking after themselves, or supervision to keep them safe.  Further information and statistics can be found on the associated publication [page](https://www.socialsecurity.gov.scot/reporting/publications/pension-age-disability-payment-statistics-to-30-april-2025).<br/>"
Pension Credits,Scottish Government,https://data.gov.scot/dataset/pension_credits,https://api.data.gov.scot/resource/7f647a5b-f4e4-447a-b10a-589a75f7fb32/download,pension-credits.csv,2026-08-20T16:27:21.671521,2026-08-20T16:35:15.811479,0,B,CSV,,,,UK Open Government Licence (OGL),"Pension Credit (PC) were introduced on 6 October 2003 to replace the Minimum Income Guarantee (MIG). There are two parts to PC, the Guarantee Credit (GC) and the Saving Credit (SC). The GC provides financial help for people aged 60 or over whose income is below a certain level set by the law. The awarded amount will depend on other sources of income and extra amounts are added to the standard minimum for those who have: relevant housing costs; severe disabilities; or caring responsibilities. The SC is an extra amount for people aged 65 or over who have made some provision for their retirement (such as savings or a second pension) which brings their income above a level set by parliament, called the savings credit threshold. It is possible to get savings credit on top of guarantee credit. <br/><br/>Data shown here are derived from a 100% data source; the Work and Pensions Longitudinal Study (WPLS) which is not subject to any sampling error. The dataset provides counts of total claimants and disaggregations by age, gender, duration on benefit, partnering and some benefit specific information. The snapshots are taken at quarterly intervals at the end of February (Q1), May (Q2), August (Q3) and November (Q4). A very small number of claimants who have an unknown age or gender are included within the area total but excluded from the age and gender breakdowns as they pose a small disclosure risk. Data from the WPLS datasets are not directly comparable to the annual individual level data previously released as they were a single snapshot at a point in time and did not reflect late notifications and removals from the systems. Claim rates of GC claimants are based on the population aged 60 plus from the small area population estimates published by the National Records of Scotland. <br/><br/>Source: Department for Work and Pensions. <br/><br/>Enquiries email: [disseminationteam@dwp.gsi.gov.uk](mailto:disseminationteam@dwp.gsi.gov.uk)"
Perceptions of Local Crime - Scottish Surveys Core Questions,Scottish Government,https://data.gov.scot/dataset/perceptions_of_local_crime___scottish_surveys_core_questions,https://api.data.gov.scot/resource/b15f097e-9be8-46a7-a270-04dcbacdf571/download,perceptions-of-local-crime-rate-sscq.csv,2026-08-13T10:26:55.055709,2026-08-13T10:28:06.244189,0,B,CSV,,,,UK Open Government Licence (OGL),"Respondents who had lived in their current neighbourhood for 2 or more years were asked how they perceive the crime rate in their area to have changed over the past two years.<br/><br/>The Scottish Survey Core Questions is an innovative project drawing together multiple household surveys to provide a large sample for subnational analysis. For more information on this source, see the [SSCQ website.](https://www.gov.scot/collections/scottish-surveys-core-questions/)"
Personal Insolvency,Accountant in Bankruptcy,https://data.gov.scot/dataset/personal_insolvency,https://api.data.gov.scot/resource/08aa6285-a002-4cce-81f7-fae2a075ec18/download,personal-insolvency.csv,2026-08-13T08:22:49.927044,2026-08-13T08:24:35.428520,0,B,CSV,,,,UK Open Government Licence (OGL),"Bankruptcy (also known as sequestration in Scotland) is a legal declaration that someone cannot pay their debts. If a person is declared bankrupt, control of things that they own, is passed to a trustee who may sell them to pay money owed to creditors. A regular payment from a person's income may also have to be made. <br/><br/>Protected Trust Deed (PTD) is a form of insolvency that transfers a debtor's estate to a trustee to be realised for the benefit of creditors.<br/><br/>Number of personal insolvencies (count) and the rate per 10,000 adult (aged 16+) population (ratio) in Scotland by local authority. This ratio provides a representative picture of the concentration of bankruptcies and PTDs in Scotland. <br/>The statistics are compiled by Accountant in Bankruptcy (AiB), an executive agency of the Scottish Government. The majority of the statistics presented are derived from AiB administrative records. This dataset covers insolvencies in Scotland. Statistics covering England & Wales, and Northern Ireland are available from The Insolvency Service. <br/><br/>Non-statutory debt solutions, where debtors make their own arrangements with creditors or enter informal debt management plans with a debt management firm, are not included."
Police Officer Quarterly Strength,Scottish Government,https://data.gov.scot/dataset/police_officer_quarterly_strength,https://api.data.gov.scot/resource/fda8eaed-2292-4275-9415-39dcf403be8c/download,police-officer-quarterly-strength.csv,2026-08-13T11:55:58.219624,2026-08-13T11:57:12.812849,0,B,CSV,,,,UK Open Government Licence (OGL),"The first publication of Police Officer Quarterly Strength statistics as Official Statistics was on 2 December 2008. Prior to this publication, figures were collated by the Scottish Government and released through responses to Parliamentary Questions and by depositing the figures in the Scottish Parliamentary Library.<br/><br/>The Police and Fire Reform (Scotland) Act 2012 created Police Scotland and the Scottish Police Authority (SPA), which came into being on 1 April 2013. <br/>The statistics in this release are based upon quarterly returns made by Police Scotland to the Scottish Government, and are a by-product of administrative processes, generated directly from the HR systems. The published police officer figures are sourced from Police Scotland's personnel records and as such the quality and reliability is good. <br/><br/>Figures include all police officers appointed by the Chief Constable of Police Scotland and senior police officers appointed by the Scottish Police Authority, excluding those on career breaks. Deployment of police officers is a matter for the Chief Constable of Police Scotland.<br/><br/>The following definitions apply to police officers in Scotland. These statistics include all officers deployed with the 13 local policing divisions, specialist and operational support, central functions, officers undertaking Scottish Police College training, long-term sick leave and maternity/adoption leave, officers at ports and airports paid either wholly or partially by the port/airport authority. Additional officers either wholly or partially funded by the local authority or an external body, and all officers otherwise seconded to Scottish Government, His Majesty's Inspectorate of Constabulary for Scotland (HMICS), Scottish Police Authority and elsewhere. <br/><br/>These figures do not include police officers employed in Scotland by the British Transport Police, Ministry of Defence Police or the Civil Nuclear Constabulary.<br/><br/>Police Scotland publish a [geographical break down of police officers](https://www.scotland.police.uk/about-us/how-we-do-it/police-scotland-officer-numbers/) on the Police Scotland website.<br/><br/>Further information on [Crime and Justice statistics within Scotland](https://www.gov.scot/collections/crime-and-justice-statistics/) <br/> can be accessed on the Scottish Government website."
Population Estimates - Census 2001,National Records of Scotland,https://data.gov.scot/dataset/population_estimates___census_2001,https://api.data.gov.scot/resource/5cef816a-e959-4fa1-a795-b5047bdcf325/download,census-population-2001.csv,2026-08-20T14:32:00.505874,2026-08-20T14:37:40.279017,0,B,CSV,,,,UK Open Government Licence (OGL),"These figures are the results from the 2001 Census in Scotland. They are final figures of the resident population as at Census Day, 29 April 2001, after adjusting for estimated under-enumeration in the Census. The Census results have been adjusted to take account of estimated underenumeration in the Census based on the One Number Census methodology, which used the results of the Census Coverage Survey. As a result of the adjustments for underenumeration and changes to the definition of the resident population, it is not appropriate to compare directly the results from the 2001 Census with earlier Censuses. More information on this is available on the National Records of Scotland's website . The resident population of Scotland on Census Day (29 April 2001) was 5,062,011, of which 52 per cent were female and 48 per cent were male. Children aged 15 and under accounted for 19 per cent of the population, people of working age (16-59F/64M) accounted for 62 per cent, and people of retirement age (60F/65M +) accounted for the remaining 19 per cent. <br/><br/>Further details on the  census is available [from the 'Scotland's Census' website.](https://www.scotlandscensus.gov.uk/)<br/><br/>"
Population Estimates Detailed (Current Geographic Boundaries),Scottish Government,https://data.gov.scot/dataset/population_estimates_detailed__current_geographic_boundaries_,https://api.data.gov.scot/resource/f861b50c-ac5a-4c39-9d6e-e11296de02b8/download,Population Estimates Detailed.zip,2026-08-19T16:02:21.258056,2026-08-19T16:03:27.252918,0,B,ZIP,,,,UK Open Government Licence (OGL),"Annual publication of mid-year population estimates by age and sex as at 30 June every year for 2011 Data Zones. <br/><br/>[Population estimates based on 2001 data zones](http://statistics.gov.scot/data/population-estimates-historical-geographic-boundaries) are also available, but are no longer updated. <br/><br/>Data zones are the small area geography used by the Scottish Government to allow statistics to be available across a number of policy areas. Data zones were initially set up to nest within council area boundaries and to have a population of between 500 and 1,000 household residents. As much as possible, data zones were set up to contain households with similar social characteristics and to take into consideration physical boundaries. More information on data zone geography can be found on the [Scottish Government](http://www.gov.scot/Publications/2004/02/18917/33243) website. There are 6,976 data zones in Scotland. <br/><br/>Following the 2011 Census the Scottish Government completed a consultation on the redrawing of data zone boundary and finalised the new data zones. 2011 Data Zones were published at the end of 2014.<br/><br/>Population for higher geographies can be aggregated from the population estimates for 2011 Data Zones.<br/><br/>This data is also available by single year of age on the NRS website.  These breakdowns are available for [Scotland and its council areas](https://www.nrscotland.gov.uk/statistics-and-data/statistics/statistics-by-theme/population/population-estimates/mid-year-population-estimates), as well as for [2011 data zones](https://www.nrscotland.gov.uk/statistics-and-data/statistics/statistics-by-theme/population/population-estimates/2011-based-special-area-population-estimates/small-area-population-estimates) and [other geographies](https://www.nrscotland.gov.uk/statistics-and-data/statistics/statistics-by-theme/population/population-estimates/2011-based-special-area-population-estimates).<br/>"
Population Estimates (Historical Geographic Boundaries),National Records of Scotland,https://data.gov.scot/dataset/population_estimates__historical_geographic_boundaries_,https://api.data.gov.scot/resource/4b799a1b-38b4-4621-8461-2c716263cb1d/download,population-estimates-historical-geographic-boundaries.csv,2026-08-20T16:27:31.557736,2026-08-20T16:35:40.864298,0,B,CSV,,,,UK Open Government Licence (OGL),"Annual publication of mid-year population estimates by age and sex as at 30 June every year, where estimates for higher geographies are aggregated from 2001 Data Zones.<br/><br/>For population estimates for 2011 Data Zones, see [here](http://statistics.gov.scot/data/population-estimates-current-geographic-boundaries)<br/><br/>Data zones are the small area geography used by Scottish Government to allow statistics to be available across a number of policy areas. The data zone geography covers the whole of Scotland. Data zones were initially set up to nest within council area boundaries and to have a population of between 500 and 1,000 household residents. As much as possible, data zones were set up to contain households with similar social characteristics and to take into consideration physical boundaries. More information on data zone geography can be found on the [Scottish Government](http://www.gov.scot/Publications/2004/02/18917/33243) website. <br/><br/>Following the 2011 Census the Scottish Government competed a consultation on the redrawing of data zone boundary and finalised the new data zones (2011 Data Zones) were published at the end of 2014.<br/><br/>Intermediate zones are built up from data zones. Intermediate zones are the statistical small geographical areas designed to contain a population of between 2,500 and 6,000 household residents. More information on intermediate geography can be found on the [Scottish Government](http://www.gov.scot/Publications/2005/02/20732/53081) website."
Population Estimates Summary (Current Geographic Boundaries),Scottish Government,https://data.gov.scot/dataset/population_estimates_summary__current_geographic_boundaries_,https://api.data.gov.scot/resource/121e4088-dee0-471e-af5e-111540ed558d/download,population-estimates-2011-datazone-linked-dataset.csv,2026-08-20T16:27:27.285669,2026-08-20T16:32:00.314728,0,B,CSV,,,,UK Open Government Licence (OGL),"Annual publication of mid-year population estimates by age and sex as at 30 June every year, where population for higher geographies is aggregated from the population estimates for 2011 Data Zones.<br/><br/>[Population estimates based on 2001 data zones](http://statistics.gov.scot/data/population-estimates-historical-geographic-boundaries) are also available, but are no longer updated. <br/><br/>Population estimates for mid-2012 to mid-2022 have been revised following Scotland's Census 2022. <br/><br/>Data zones are the small area geography used by the Scottish Government to allow statistics to be available across a number of policy areas. More information on data zone geography can be found on the [Scottish Government](http://www.gov.scot/Publications/2004/02/18917/33243) website. There are 6,976 data zones in Scotland.<br/><br/>There are 1,235 intermediate zones in Scotland. [More information on intermediate zones](https://www.spatialdata.gov.scot/geonetwork/srv/api/records/389787c0-697d-4824-9ca9-9ce8cb79d6f5) can be found on the SpatialData.gov.scot Metadata Portal. <br/><br/>This data is also available by single year of age on the NRS website.  These breakdowns are available for [Scotland and its council areas](https://www.nrscotland.gov.uk/statistics-and-data/statistics/statistics-by-theme/population/population-estimates/mid-year-population-estimates), as well as for [2011 data zones](https://www.nrscotland.gov.uk/statistics-and-data/statistics/statistics-by-theme/population/population-estimates/2011-based-special-area-population-estimates/small-area-population-estimates) and [other geographies](https://www.nrscotland.gov.uk/statistics-and-data/statistics/statistics-by-theme/population/population-estimates/2011-based-special-area-population-estimates).<br/><br/>The NRS website has [more information on population statistics](https://www.nrscotland.gov.uk/statistics-and-data/statistics/statistics-by-theme/population/population-estimates/mid-year-population-estimates)."
Population Estimates: Young and Old,Scottish Government,https://data.gov.scot/dataset/population_estimates__young_and_old,https://api.data.gov.scot/resource/129732db-f81e-4165-9d96-eaa8f9c2d898/download,population-estimates-young-and-old.csv,2026-08-20T16:27:35.930520,2026-08-20T16:31:05.216268,0,B,CSV,,,,UK Open Government Licence (OGL),"This dataset presents population estimates for people who are young (under 16 years), old (70 years and over) and very old (85 years and over).<br/><br/>Population estimates for mid-2012 to mid-2022 have been revised following Scotland's Census 2022. <br/><br/>For more information on [population statistics](https://www.nrscotland.gov.uk/statistics-and-data/statistics/statistics-by-theme/population/population-estimates/mid-year-population-estimates), please see the NRS website.<br/><br/>[Small area population population estimates](https://www.nrscotland.gov.uk/statistics-and-data/statistics/statistics-by-theme/population/population-estimates/2011-based-special-area-population-estimates/small-area-population-estimates) are available on the NRS website."
Population living in close proximity to a derelict site,Scottish Government,https://data.gov.scot/dataset/population_living_in_close_proximity_to_a_derelict_site,https://api.data.gov.scot/resource/36ba621f-e3d5-42a4-9d90-d7ac79c6c4ef/download,proximity-to-derelict-site.csv,2026-08-20T16:42:40.655299,2026-08-20T16:45:40.064678,0,B,CSV,,,,UK Open Government Licence (OGL),"This is an indicator using results obtained from the voluntary Scottish Vacant and Derelict Land Survey (SVDLS). This survey is run annually and data is collected from Scotland's 32 local authorities. <br/><br/>Derelict land (and buildings) is that which has been so damaged by development or use that it is incapable of being developed for beneficial use without rehabilitation, and which is not being used for either the purpose for which it is held, or for a use acceptable in a local plan. <br/><br/>To measure the number of people that live within 500m of any Derelict site, a national data set was constructed that estimated the population of each property identified as likely to be residential in Ordnance Survey's latest Address-Point data set. For each property in the Address-Point based dataset, the distance to the nearest derelict site boundary was calculated (all boundaries estimated on the basis of site centriod grid reference and overall site size). This highlights those properties within 500m of a derelict site. Those properties' estimated populations were then aggregated up by datazone to give a number for each datazone's population estimated to live within 500m of any derelict site. Each datazone's total population was controlled to equal the latest Mid-Year population estimates published by National Records of of Scotland. This indicator relates to the proportion living in proximity to any derelict site. It is not a measure of exposure. <br/><br/>Further information from the Scottish Vacant & Derelict Land Survey can be found at [http://www.scotland.gov.uk/Topics/Statistics/Browse/Planning/Publications](http://www.scotland.gov.uk/Topics/Statistics/Browse/Planning/Publications)"
Population of Settlements and Localities 2020,Scottish Government,https://data.gov.scot/dataset/population_of_settlements_and_localities_2020,https://api.data.gov.scot/resource/41922f89-8a2d-4c8e-b225-4a1fc1da3231/download,population-of-settlements-and-localities-2020.csv,2026-08-13T08:53:39.086443,2026-08-13T08:54:54.548547,0,B,CSV,,,,UK Open Government Licence (OGL),"These statistics provide population estimates for the settlements and localities of Scotland as at mid-2020. Settlements and localities are groups of adjacent, high-density postcodes whose combined population rounds to 500 people or more. They are separated by low-density postcodes. More information can be found in the [methodology guide](https://www.nrscotland.gov.uk/statistics-and-data/statistics/statistics-by-theme/population/population-estimates/settlements-and-localities).<br/>"
Population Projections (2016-based),National Records of Scotland,https://data.gov.scot/dataset/population_projections__2016_based_,https://api.data.gov.scot/resource/c2a64c41-e008-4b2a-b464-7cefa3b05b7f/download,population-projections.csv,2026-08-13T15:41:07.202700,2026-08-13T15:42:43.268608,0,B,CSV,,,,UK Open Government Licence (OGL),"2016-based population projections for Scotland and Scottish areas, by sex and age group. [More up-to-date population projections, based on 2018 population estimates, are available](http://statistics.gov.scot/data/population-projections-2018-based).<br/><br/><br/>Please note that the following variants are only available at national level for Scotland:<br/><br/>EU migration 150%,  <br/>EU migration 50%, <br/>EU migration Zero,  <br/>Natural Change Only,  <br/>Population - High,  <br/>Population - Low. <br/><br/>The rest of the variants are available for all areas.<br/><br/><br/>A projection is a calculation showing what happens under certain assumptions about future fertility, mortality and migration. The assumptions are based on past trends and do not take account of any future changes that may occur as a result of policy initiatives but may reflect the past impact of policy and economic changes. These projections are not, therefore, forecasts of what the government expects to happen based on policy.<br/><br/>The projections are based on the most recently available mid-year population estimates and a set of underlying demographic assumptions regarding future fertility, mortality and migration.<br/><br/>The principal projection is the main figure. Variant projections are produced to give an indication of the inherent uncertainty of demographic behaviour. <br/><br/>Three additional alternative variants showing what might happen if future levels of EU migration are higher, lower or zero have also been produced for Scotland only. These additional variants do not have National Statistics Status, and the assumptions for these variants have not been subject to the same rigorous quality assurance and assessment process as the other variants.<br/><br/>For more information on population statistics, please see the NRS website here: [https://www.nrscotland.gov.uk/statistics-and-data/statistics/statistics-by-theme/population](https://www.nrscotland.gov.uk/statistics-and-data/statistics/statistics-by-theme/population)<br/><br/>Single year of age population projections data for Scotland are available on the NRS website here: [https://www.nrscotland.gov.uk/statistics-and-data/statistics/statistics-by-theme/population/population-projections/population-projections-scotland/2016-based]( https://www.nrscotland.gov.uk/statistics-and-data/statistics/statistics-by-theme/population/population-projections/population-projections-scotland/2016-based)<br/>Single year of age population projections data for Scottish areas are available on the NRS website here: [https://www.nrscotland.gov.uk/statistics-and-data/statistics/statistics-by-theme/population/population-projections/sub-national-population-projections/2016-based]( https://www.nrscotland.gov.uk/statistics-and-data/statistics/statistics-by-theme/population/population-projections/sub-national-population-projections/2016-based)<br/>"
Population Projections (2018-based),National Records of Scotland,https://data.gov.scot/dataset/population_projections__2018_based_,https://api.data.gov.scot/resource/8f345974-1d1c-4837-8751-695235108ec8/download,population-projections-2018-based.csv,2026-08-13T10:30:22.879484,2026-08-13T10:31:56.723715,0,B,CSV,,,,UK Open Government Licence (OGL),"2018-based population projections for Scotland by sex and age group.<br/><br/>A projection is a calculation showing what happens under certain assumptions about future fertility, mortality and migration. The assumptions are based on past trends and do not take account of any future changes that may occur as a result of policy initiatives but may reflect the past impact of policy and economic changes. These projections are not, therefore, forecasts of what the government expects to happen based on policy.<br/><br/>The projections are based on the most recently available mid-year population estimates and a set of underlying demographic assumptions regarding future fertility, mortality and migration.<br/><br/>The principal projection is the main figure. Variant projections are produced to give an indication of the inherent uncertainty of demographic behaviour. <br/><br/>Two additional alternative variants showing what might happen if future levels of EU migration are lower have also been produced. These additional variants do not have National Statistics status, and the assumptions for these variants have not been subject to the same assessment process as the other variants.<br/><br/>For more information on population statistics, please see the NRS website here: [https://www.nrscotland.gov.uk/statistics-and-data/statistics/statistics-by-theme/population](https://www.nrscotland.gov.uk/statistics-and-data/statistics/statistics-by-theme/population)<br/><br/>Single year of age population projections data for Scotland are available on the NRS website here: [https://www.nrscotland.gov.uk/statistics-and-data/statistics/statistics-by-theme/population/population-projections/population-projections-scotland/2018-based]( https://www.nrscotland.gov.uk/statistics-and-data/statistics/statistics-by-theme/population/population-projections/population-projections-scotland/2018-based)<br/>"
Population Projections (2020-based) [updated],National Records of Scotland,https://data.gov.scot/dataset/population_projections__2020_based___updated_,https://api.data.gov.scot/resource/f39adcad-6d86-496c-ba1c-df9670fceb8f/download,population-projections-2020-based-updated.csv,2026-08-13T15:33:46.812795,2026-08-13T15:34:49.707157,0,B,CSV,,,,UK Open Government Licence (OGL),"2020-based population projections for Scotland by sex and age group.<br/><br/>*Please note that the Office for National Statistics (ONS) have produced new variant population projections using new international migration assumptions. They were published on 27 January 2023. New assumptions were developed following the latest expert advice and latest provisional estimates of international migration.*<br/><br/>*ONS and NRS advise users to use these new [2020-based interim national population projections: estimated international migration variant](https://www.ons.gov.uk/peoplepopulationandcommunity/populationandmigration/populationprojections/datasets/2020basedinterimnationalpopulationprojectionsyearendingjune2022estimatedinternationalmigrationvariant) (which include figures for Scotland) instead of the [2020-based interim national population projections](https://www.nrscotland.gov.uk/statistics-and-data/statistics/statistics-by-theme/population/population-projections/population-projections-scotland/2020-based/2020-based-unrevised) published in January 2022. This is because this release includes more recent estimates of international migration in the averages used to calculate the short- and long-term international migration assumptions.*<br/><br/>*More information on the impact and key changes in the latest update (international migration variant) can be found on the [NRS website](https://www.nrscotland.gov.uk/statistics-and-data/statistics/statistics-by-theme/population/population-projections/population-projections-scotland/2020-based).*<br/><br/><br/>A projection is a calculation showing what happens under certain assumptions about future fertility, mortality and migration. The assumptions are based on past trends and do not take account of any future changes that may occur as a result of policy initiatives but may reflect the past impact of policy and economic changes. These projections are not, therefore, forecasts of what the government expects to happen based on policy.<br/><br/>The projections are based on mid-year population estimates and a set of underlying demographic assumptions regarding future fertility, mortality and migration. <br/><br/>For more information on population statistics, please see the NRS website here: [https://www.nrscotland.gov.uk/statistics-and-data/statistics/statistics-by-theme/population](https://www.nrscotland.gov.uk/statistics-and-data/statistics/statistics-by-theme/population). <br/><br/>Single year of age population projections data for Scotland are available on the [NRS website](https://www.nrscotland.gov.uk/statistics-and-data/statistics/statistics-by-theme/population/population-projections/population-projections-scotland/2020-based/2020-based-unrevised) for principal projections, and the [ONS website](https://www.ons.gov.uk/peoplepopulationandcommunity/populationandmigration/populationprojections/bulletins/nationalpopulationprojections/2020basedinterim) for the international migration variant."
Population Projections (2022-based),National Records of Scotland,https://data.gov.scot/dataset/population_projections__2022_based_,https://api.data.gov.scot/resource/42600653-4131-4a99-9b9c-84a86cf69fbd/download,population-projections-2022-based.csv,2026-08-13T10:30:28.385855,2026-08-13T10:31:55.241117,0,B,CSV,,,,UK Open Government Licence (OGL),"The 2022-based national population projections are based on the estimated population at 30 June 2022 and a set of demographic assumptions about future fertility, mortality and migration based on analysis of past trends and expert advice. Given the uncertainty in demographic behaviour, additional variant projections are also produced. These variants are produced in the same way as the principal projection but use alternative plausible assumptions. <br/><br/>The national population projections are produced by the Office for National Statistics (ONS) on behalf of National Records of Scotland (NRS). This ensures that the projections for Scotland are consistent and comparable with those for the other constituent countries of the United Kingdom.<br/><br/>These projections are the first set based on Scotland's Census 2022. We focus on the 25 year to mid-2047; however, projections are available for a 100-year period. Projections become less certain the further into the future they go. <br/><br/>Single year of age population projections data for Scotland are available on the [NRS website](https://www.nrscotland.gov.uk/publications/projected-population-of-scotland-2022-based/) for up to mid-2047, and the [ONS website](https://www.ons.gov.uk/peoplepopulationandcommunity/populationandmigration/populationprojections/datasets/2014basednationalpopulationprojectionstableofcontents) up to mid-2122."
Poverty (adults),Scottish Government,https://data.gov.scot/dataset/poverty__adults_,https://api.data.gov.scot/resource/c64caec5-397c-4f89-96d2-18cd6aadffa7/download,poverty-adults.csv,2026-08-13T15:45:20.769614,2026-08-13T15:46:38.701617,0,B,CSV,,,,UK Open Government Licence (OGL),"National Statistics of the number and proportions of people living in private households with an equivalised household income below various poverty thresholds. For commentary and charts, please find the [full report on gov.scot](https://data.gov.scot/poverty/).<br/><br/>The different poverty datasets refer to different subgroups of the population. Datasets are available for:<br/><br/>* all people<br/>* children<br/>* working age adults<br/>* pensionable age adults<br/>* all adults (this dataset)<br/>* single adults<br/><br/>More detail for each dataset and the available breakdowns follows further below. <br/><br/>Figures are presented as three-year rolling averages to ensure robust time series analyses. Ethnicity and religion breakdowns are presented as five-year averages due to small sample sizes. Note that ethnicity and religion estimates are particularly volatile. The reason for this is that ethnic and religious composition of the population are not accounted for in the survey weighting process, and therefore the ethnic and religious composition of the population is not accurately captured.<br/><br/>Where estimates are suppressed due to small sample size this is marked with an asterisk (\""*\""). Where estimates are between 0 and 0.5% this is marked as \""[low]\"". Where estimates are missing for other reasons this is marked with a hyphen (\""-\""). Other reasons include changes in the methodology, or data being unavailable in some years.<br/><br/>The income measure used is equivalised net disposable income before and after housing costs. The before housing costs measure is income from all sources (including earnings, benefits, tax credits, pensions, and investments) after deductions for income tax, national insurance contributions, council tax, pension contributions and maintenance payments. The after housing costs measure further deducts housing costs such as rent and/or mortgage payments.<br/><br/>Equivalisation sums the income of all householders, adjusts it to reflect the composition of the household, and applies the resulting income to all householders. Private Scottish Households refers to all households that are not communal establishments such as hostels, prisons or hospitals, for example. The median is the middle value when the household income of all individuals in the UK are ranked in order. Sixty percent of the median is an internationally recognised poverty threshold.<br/><br/>Different poverty indicators measure different aspects of poverty. <br/><br/>Relative poverty: Individuals living in households whose equivalised income is below 60% of UK median income in the same year. This is a measure of whether those in the lowest income households are keeping pace with the growth of incomes in the economy as a whole.<br/><br/>Absolute poverty: Individuals living in households whose equivalised income is below 60% of inflation adjusted UK median income in 2010/11. This is a measure of whether those in the lowest income households are seeing their incomes rise in real terms.<br/><br/>Severe poverty: Similar to relative poverty, but with a threshold of 50% of UK median income in the same year. This is a measure of deeper poverty, identifying people in households further below the poverty line. <br/><br/>Relative and severe poverty (disability adjustment): Some illnesses and disabilities incur additional living costs. The poverty measures do not normally consider this. Research shows that additional costs associated with disability vary greatly in level and nature. There is no general agreement on how to measure these costs. In this measure, any payments in Disability Living Allowance, Attendance Allowance and Personal Independence Payments were deducted from total household income. These benefits are paid as a contribution towards the additional living costs for disabled people. This income is excluded from total household income, and a new poverty line based on the adjusted incomes is calculated. <br/><br/>Combined low income and material deprivation: measures living standards of children, and refers to the inability of households to afford basic goods and activities that are seen as necessities in society.<br/><br/>Pensioners' material deprivation: Pensioner material deprivation is different to other measures of poverty, including the child low income and material deprivation measure. It does not only consider low income. It also captures other barriers to accessing goods and services, such as poor health, disability and social isolation.<br/><br/>The data source is the Department for Work and Pensions' Family Resources Survey (Households Below Average Income dataset).<br/><br/>Working age adults are defined as all individuals aged 16 and over but below state pension age, except unmarried 16 to 19 year-olds in full-time non-advanced education, who are considered children. Adults are defined as all working age and pensionable age adults.<br/><br/>For further information on the methodology used to create these statistics, please see the [poverty methodology pages on gov.scot](https://www.gov.scot/publications/poverty-in-scotland-methodology/). More poverty analysis is available on the [poverty pages on gov.scot](https://www.gov.scot/collections/poverty-and-income-inequality-statistics/).<br/><br/>AVAILABLE POVERTY DATASETS<br/><br/>[Poverty (all people)](http://statistics.gov.scot/data/poverty-all-people)<br/><br/>Relative, absolute, and severe poverty both, before and after housing costs, broken down by:<br/><br/>* Ethnicity<br/>* Household disability status<br/>* Number of children in the household<br/>* Tenure<br/>* Urban / rural class<br/>* Scottish Index of Multiple Deprivation decile<br/><br/>[Poverty (children)](http://statistics.gov.scot/data/poverty-children)<br/><br/>Relative, absolute, and severe poverty, and combined low income and material deprivation both, before and after housing costs, broken down by:<br/><br/>* Age of child<br/>* Age of youngest child in the household<br/>* Age of mother<br/>* Ethnicity<br/>* Family employment status<br/>* Household disability status<br/>* Household work status<br/>* Number of children in the household<br/>* Single parenthood<br/>* Tenure<br/>* Urban / rural class<br/>* Scottish Index of Multiple Deprivation decile<br/><br/>[Poverty (working age adults)](http://statistics.gov.scot/data/poverty-working-age-adults)<br/><br/>Relative, absolute, and severe poverty both, before and after housing costs, broken down by:<br/><br/>* Family employment status<br/>* Household work status<br/>* Tenure<br/>* Urban / rural class<br/>* Scottish Index of Multiple Deprivation decile<br/><br/>[Poverty (pensionable age adults)](http://statistics.gov.scot/data/poverty-pensionable-age-adults)<br/><br/>Relative, absolute, and severe poverty both, before and after housing costs, and material deprivation, broken down by:<br/><br/>* Tenure<br/>* Urban / rural class<br/>* Scottish Index of Multiple Deprivation decile<br/><br/>[Poverty (adults)](http://statistics.gov.scot/data/poverty-adults)<br/><br/>Relative, absolute, and severe poverty both, before and after housing costs. The adult population combines the working age and the pensionable age populations. Broken down by:<br/><br/>* Age<br/>* Family type<br/>* Marital status<br/>* Religion<br/>* Sexual orientation<br/><br/>[Poverty (single adults)](http://statistics.gov.scot/data/poverty-single-adults)<br/><br/>Relative, absolute, and severe poverty both, before and after housing costs. The single adult population contains adults who share the household with no other adults only. Broken down by:<br/><br/>* Household type and gender<br/><br/>NOTES ON COVID-19 IMPACT ON DATA<br/><br/>*\tThe pandemic severely affected data collection and as a result, data from 2020/21 was not used to produce any of the three-year- or five-year averaged estimates. This means, for example, that the three-year periods 2018-21, 2019-22 and 2020-23 only contain data from two financial years each. This means that some real changes that happened to incomes, such as the furlough scheme or the temporary increase of Universal Credit are only partially captured in the time series. In addition, it also reduced the combined sample size, and data can be more volatile in the most recent periods.<br/>*\tMaterial deprivation: Estimates of pensioner material deprivation, and children in combined low income and material deprivation around the pandemic should be treated with caution. This is because the associated years cover a time when families were less able to undertake certain activities, and not necessarily because they couldn't afford to, and changed how people responded to the material deprivation questions.<br/><br/>NOTES ON BREAKDOWNS<br/><br/>Age (children and adults datasets)<br/><br/>* Note that poverty is measured at a household level. Everyone in the same household is considered either in poverty or not in poverty. This makes it difficult to measure the poverty rate by age or gender of an individual person if they share the households with others. For example, the age analysis in the adult dataset includes adults in both, single- and multi-person households. But we know that the trend that the youngest adults have the highest poverty rates holds true for single-adult households as well.<br/><br/>Ethnicity (all people and children datasets)<br/><br/>* Ethnicity data relates to all people in a household and is based on the ethnicity of the adult with the highest income.<br/>* Different ethnic groups have been combined into one for this analysis, as sample sizes are too small to reliably report on individual groups.<br/>* Please be aware that ethnic composition of the population is not accounted for in the survey weighting process, and therefore, poverty estimates are volatile and apparent trends not always reliable.<br/><br/>Family employment status (children and working age adults datasets)<br/><br/>* The term 'family' here refers to the core family in a household, consisting of one or two adults and their dependent children if any. A household may contain more than one family.<br/><br/>Family type (adults dataset)<br/><br/>* The term 'family' here refers to the core family in a household, consisting of one or two adults and their dependent children if any. A household may contain more than one family.<br/>* 'Pensioner couples' include working-age adults who are in a couple with a pensioner.<br/>* 'Single' adults in this analysis refer to single-adult families, not single-adult households. In some cases, single adult families may share a household with other families. This differs from the analysis in the 'Household type and gender' worksheet, where single adults are those who share the household with no other adults.<br/><br/>Household disability status (all people and children datasets)<br/><br/>* The way in which information on disabled people is collected changed several times during this timeseries. This causes breaks in the timeseries between 2001/02 and 2002/03, between 2003/04 and 2004/05, and between 2011/12 and 2012/13. Since 2012/13, disabled people are identified as those who report any physical or mental health condition(s) or illness(es) that last or are expected to last 12 months or more, and which limit their ability to carry out day-to-day activities. Therefore, care needs to be taken when considering long-term trends.<br/>* Since the last break in the methodology caused a large change in the size of the disabled population, the estimated numbers in poverty before and after the break cannot be directly compared and no three-year averaged data is available during the break.<br/>* Data on disabled children is available from 1995/96.<br/><br/>Household type and gender (single adults dataset)<br/><br/>* The term 'single' here refers to adults who are sharing a household with no other adults. This differs from the analysis in the 'Family type' breakdown, where single adults may share the household with other families.<br/><br/>Marital status (adults dataset)<br/><br/>* 'Adults' includes working-age adults and pensioners.<br/>* 'Single' refers to adults who have never been married or in a civil partnership, and are not living with a partner.<br/>* 'Separated' refers to adults who are married or in a civil partnership, but are not living together because of estrangement.<br/>* 'Married / Civil Partnership' includes couples who are temporarily living apart (e.g. due to serving in the armed forces).<br/><br/>Religion (adults dataset)<br/><br/>* Due to sample sizes, three-year averages of these statistics are not available.<br/>* 'Adults' include working-age adults as well as pensioners.<br/>* Different religious groups have been combined into one for this analysis, as sample sizes are too small to reliably report on individual groups.<br/>* A time series is not available. This is because religious composition of the population is not accounted for in the survey weighting process, and therefore, poverty estimates are volatile and apparent trends not reliable.<br/><br/>Sexual orientation (adults dataset)<br/><br/>* Different groups have been combined into one for this analysis, as sample sizes are too small to reliably report on individual groups. The 'Other' group contains adults who reported to be 'Gay / lesbian', 'Bisexual' or 'Other'.<br/>* Many respondents did not report their sexual orientation. This group is fairly large and there"
Poverty (all people),Scottish Government,https://data.gov.scot/dataset/poverty__all_people_,https://api.data.gov.scot/resource/16db3c1b-d199-4708-911b-8cc6ca84a466/download,poverty-all-people.csv,2026-08-13T15:29:26.425238,2026-08-13T15:30:40.499221,0,B,CSV,,,,UK Open Government Licence (OGL),"National Statistics of the number and proportions of people living in private households with an equivalised household income below various poverty thresholds. For commentary and charts, please find the [full report on gov.scot](https://data.gov.scot/poverty/).<br/><br/>The different poverty datasets refer to different subgroups of the population. Datasets are available for:<br/><br/>* all people (this dataset)<br/>* children<br/>* working age adults<br/>* pensionable age adults<br/>* all adults<br/>* single adults<br/><br/>More detail for each dataset and the available breakdowns follows further below. <br/><br/>Figures are presented as three-year rolling averages to ensure robust time series analyses. Ethnicity and religion breakdowns are presented as five-year averages due to small sample sizes. Note that ethnicity and religion estimates are particularly volatile. The reason for this is that ethnic and religious composition of the population are not accounted for in the survey weighting process, and therefore the ethnic and religious composition of the population is not accurately captured.<br/><br/>Where estimates are suppressed due to small sample size this is marked with an asterisk (\""*\""). Where estimates are between 0 and 0.5% this is marked as \""[low]\"". Where estimates are missing for other reasons this is marked with a hyphen (\""-\""). Other reasons include changes in the methodology, or data being unavailable in some years.<br/><br/>The income measure used is equivalised net disposable income before and after housing costs. The before housing costs measure is income from all sources (including earnings, benefits, tax credits, pensions, and investments) after deductions for income tax, national insurance contributions, council tax, pension contributions and maintenance payments. The after housing costs measure further deducts housing costs such as rent and/or mortgage payments.<br/><br/>Equivalisation sums the income of all householders, adjusts it to reflect the composition of the household, and applies the resulting income to all householders. Private Scottish Households refers to all households that are not communal establishments such as hostels, prisons or hospitals, for example. The median is the middle value when the household income of all individuals in the UK are ranked in order. Sixty percent of the median is an internationally recognised poverty threshold.<br/><br/>Different poverty indicators measure different aspects of poverty. <br/><br/>Relative poverty: Individuals living in households whose equivalised income is below 60% of UK median income in the same year. This is a measure of whether those in the lowest income households are keeping pace with the growth of incomes in the economy as a whole.<br/><br/>Absolute poverty: Individuals living in households whose equivalised income is below 60% of inflation adjusted UK median income in 2010/11. This is a measure of whether those in the lowest income households are seeing their incomes rise in real terms.<br/><br/>Severe poverty: Similar to relative poverty, but with a threshold of 50% of UK median income in the same year. This is a measure of deeper poverty, identifying people in households further below the poverty line. <br/><br/>Relative and severe poverty (disability adjustment): Some illnesses and disabilities incur additional living costs. The poverty measures do not normally consider this. Research shows that additional costs associated with disability vary greatly in level and nature. There is no general agreement on how to measure these costs. In this measure, any payments in Disability Living Allowance, Attendance Allowance and Personal Independence Payments were deducted from total household income. These benefits are paid as a contribution towards the additional living costs for disabled people. This income is excluded from total household income, and a new poverty line based on the adjusted incomes is calculated. <br/><br/>Combined low income and material deprivation: measures living standards of children, and refers to the inability of households to afford basic goods and activities that are seen as necessities in society.<br/><br/>Pensioners' material deprivation: Pensioner material deprivation is different to other measures of poverty, including the child low income and material deprivation measure. It does not only consider low income. It also captures other barriers to accessing goods and services, such as poor health, disability and social isolation.<br/><br/>Material deprivations statistics for 2021-24 are not available due a change in the way the questions were asked on the 2023-24 questionnaire.  Data for this period is marked with a hyphen (\""-\"").  Breakdowns will be provided on the open data platform when there is more years' data available.  Further information on the changes to the material deprivation questions from 2023-24 can be found here. <br/><br/>The data source is the Department for Work and Pensions' Family Resources Survey (Households Below Average Income dataset).<br/><br/>Working age adults are defined as all individuals aged 16 and over but below state pension age, except unmarried 16 to 19 year-olds in full-time non-advanced education, who are considered children. Adults are defined as all working age and pensionable age adults.<br/><br/>For further information on the methodology used to create these statistics, please see the [poverty methodology pages on gov.scot](https://www.gov.scot/publications/poverty-in-scotland-methodology/). More poverty analysis is available on the [poverty pages on gov.scot](https://www.gov.scot/collections/poverty-and-income-inequality-statistics/).<br/><br/>AVAILABLE POVERTY DATASETS<br/><br/>[Poverty (all people)](http://statistics.gov.scot/data/poverty-all-people)<br/><br/>Relative, absolute, and severe poverty both, before and after housing costs, broken down by:<br/><br/>* Ethnicity<br/>* Household disability status<br/>* Number of children in the household<br/>* Tenure<br/>* Urban / rural class<br/>* Scottish Index of Multiple Deprivation decile<br/><br/>[Poverty (children)](http://statistics.gov.scot/data/poverty-children)<br/><br/>Relative, absolute, and severe poverty, and combined low income and material deprivation both, before and after housing costs, broken down by:<br/><br/>* Age of child<br/>* Age of youngest child in the household<br/>* Age of mother<br/>* Ethnicity<br/>* Family employment status<br/>* Household disability status<br/>* Household work status<br/>* Number of children in the household<br/>* Single parenthood<br/>* Tenure<br/>* Urban / rural class<br/>* Scottish Index of Multiple Deprivation decile<br/><br/>[Poverty (working age adults)](http://statistics.gov.scot/data/poverty-working-age-adults)<br/><br/>Relative, absolute, and severe poverty both, before and after housing costs, broken down by:<br/><br/>* Family employment status<br/>* Household work status<br/>* Tenure<br/>* Urban / rural class<br/>* Scottish Index of Multiple Deprivation decile<br/><br/>[Poverty (pensionable age adults)](http://statistics.gov.scot/data/poverty-pensionable-age-adults)<br/><br/>Relative, absolute, and severe poverty both, before and after housing costs, and material deprivation, broken down by:<br/><br/>* Tenure<br/>* Urban / rural class<br/>* Scottish Index of Multiple Deprivation decile<br/><br/>[Poverty (adults)](http://statistics.gov.scot/data/poverty-adults)<br/><br/>Relative, absolute, and severe poverty both, before and after housing costs. The adult population combines the working age and the pensionable age populations. Broken down by:<br/><br/>* Age<br/>* Family type<br/>* Marital status<br/>* Religion<br/>* Sexual orientation<br/><br/>[Poverty (single adults)](http://statistics.gov.scot/data/poverty-single-adults)<br/><br/>Relative, absolute, and severe poverty both, before and after housing costs. The single adult population contains adults who share the household with no other adults only. Broken down by:<br/><br/>* Household type and gender<br/><br/>NOTES ON COVID-19 IMPACT ON DATA<br/><br/>*\tThe pandemic severely affected data collection and as a result, data from 2020/21 was not used to produce any of the three-year- or five-year averaged estimates. This means that the three-year periods 2018-21, 2019-22 and 2020-23 only contain data from two financial years each. The latest statistics for 2021-24 revert to a 3-year average. However, although we have 3 years' worth of data, the pooled sample is around a third less than in 2017-20 due to response rates being lower since the pandemic.  Results are therefore subject being more volatile than in the past.<br/>*\tMaterial deprivation: Estimates of pensioner material deprivation, and children in combined low income and material deprivation around the pandemic should be treated with caution. This is because the associated years cover a time when families were less able to undertake certain activities, and not necessarily because they couldn't afford to, and changed how people responded to the material deprivation questions.<br/><br/>NOTES ON BREAKDOWNS<br/><br/>Age (children and adults datasets)<br/><br/>* Note that poverty is measured at a household level. Everyone in the same household is considered either in poverty or not in poverty. This makes it difficult to measure the poverty rate by age or gender of an individual person if they share the households with others. For example, the age analysis in the adult dataset includes adults in both, single- and multi-person households. But we know that the trend that the youngest adults have the highest poverty rates holds true for single-adult households as well.<br/><br/>Ethnicity (all people and children datasets)<br/><br/>* Ethnicity data relates to all people in a household and is based on the ethnicity of the adult with the highest income.<br/>* Different ethnic groups have been combined into one for this analysis, as sample sizes are too small to reliably report on individual groups.<br/>* Please be aware that ethnic composition of the population is not accounted for in the survey weighting process, and therefore, poverty estimates are volatile and apparent trends not always reliable.<br/><br/>Family employment status (children and working age adults datasets)<br/><br/>* The term 'family' here refers to the core family in a household, consisting of one or two adults and their dependent children if any. A household may contain more than one family.<br/><br/>Family type (adults dataset)<br/><br/>* The term 'family' here refers to the core family in a household, consisting of one or two adults and their dependent children if any. A household may contain more than one family.<br/>* 'Pensioner couples' include working-age adults who are in a couple with a pensioner.<br/>* 'Single' adults in this analysis refer to single-adult families, not single-adult households. In some cases, single adult families may share a household with other families. This differs from the analysis in the 'Household type and gender' worksheet, where single adults are those who share the household with no other adults.<br/><br/>Household disability status (all people and children datasets)<br/><br/>* The way in which information on disabled people is collected changed several times during this timeseries. This causes breaks in the timeseries between 2001/02 and 2002/03, between 2003/04 and 2004/05, and between 2011/12 and 2012/13. Since 2012/13, disabled people are identified as those who report any physical or mental health condition(s) or illness(es) that last or are expected to last 12 months or more, and which limit their ability to carry out day-to-day activities. Therefore, care needs to be taken when considering long-term trends.<br/>* Since the last break in the methodology caused a large change in the size of the disabled population, the estimated numbers in poverty before and after the break cannot be directly compared and no three-year averaged data is available during the break.<br/>* Data on disabled children is available from 1995/96.<br/><br/>Household type and gender (single adults dataset)<br/><br/>* The term 'single' here refers to adults who are sharing a household with no other adults. This differs from the analysis in the 'Family type' breakdown, where single adults may share the household with other families.<br/><br/>Marital status (adults dataset)<br/><br/>* 'Adults' includes working-age adults and pensioners.<br/>* 'Single' refers to adults who have never been married or in a civil partnership, and are not living with a partner.<br/>* 'Separated' refers to adults who are married or in a civil partnership, but are not living together because of estrangement.<br/>* 'Married / Civil Partnership' includes couples who are temporarily living apart (e.g. due to serving in the armed forces).<br/><br/>Religion (adults dataset)<br/><br/>* Due to sample sizes, three-year averages of these statistics are not available.<br/>* 'Adults' include working-age adults as well as pensioners.<br/>* Different religious groups have been combined into one for this analysis, as sample sizes are too small to reliably report on individual groups.<br/>* A time series is not available. This is because religious composition of the population is not accounted for in the survey weighting process, and therefore, poverty estimates are volatile and apparent trends not reliable.<br/><br/>Sexual orientation (adults dataset)<br/><br/>* Different groups have been combined into one for this analysis, as sample sizes are too small to reliably report on individual groups. The 'Other' group contains adults who reported to be 'Gay / lesbian', 'Bisexual' or 'Other'.<br/>* Many respondents did not report their sexual orientation. This group is fairly large and therefore included as its own category."
Poverty (children),Scottish Government,https://data.gov.scot/dataset/poverty__children_,https://api.data.gov.scot/resource/8ece5e9b-0f2f-4395-8cb2-cc96d8a2c29a/download,poverty-children.csv,2026-08-13T15:41:11.717807,2026-08-13T15:42:23.120993,0,B,CSV,,,,UK Open Government Licence (OGL),"National Statistics of the number and proportions of people living in private households with an equivalised household income below various poverty thresholds. For commentary and charts, please find the [full report on gov.scot](https://data.gov.scot/poverty/).<br/><br/>The different poverty datasets refer to different subgroups of the population. Datasets are available for:<br/><br/>* all people<br/>* children (this dataset)<br/>* working age adults<br/>* pensionable age adults<br/>* all adults<br/>* single adults<br/><br/>More detail for each dataset and the available breakdowns follows further below. <br/><br/>Figures are presented as three-year rolling averages to ensure robust time series analyses. Ethnicity and religion breakdowns are presented as five-year averages due to small sample sizes. Note that ethnicity and religion estimates are particularly volatile. The reason for this is that ethnic and religious composition of the population are not accounted for in the survey weighting process, and therefore the ethnic and religious composition of the population is not accurately captured.<br/><br/>Where estimates are suppressed due to small sample size this is marked with an asterisk (\""*\""). Where estimates are between 0 and 0.5% this is marked as \""[low]\"". Where estimates are missing for other reasons this is marked with a hyphen (\""-\""). Other reasons include changes in the methodology, or data being unavailable in some years.<br/><br/>The income measure used is equivalised net disposable income before and after housing costs. The before housing costs measure is income from all sources (including earnings, benefits, tax credits, pensions, and investments) after deductions for income tax, national insurance contributions, council tax, pension contributions and maintenance payments. The after housing costs measure further deducts housing costs such as rent and/or mortgage payments.<br/><br/>Equivalisation sums the income of all householders, adjusts it to reflect the composition of the household, and applies the resulting income to all householders. Private Scottish Households refers to all households that are not communal establishments such as hostels, prisons or hospitals, for example. The median is the middle value when the household income of all individuals in the UK are ranked in order. Sixty percent of the median is an internationally recognised poverty threshold.<br/><br/>Different poverty indicators measure different aspects of poverty. <br/><br/>Relative poverty: Individuals living in households whose equivalised income is below 60% of UK median income in the same year. This is a measure of whether those in the lowest income households are keeping pace with the growth of incomes in the economy as a whole.<br/><br/>Absolute poverty: Individuals living in households whose equivalised income is below 60% of inflation adjusted UK median income in 2010/11. This is a measure of whether those in the lowest income households are seeing their incomes rise in real terms.<br/><br/>Severe poverty: Similar to relative poverty, but with a threshold of 50% of UK median income in the same year. This is a measure of deeper poverty, identifying people in households further below the poverty line. <br/><br/>Relative and severe poverty (disability adjustment): Some illnesses and disabilities incur additional living costs. The poverty measures do not normally consider this. Research shows that additional costs associated with disability vary greatly in level and nature. There is no general agreement on how to measure these costs. In this measure, any payments in Disability Living Allowance, Attendance Allowance and Personal Independence Payments were deducted from total household income. These benefits are paid as a contribution towards the additional living costs for disabled people. This income is excluded from total household income, and a new poverty line based on the adjusted incomes is calculated. <br/><br/>Combined low income and material deprivation: measures living standards of children, and refers to the inability of households to afford basic goods and activities that are seen as necessities in society.<br/><br/>Pensioners' material deprivation: Pensioner material deprivation is different to other measures of poverty, including the child low income and material deprivation measure. It does not only consider low income. It also captures other barriers to accessing goods and services, such as poor health, disability and social isolation.<br/><br/>Material deprivations statistics for 2021-24 are not available due a change in the way the questions were asked on the 2023-24 questionnaire.  Data for this period is marked with a hyphen (\""-\"").  Breakdowns will be provided on the open data platform when there is more years' data available.  Further information on the changes to the material deprivation questions from 2023-24 can be found here. <br/><br/>The data source is the Department for Work and Pensions' Family Resources Survey (Households Below Average Income dataset).<br/><br/>Working age adults are defined as all individuals aged 16 and over but below state pension age, except unmarried 16 to 19 year-olds in full-time non-advanced education, who are considered children. Adults are defined as all working age and pensionable age adults.<br/><br/>For further information on the methodology used to create these statistics, please see the [poverty methodology pages on gov.scot](https://www.gov.scot/publications/poverty-in-scotland-methodology/). More poverty analysis is available on the [poverty pages on gov.scot](https://www.gov.scot/collections/poverty-and-income-inequality-statistics/).<br/><br/>AVAILABLE POVERTY DATASETS<br/><br/>[Poverty (all people)](http://statistics.gov.scot/data/poverty-all-people)<br/><br/>Relative, absolute, and severe poverty both, before and after housing costs, broken down by:<br/><br/>* Ethnicity<br/>* Household disability status<br/>* Number of children in the household<br/>* Tenure<br/>* Urban / rural class<br/>* Scottish Index of Multiple Deprivation decile<br/><br/>[Poverty (children)](http://statistics.gov.scot/data/poverty-children)<br/><br/>Relative, absolute, and severe poverty, and combined low income and material deprivation both, before and after housing costs, broken down by:<br/><br/>* Age of child<br/>* Age of youngest child in the household<br/>* Age of mother<br/>* Ethnicity<br/>* Family employment status<br/>* Household disability status<br/>* Household work status<br/>* Number of children in the household<br/>* Single parenthood<br/>* Tenure<br/>* Urban / rural class<br/>* Scottish Index of Multiple Deprivation decile<br/><br/>[Poverty (working age adults)](http://statistics.gov.scot/data/poverty-working-age-adults)<br/><br/>Relative, absolute, and severe poverty both, before and after housing costs, broken down by:<br/><br/>* Family employment status<br/>* Household work status<br/>* Tenure<br/>* Urban / rural class<br/>* Scottish Index of Multiple Deprivation decile<br/><br/>[Poverty (pensionable age adults)](http://statistics.gov.scot/data/poverty-pensionable-age-adults)<br/><br/>Relative, absolute, and severe poverty both, before and after housing costs, and material deprivation, broken down by:<br/><br/>* Tenure<br/>* Urban / rural class<br/>* Scottish Index of Multiple Deprivation decile<br/><br/>[Poverty (adults)](http://statistics.gov.scot/data/poverty-adults)<br/><br/>Relative, absolute, and severe poverty both, before and after housing costs. The adult population combines the working age and the pensionable age populations. Broken down by:<br/><br/>* Age<br/>* Family type<br/>* Marital status<br/>* Religion<br/>* Sexual orientation<br/><br/>[Poverty (single adults)](http://statistics.gov.scot/data/poverty-single-adults)<br/><br/>Relative, absolute, and severe poverty both, before and after housing costs. The single adult population contains adults who share the household with no other adults only. Broken down by:<br/><br/>* Household type and gender<br/><br/>NOTES ON COVID-19 IMPACT ON DATA<br/><br/>* The pandemic severely affected data collection and as a result, data from 2020/21 was not used to produce any of the three-year- or five-year averaged estimates. This means, for example, that the three-year periods 2018-21, 2019-22 and 2020-23 only  contain data from two financial years each. The latest statistics for 2021-24 revert to a 3-year average. However, although we have 3 years' worth of data, the pooled sample is around a third less than in 2017-20 due to response rates being lower since the pandemic.  Results are therefore subject being more volatile than in the past.<br/>* Material deprivation: Estimates of pensioner material deprivation, and children in combined low income and material deprivation around the pandemic should be treated with caution. This is because the associated years cover a time when families were less able to undertake certain activities, and not necessarily because they couldn't afford to, and changed how people responded to the material deprivation questions.<br/><br/>NOTES ON BREAKDOWNS<br/><br/>Age (children and adults datasets)<br/><br/>* Note that poverty is measured at a household level. Everyone in the same household is considered either in poverty or not in poverty. This makes it difficult to measure the poverty rate by age or gender of an individual person if they share the households with others. For example, the age analysis in the adult dataset includes adults in both, single- and multi-person households. But we know that the trend that the youngest adults have the highest poverty rates holds true for single-adult households as well.<br/><br/>Ethnicity (all people and children datasets)<br/><br/>* Ethnicity data relates to all people in a household and is based on the ethnicity of the adult with the highest income.<br/>* Different ethnic groups have been combined into one for this analysis, as sample sizes are too small to reliably report on individual groups.<br/>* Please be aware that ethnic composition of the population is not accounted for in the survey weighting process, and therefore, poverty estimates are volatile and apparent trends not always reliable.<br/><br/>Family employment status (children and working age adults datasets)<br/><br/>* The term 'family' here refers to the core family in a household, consisting of one or two adults and their dependent children if any. A household may contain more than one family.<br/><br/>Family type (adults dataset)<br/><br/>* The term 'family' here refers to the core family in a household, consisting of one or two adults and their dependent children if any. A household may contain more than one family.<br/>* 'Pensioner couples' include working-age adults who are in a couple with a pensioner.<br/>* 'Single' adults in this analysis refer to single-adult families, not single-adult households. In some cases, single adult families may share a household with other families. This differs from the analysis in the 'Household type and gender' worksheet, where single adults are those who share the household with no other adults.<br/><br/>Household disability status (all people and children datasets)<br/><br/>* The way in which information on disabled people is collected changed several times during this timeseries. This causes breaks in the timeseries between 2001/02 and 2002/03, between 2003/04 and 2004/05, and between 2011/12 and 2012/13. Since 2012/13, disabled people are identified as those who report any physical or mental health condition(s) or illness(es) that last or are expected to last 12 months or more, and which limit their ability to carry out day-to-day activities. Therefore, care needs to be taken when considering long-term trends.<br/>* Since the last break in the methodology caused a large change in the size of the disabled population, the estimated numbers in poverty before and after the break cannot be directly compared and no three-year averaged data is available during the break.<br/>* Data on disabled children is available from 1995/96.<br/><br/>Household type and gender (single adults dataset)<br/><br/>* The term 'single' here refers to adults who are sharing a household with no other adults. This differs from the analysis in the 'Family type' breakdown, where single adults may share the household with other families.<br/><br/>Marital status (adults dataset)<br/><br/>* 'Adults' includes working-age adults and pensioners.<br/>* 'Single' refers to adults who have never been married or in a civil partnership, and are not living with a partner.<br/>* 'Separated' refers to adults who are married or in a civil partnership, but are not living together because of estrangement.<br/>* 'Married / Civil Partnership' includes couples who are temporarily living apart (e.g. due to serving in the armed forces).<br/><br/>Religion (adults dataset)<br/><br/>* Due to sample sizes, three-year averages of these statistics are not available.<br/>* 'Adults' include working-age adults as well as pensioners.<br/>* Different religious groups have been combined into one for this analysis, as sample sizes are too small to reliably report on individual groups.<br/>* A time series is not available. This is because religious composition of the population is not accounted for in the survey weighting process, and therefore, poverty estimates are volatile and apparent trends not reliable.<br/><br/>Sexual orientation (adults dataset)<br/><br/>* Different groups have been combined into one for this analysis, as sample sizes are too small to reliably report on individual groups. The 'Other' group contains adults who reported to be 'Gay / lesbian', 'Bisexual' or 'Other'.<br/>* Many respondents did not report their sexual orientation. This group is fairly large and therefore included as its own category."
Poverty (pensionable age adults),Scottish Government,https://data.gov.scot/dataset/poverty__pensionable_age_adults_,https://api.data.gov.scot/resource/47c840b9-896b-478f-bd0c-3ff87fdde109/download,poverty-pensionable-age-adults.csv,2026-08-13T15:55:51.958434,2026-08-13T15:57:57.447567,0,B,CSV,,,,UK Open Government Licence (OGL),"National Statistics of the number and proportions of people living in private households with an equivalised household income below various poverty thresholds. For commentary and charts, please find the [full report on gov.scot](https://data.gov.scot/poverty/).<br/><br/>The different poverty datasets refer to different subgroups of the population. Datasets are available for:<br/><br/>* all people<br/>* children<br/>* working age adults<br/>* pensionable age adults (this dataset)<br/>* all adults<br/>* single adults<br/><br/>More detail for each dataset and the available breakdowns follows further below. <br/><br/>Figures are presented as three-year rolling averages to ensure robust time series analyses. Ethnicity and religion breakdowns are presented as five-year averages due to small sample sizes. Note that ethnicity and religion estimates are particularly volatile. The reason for this is that ethnic and religious composition of the population are not accounted for in the survey weighting process, and therefore the ethnic and religious composition of the population is not accurately captured.<br/><br/>Where estimates are suppressed due to small sample size this is marked with an asterisk (\""*\""). Where estimates are between 0 and 0.5% this is marked as \""[low]\"". Where estimates are missing for other reasons this is marked with a hyphen (\""-\""). Other reasons include changes in the methodology, or data being unavailable in some years.<br/><br/>The income measure used is equivalised net disposable income before and after housing costs. The before housing costs measure is income from all sources (including earnings, benefits, tax credits, pensions, and investments) after deductions for income tax, national insurance contributions, council tax, pension contributions and maintenance payments. The after housing costs measure further deducts housing costs such as rent and/or mortgage payments.<br/><br/>Equivalisation sums the income of all householders, adjusts it to reflect the composition of the household, and applies the resulting income to all householders. Private Scottish Households refers to all households that are not communal establishments such as hostels, prisons or hospitals, for example. The median is the middle value when the household income of all individuals in the UK are ranked in order. Sixty percent of the median is an internationally recognised poverty threshold.<br/><br/>Different poverty indicators measure different aspects of poverty. <br/><br/>Relative poverty: Individuals living in households whose equivalised income is below 60% of UK median income in the same year. This is a measure of whether those in the lowest income households are keeping pace with the growth of incomes in the economy as a whole.<br/><br/>Absolute poverty: Individuals living in households whose equivalised income is below 60% of inflation adjusted UK median income in 2010/11. This is a measure of whether those in the lowest income households are seeing their incomes rise in real terms.<br/><br/>Severe poverty: Similar to relative poverty, but with a threshold of 50% of UK median income in the same year. This is a measure of deeper poverty, identifying people in households further below the poverty line. <br/><br/>Relative and severe poverty (disability adjustment): Some illnesses and disabilities incur additional living costs. The poverty measures do not normally consider this. Research shows that additional costs associated with disability vary greatly in level and nature. There is no general agreement on how to measure these costs. In this measure, any payments in Disability Living Allowance, Attendance Allowance and Personal Independence Payments were deducted from total household income. These benefits are paid as a contribution towards the additional living costs for disabled people. This income is excluded from total household income, and a new poverty line based on the adjusted incomes is calculated. <br/><br/>Combined low income and material deprivation: measures living standards of children, and refers to the inability of households to afford basic goods and activities that are seen as necessities in society.<br/><br/>Pensioners' material deprivation: Pensioner material deprivation is different to other measures of poverty, including the child low income and material deprivation measure. It does not only consider low income. It also captures other barriers to accessing goods and services, such as poor health, disability and social isolation.<br/><br/>Material deprivations statistics for 2021-24 are not available due a change in the way the questions were asked on the 2023-24 questionnaire.  Data for this period is marked with a hyphen (\""-\"").  Breakdowns will be provided on the open data platform when there is more years' data available.  Further information on the changes to the material deprivation questions from 2023-24 can be found here. <br/><br/>The data source is the Department for Work and Pensions' Family Resources Survey (Households Below Average Income dataset).<br/><br/>Working age adults are defined as all individuals aged 16 and over but below state pension age, except unmarried 16 to 19 year-olds in full-time non-advanced education, who are considered children. Adults are defined as all working age and pensionable age adults.<br/><br/>For further information on the methodology used to create these statistics, please see the [poverty methodology pages on gov.scot](https://www.gov.scot/publications/poverty-in-scotland-methodology/). More poverty analysis is available on the [poverty pages on gov.scot](https://www.gov.scot/collections/poverty-and-income-inequality-statistics/).<br/><br/>AVAILABLE POVERTY DATASETS<br/><br/>[Poverty (all people)](http://statistics.gov.scot/data/poverty-all-people)<br/><br/>Relative, absolute, and severe poverty both, before and after housing costs, broken down by:<br/><br/>* Ethnicity<br/>* Household disability status<br/>* Number of children in the household<br/>* Tenure<br/>* Urban / rural class<br/>* Scottish Index of Multiple Deprivation decile<br/><br/>[Poverty (children)](http://statistics.gov.scot/data/poverty-children)<br/><br/>Relative, absolute, and severe poverty, and combined low income and material deprivation both, before and after housing costs, broken down by:<br/><br/>* Age of child<br/>* Age of youngest child in the household<br/>* Age of mother<br/>* Ethnicity<br/>* Family employment status<br/>* Household disability status<br/>* Household work status<br/>* Number of children in the household<br/>* Single parenthood<br/>* Tenure<br/>* Urban / rural class<br/>* Scottish Index of Multiple Deprivation decile<br/><br/>[Poverty (working age adults)](http://statistics.gov.scot/data/poverty-working-age-adults)<br/><br/>Relative, absolute, and severe poverty both, before and after housing costs, broken down by:<br/><br/>* Family employment status<br/>* Household work status<br/>* Tenure<br/>* Urban / rural class<br/>* Scottish Index of Multiple Deprivation decile<br/><br/>[Poverty (pensionable age adults)](http://statistics.gov.scot/data/poverty-pensionable-age-adults)<br/><br/>Relative, absolute, and severe poverty both, before and after housing costs, and material deprivation, broken down by:<br/><br/>* Tenure<br/>* Urban / rural class<br/>* Scottish Index of Multiple Deprivation decile<br/><br/>[Poverty (adults)](http://statistics.gov.scot/data/poverty-adults)<br/><br/>Relative, absolute, and severe poverty both, before and after housing costs. The adult population combines the working age and the pensionable age populations. Broken down by:<br/><br/>* Age<br/>* Family type<br/>* Marital status<br/>* Religion<br/>* Sexual orientation<br/><br/>[Poverty (single adults)](http://statistics.gov.scot/data/poverty-single-adults)<br/><br/>Relative, absolute, and severe poverty both, before and after housing costs. The single adult population contains adults who share the household with no other adults only. Broken down by:<br/><br/>* Household type and gender<br/><br/>NOTES ON COVID-19 IMPACT ON DATA<br/><br/>* The pandemic severely affected data collection and as a result, data from 2020/21 was not used to produce any of the three-year- or five-year averaged estimates. This means, for example, that the three-year periods 2018-21, 2019-22 and 2020-23 only contain data from two financial years each. The latest statistics for 2021-24 revert to a 3-year average. However, although we have 3 years' worth of data, the pooled sample is around a third less than in 2017-20 due to response rates being lower since the pandemic.  Results are therefore subject being more volatile than in the past.<br/>* Material deprivation: Estimates of pensioner material deprivation, and children in combined low income and material deprivation around the pandemic should be treated with caution. This is because the associated years cover a time when families were less able to undertake certain activities, and not necessarily because they couldn't afford to, and changed how people responded to the material deprivation questions.<br/><br/>NOTES ON BREAKDOWNS<br/><br/>Age (children and adults datasets)<br/><br/>* Note that poverty is measured at a household level. Everyone in the same household is considered either in poverty or not in poverty. This makes it difficult to measure the poverty rate by age or gender of an individual person if they share the households with others. For example, the age analysis in the adult dataset includes adults in both, single- and multi-person households. But we know that the trend that the youngest adults have the highest poverty rates holds true for single-adult households as well.<br/><br/>Ethnicity (all people and children datasets)<br/><br/>* Ethnicity data relates to all people in a household and is based on the ethnicity of the adult with the highest income.<br/>* Different ethnic groups have been combined into one for this analysis, as sample sizes are too small to reliably report on individual groups.<br/>* Please be aware that ethnic composition of the population is not accounted for in the survey weighting process, and therefore, poverty estimates are volatile and apparent trends not always reliable.<br/><br/>Family employment status (children and working age adults datasets)<br/><br/>* The term 'family' here refers to the core family in a household, consisting of one or two adults and their dependent children if any. A household may contain more than one family.<br/><br/>Family type (adults dataset)<br/><br/>* The term 'family' here refers to the core family in a household, consisting of one or two adults and their dependent children if any. A household may contain more than one family.<br/>* 'Pensioner couples' include working-age adults who are in a couple with a pensioner.<br/>* 'Single' adults in this analysis refer to single-adult families, not single-adult households. In some cases, single adult families may share a household with other families. This differs from the analysis in the 'Household type and gender' worksheet, where single adults are those who share the household with no other adults.<br/><br/>Household disability status (all people and children datasets)<br/><br/>* The way in which information on disabled people is collected changed several times during this timeseries. This causes breaks in the timeseries between 2001/02 and 2002/03, between 2003/04 and 2004/05, and between 2011/12 and 2012/13. Since 2012/13, disabled people are identified as those who report any physical or mental health condition(s) or illness(es) that last or are expected to last 12 months or more, and which limit their ability to carry out day-to-day activities. Therefore, care needs to be taken when considering long-term trends.<br/>* Since the last break in the methodology caused a large change in the size of the disabled population, the estimated numbers in poverty before and after the break cannot be directly compared and no three-year averaged data is available during the break.<br/>* Data on disabled children is available from 1995/96.<br/><br/>Household type and gender (single adults dataset)<br/><br/>* The term 'single' here refers to adults who are sharing a household with no other adults. This differs from the analysis in the 'Family type' breakdown, where single adults may share the household with other families.<br/><br/>Marital status (adults dataset)<br/><br/>* 'Adults' includes working-age adults and pensioners.<br/>* 'Single' refers to adults who have never been married or in a civil partnership, and are not living with a partner.<br/>* 'Separated' refers to adults who are married or in a civil partnership, but are not living together because of estrangement.<br/>* 'Married / Civil Partnership' includes couples who are temporarily living apart (e.g. due to serving in the armed forces).<br/><br/>Religion (adults dataset)<br/><br/>* Due to sample sizes, three-year averages of these statistics are not available.<br/>* 'Adults' include working-age adults as well as pensioners.<br/>* Different religious groups have been combined into one for this analysis, as sample sizes are too small to reliably report on individual groups.<br/>* A time series is not available. This is because religious composition of the population is not accounted for in the survey weighting process, and therefore, poverty estimates are volatile and apparent trends not reliable.<br/><br/>Sexual orientation (adults dataset)<br/><br/>* Different groups have been combined into one for this analysis, as sample sizes are too small to reliably report on individual groups. The 'Other' group contains adults who reported to be 'Gay / lesbian', 'Bisexual' or 'Other'.<br/>* Many respondents did not report their sexual orientation. This group is fairly large and therefore included as its own category."
Poverty (single adults),Scottish Government,https://data.gov.scot/dataset/poverty__single_adults_,https://api.data.gov.scot/resource/b03bbfa2-1626-456a-a115-af2e4e0365a0/download,poverty-single-adults.csv,2026-08-13T14:42:16.494843,2026-08-13T14:43:10.920849,0,B,CSV,,,,UK Open Government Licence (OGL),"National Statistics of the number and proportions of people living in private households with an equivalised household income below various poverty thresholds. For commentary and charts, please find the [full report on gov.scot](https://data.gov.scot/poverty/).<br/><br/>The different poverty datasets refer to different subgroups of the population. Datasets are available for:<br/><br/>* all people<br/>* children<br/>* working age adults<br/>* pensionable age adults<br/>* all adults<br/>* single adults (this dataset)<br/><br/>More detail for each dataset and the available breakdowns follows further below. <br/><br/>Figures are presented as three-year rolling averages to ensure robust time series analyses. Ethnicity and religion breakdowns are presented as five-year averages due to small sample sizes. Note that ethnicity and religion estimates are particularly volatile. The reason for this is that ethnic and religious composition of the population are not accounted for in the survey weighting process, and therefore the ethnic and religious composition of the population is not accurately captured.<br/><br/>Where estimates are suppressed due to small sample size this is marked with an asterisk (\""*\""). Where estimates are between 0 and 0.5% this is marked as \""[low]\"". Where estimates are missing for other reasons this is marked with a hyphen (\""-\""). Other reasons include changes in the methodology, or data being unavailable in some years.<br/><br/>The income measure used is equivalised net disposable income before and after housing costs. The before housing costs measure is income from all sources (including earnings, benefits, tax credits, pensions, and investments) after deductions for income tax, national insurance contributions, council tax, pension contributions and maintenance payments. The after housing costs measure further deducts housing costs such as rent and/or mortgage payments.<br/><br/>Equivalisation sums the income of all householders, adjusts it to reflect the composition of the household, and applies the resulting income to all householders. Private Scottish Households refers to all households that are not communal establishments such as hostels, prisons or hospitals, for example. The median is the middle value when the household income of all individuals in the UK are ranked in order. Sixty percent of the median is an internationally recognised poverty threshold.<br/><br/>Different poverty indicators measure different aspects of poverty. <br/><br/>Relative poverty: Individuals living in households whose equivalised income is below 60% of UK median income in the same year. This is a measure of whether those in the lowest income households are keeping pace with the growth of incomes in the economy as a whole.<br/><br/>Absolute poverty: Individuals living in households whose equivalised income is below 60% of inflation adjusted UK median income in 2010/11. This is a measure of whether those in the lowest income households are seeing their incomes rise in real terms.<br/><br/>Severe poverty: Similar to relative poverty, but with a threshold of 50% of UK median income in the same year. This is a measure of deeper poverty, identifying people in households further below the poverty line. <br/><br/>Relative and severe poverty (disability adjustment): Some illnesses and disabilities incur additional living costs. The poverty measures do not normally consider this. Research shows that additional costs associated with disability vary greatly in level and nature. There is no general agreement on how to measure these costs. In this measure, any payments in Disability Living Allowance, Attendance Allowance and Personal Independence Payments were deducted from total household income. These benefits are paid as a contribution towards the additional living costs for disabled people. This income is excluded from total household income, and a new poverty line based on the adjusted incomes is calculated. <br/><br/>Combined low income and material deprivation: measures living standards of children, and refers to the inability of households to afford basic goods and activities that are seen as necessities in society.<br/><br/>Pensioners' material deprivation: Pensioner material deprivation is different to other measures of poverty, including the child low income and material deprivation measure. It does not only consider low income. It also captures other barriers to accessing goods and services, such as poor health, disability and social isolation.<br/><br/>Material deprivations statistics for 2021-24 are not available due a change in the way the questions were asked on the 2023-24 questionnaire.  Data for this period is marked with a hyphen (\""-\"").  Breakdowns will be provided on the open data platform when there is more years' data available.  Further information on the changes to the material deprivation questions from 2023-24 can be found here. <br/><br/>The data source is the Department for Work and Pensions' Family Resources Survey (Households Below Average Income dataset).<br/><br/>Working age adults are defined as all individuals aged 16 and over but below state pension age, except unmarried 16 to 19 year-olds in full-time non-advanced education, who are considered children. Adults are defined as all working age and pensionable age adults.<br/><br/>For further information on the methodology used to create these statistics, please see the [poverty methodology pages on gov.scot](https://www.gov.scot/publications/poverty-in-scotland-methodology/). More poverty analysis is available on the [poverty pages on gov.scot](https://www.gov.scot/collections/poverty-and-income-inequality-statistics/).<br/><br/>AVAILABLE POVERTY DATASETS<br/><br/>[Poverty (all people)](http://statistics.gov.scot/data/poverty-all-people)<br/><br/>Relative, absolute, and severe poverty both, before and after housing costs, broken down by:<br/><br/>* Ethnicity<br/>* Household disability status<br/>* Number of children in the household<br/>* Age of household head<br/>* Tenure<br/>* Urban / rural class<br/>* Scottish Index of Multiple Deprivation decile<br/><br/>[Poverty (children)](http://statistics.gov.scot/data/poverty-children)<br/><br/>Relative, absolute, and severe poverty, and combined low income and material deprivation both, before and after housing costs, broken down by:<br/><br/>* Age of child<br/>* Age of youngest child in the household<br/>* Age of mother<br/>* Ethnicity<br/>* Family employment status<br/>* Household disability status<br/>* Household work status<br/>* Number of children in the household<br/>* Single parenthood<br/>* Tenure<br/>* Urban / rural class<br/>* Scottish Index of Multiple Deprivation decile<br/><br/>[Poverty (working age adults)](http://statistics.gov.scot/data/poverty-working-age-adults)<br/><br/>Relative, absolute, and severe poverty both, before and after housing costs, broken down by:<br/><br/>* Family employment status<br/>* Household work status<br/>* Tenure<br/>* Urban / rural class<br/>* Scottish Index of Multiple Deprivation decile<br/><br/>[Poverty (pensionable age adults)](http://statistics.gov.scot/data/poverty-pensionable-age-adults)<br/><br/>Relative, absolute, and severe poverty both, before and after housing costs, and material deprivation, broken down by:<br/><br/>* Tenure<br/>* Urban / rural class<br/>* Scottish Index of Multiple Deprivation decile<br/><br/>[Poverty (adults)](http://statistics.gov.scot/data/poverty-adults)<br/><br/>Relative, absolute, and severe poverty both, before and after housing costs. The adult population combines the working age and the pensionable age populations. Broken down by:<br/><br/>* Age<br/>* Sex<br/>* Family type<br/>* Marital status<br/>* Religion<br/>* Sexual orientation<br/><br/>[Poverty (single adults)](http://statistics.gov.scot/data/poverty-single-adults)<br/><br/>Relative, absolute, and severe poverty both, before and after housing costs. The single adult population contains adults who share the household with no other adults only. Broken down by:<br/><br/>* Household type and gender<br/><br/>NOTES ON COVID-19 IMPACT ON DATA<br/><br/>*\tThe pandemic severely affected data collection and as a result, data from 2020/21 was not used to produce any of the three-year- or five-year averaged estimates. This means, for example, that the three-year periods 2018-21, 2019-22 and 2020-23 only contain data from two financial years each. The latest statistics for 2021-24 revert to a 3-year average. However, although we have 3 years' worth of data, the pooled sample is around a third less than in 2017-20 due to response rates being lower since the pandemic.  Results are therefore subject being more volatile than in the past.<br/>*\tMaterial deprivation: Estimates of pensioner material deprivation, and children in combined low income and material deprivation around the pandemic should be treated with caution. This is because the associated years cover a time when families were less able to undertake certain activities, and not necessarily because they couldn't afford to, and changed how people responded to the material deprivation questions.<br/><br/><br/>NOTES ON BREAKDOWNS<br/><br/>Age (children and adults datasets)<br/><br/> * Note that poverty is measured at a household level. Everyone in the same household is considered either in poverty or not in poverty. This makes it difficult to measure the poverty rate by age or gender of an individual person if they share the households with others. For example, the age analysis in the adult dataset includes adults in both, single- and multi-person households. But we know that the trend that the youngest adults have the highest poverty rates holds true for single-adult households as well.<br/><br/>Ethnicity (all people and children datasets)<br/><br/>  * Ethnicity data relates to all people in a household and is based on the ethnicity of the adult with the highest income.<br/>  * Different ethnic groups have been combined into one for this analysis, as sample sizes are too small to reliably report on individual groups.<br/>  * Please be aware that ethnic composition of the population is not accounted for in the survey weighting process, and therefore, poverty estimates are volatile and apparent trends not always reliable.<br/><br/>Family employment status (children and working age adults datasets)<br/><br/>  * The term 'family' here refers to the core family in a household, consisting of one or two adults and their dependent children if any. A household may contain more than one family.<br/><br/>Family type (adults dataset)<br/><br/>  * The term 'family' here refers to the core family in a household, consisting of one or two adults and their dependent children if any. A household may contain more than one family.<br/>  * 'Pensioner couples' include working-age adults who are in a couple with a pensioner.<br/>  * 'Single' adults in this analysis refer to single-adult families, not single-adult households. In some cases, single adult families may share a household with other families. This differs from the analysis in the 'Household type and gender' worksheet, where single adults are those who share the household with no other adults.<br/><br/>Household disability status (all people and children datasets)<br/><br/>  * The way in which information on disabled people is collected changed several times during this timeseries. This causes breaks in the timeseries between 2001/02 and 2002/03, between 2003/04 and 2004/05, and between 2011/12 and 2012/13. Since 2012/13, disabled people are identified as those who report any physical or mental health condition(s) or illness(es) that last or are expected to last 12 months or more, and which limit their ability to carry out day-to-day activities. Therefore, care needs to be taken when considering long-term trends.<br/>  * Since the last break in the methodology caused a large change in the size of the disabled population, the estimated numbers in poverty before and after the break cannot be directly compared and no three-year averaged data is available during the break.<br/> * Data on disabled children is available from 1995/96.<br/><br/>Household type and gender (single adults dataset)<br/><br/>  * The term 'single' here refers to adults who are sharing a household with no other adults. This differs from the analysis in the 'Family type' breakdown, where single adults may share the household with other families.<br/><br/>Marital status<br/><br/>  * 'Adults' includes working-age adults and pensioners.<br/>  * 'Single' refers to adults who have never been married or in a civil partnership, and are not living with a partner.<br/>  * 'Separated' refers to adults who are married or in a civil partnership, but are not living together because of estrangement.<br/>  * 'Married / Civil Partnership' includes couples who are temporarily living apart (e.g. due to serving in the armed forces).<br/><br/>Religion (adults dataset)<br/><br/>  * Due to sample sizes, three-year averages of these statistics are not available.<br/>  * 'Adults' include working-age adults as well as pensioners.<br/>  * Different religious groups have been combined into one for this analysis, as sample sizes are too small to reliably report on individual groups.<br/>  * A time series is not available. This is because religious composition of the population is not accounted for in the survey weighting process, and therefore, poverty estimates are volatile and apparent trends not reliable.<br/><br/>Sexual orientation (adult dataset)<br/><br/>* Different groups have been combined into one for this analysis, as sample sizes are too small to reliably report on individual groups. The 'Other' group contains adults who reported to be 'Gay / lesbian', 'Bisexual' or 'Other'.<br/>* Many respondents did not report their sexual orientation. This group is fairly large and therefore included as its own category."
Poverty (working age adults),Scottish Government,https://data.gov.scot/dataset/poverty__working_age_adults_,https://api.data.gov.scot/resource/67d63cf0-26da-4855-9db1-2a5e5447e288/download,poverty-working-age-adults.csv,2026-08-13T15:54:04.372876,2026-08-13T15:55:20.542308,0,B,CSV,,,,UK Open Government Licence (OGL),"National Statistics of the number and proportions of people living in private households with an equivalised household income below various poverty thresholds. For commentary and charts, please find the [full report on gov.scot](https://data.gov.scot/poverty/).<br/><br/>The different poverty datasets refer to different subgroups of the population. Datasets are available for:<br/><br/>* all people<br/>* children<br/>* working age adults (this dataset)<br/>* pensionable age adults<br/>* all adults<br/>* single adults<br/><br/>More detail for each dataset and the available breakdowns follows further below. <br/><br/>Figures are presented as three-year rolling averages to ensure robust time series analyses. Ethnicity and religion breakdowns are presented as five-year averages due to small sample sizes. Note that ethnicity and religion estimates are particularly volatile. The reason for this is that ethnic and religious composition of the population are not accounted for in the survey weighting process, and therefore the ethnic and religious composition of the population is not accurately captured.<br/><br/>Where estimates are suppressed due to small sample size this is marked with an asterisk (\""*\""). Where estimates are between 0 and 0.5% this is marked as \""[low]\"". Where estimates are missing for other reasons this is marked with a hyphen (\""-\""). Other reasons include changes in the methodology, or data being unavailable in some years.<br/><br/>The income measure used is equivalised net disposable income before and after housing costs. The before housing costs measure is income from all sources (including earnings, benefits, tax credits, pensions, and investments) after deductions for income tax, national insurance contributions, council tax, pension contributions and maintenance payments. The after housing costs measure further deducts housing costs such as rent and/or mortgage payments.<br/><br/>Equivalisation sums the income of all householders, adjusts it to reflect the composition of the household, and applies the resulting income to all householders. Private Scottish Households refers to all households that are not communal establishments such as hostels, prisons or hospitals, for example. The median is the middle value when the household income of all individuals in the UK are ranked in order. Sixty percent of the median is an internationally recognised poverty threshold.<br/><br/>Different poverty indicators measure different aspects of poverty. <br/><br/>Relative poverty: Individuals living in households whose equivalised income is below 60% of UK median income in the same year. This is a measure of whether those in the lowest income households are keeping pace with the growth of incomes in the economy as a whole.<br/><br/>Absolute poverty: Individuals living in households whose equivalised income is below 60% of inflation adjusted UK median income in 2010/11. This is a measure of whether those in the lowest income households are seeing their incomes rise in real terms.<br/><br/>Severe poverty: Similar to relative poverty, but with a threshold of 50% of UK median income in the same year. This is a measure of deeper poverty, identifying people in households further below the poverty line. <br/><br/>Relative and severe poverty (disability adjustment): Some illnesses and disabilities incur additional living costs. The poverty measures do not normally consider this. Research shows that additional costs associated with disability vary greatly in level and nature. There is no general agreement on how to measure these costs. In this measure, any payments in Disability Living Allowance, Attendance Allowance and Personal Independence Payments were deducted from total household income. These benefits are paid as a contribution towards the additional living costs for disabled people. This income is excluded from total household income, and a new poverty line based on the adjusted incomes is calculated. <br/><br/>Combined low income and material deprivation: measures living standards of children, and refers to the inability of households to afford basic goods and activities that are seen as necessities in society.<br/><br/>Pensioners' material deprivation: Pensioner material deprivation is different to other measures of poverty, including the child low income and material deprivation measure. It does not only consider low income. It also captures other barriers to accessing goods and services, such as poor health, disability and social isolation.<br/><br/>Material deprivations statistics for 2021-24 are not available due a change in the way the questions were asked on the 2023-24 questionnaire.  Data for this period is marked with a hyphen (\""-\"").  Breakdowns will be provided on the open data platform when there is more years' data available.  Further information on the changes to the material deprivation questions from 2023-24 can be found here. <br/><br/>The data source is the Department for Work and Pensions' Family Resources Survey (Households Below Average Income dataset).<br/><br/>Working age adults are defined as all individuals aged 16 and over but below state pension age, except unmarried 16 to 19 year-olds in full-time non-advanced education, who are considered children. Adults are defined as all working age and pensionable age adults.<br/><br/>For further information on the methodology used to create these statistics, please see the [poverty methodology pages on gov.scot](https://www.gov.scot/publications/poverty-in-scotland-methodology/). More poverty analysis is available on the [poverty pages on gov.scot](https://www.gov.scot/collections/poverty-and-income-inequality-statistics/).<br/><br/>AVAILABLE POVERTY DATASETS<br/><br/>[Poverty (all people)](http://statistics.gov.scot/data/poverty-all-people)<br/><br/>Relative, absolute, and severe poverty both, before and after housing costs, broken down by:<br/><br/>* Ethnicity<br/>* Household disability status<br/>* Number of children in the household<br/>* Tenure<br/>* Urban / rural class<br/>* Scottish Index of Multiple Deprivation decile<br/><br/>[Poverty (children)](http://statistics.gov.scot/data/poverty-children)<br/><br/>Relative, absolute, and severe poverty, and combined low income and material deprivation both, before and after housing costs, broken down by:<br/><br/>* Age of child<br/>* Age of youngest child in the household<br/>* Age of mother<br/>* Ethnicity<br/>* Family employment status<br/>* Household disability status<br/>* Household work status<br/>* Number of children in the household<br/>* Single parenthood<br/>* Tenure<br/>* Urban / rural class<br/>* Scottish Index of Multiple Deprivation decile<br/><br/>[Poverty (working age adults)](http://statistics.gov.scot/data/poverty-working-age-adults)<br/><br/>Relative, absolute, and severe poverty both, before and after housing costs, broken down by:<br/><br/>* Family employment status<br/>* Household work status<br/>* Tenure<br/>* Urban / rural class<br/>* Scottish Index of Multiple Deprivation decile<br/><br/>[Poverty (pensionable age adults)](http://statistics.gov.scot/data/poverty-pensionable-age-adults)<br/><br/>Relative, absolute, and severe poverty both, before and after housing costs, and material deprivation, broken down by:<br/><br/>* Tenure<br/>* Urban / rural class<br/>* Scottish Index of Multiple Deprivation decile<br/><br/>[Poverty (adults)](http://statistics.gov.scot/data/poverty-adults)<br/><br/>Relative, absolute, and severe poverty both, before and after housing costs. The adult population combines the working age and the pensionable age populations. Broken down by:<br/><br/>* Age<br/>* Family type<br/>* Marital status<br/>* Religion<br/>* Sexual orientation<br/><br/>[Poverty (single adults)](http://statistics.gov.scot/data/poverty-single-adults)<br/><br/>Relative, absolute, and severe poverty both, before and after housing costs. The single adult population contains adults who share the household with no other adults only. Broken down by:<br/><br/>* Household type and gender<br/><br/>NOTES ON COVID-19 IMPACT ON DATA<br/><br/>* The pandemic severely affected data collection and as a result, data from 2020/21 was not used to produce any of the three-year- or five-year averaged estimates. This means, for example, that the three-year periods 2018-21, 2019-22 and 2020-23 only contain data from two financial years each. The latest statistics for 2021-24 revert to a 3-year average. However, although we have 3 years' worth of data, the pooled sample is around a third less than in 2017-20 due to response rates being lower since the pandemic.  Results are therefore subject being more volatile than in the past.<br/>*\tMaterial deprivation: Estimates of pensioner material deprivation, and children in combined low income and material deprivation around the pandemic should be treated with caution. This is because the associated years cover a time when families were less able to undertake certain activities, and not necessarily because they couldn't afford to, and changed how people responded to the material deprivation questions.<br/><br/><br/>NOTES ON BREAKDOWNS<br/><br/>Age (children and adults datasets)<br/><br/>* Note that poverty is measured at a household level. Everyone in the same household is considered either in poverty or not in poverty. This makes it difficult to measure the poverty rate by age or gender of an individual person if they share the households with others. For example, the age analysis in the adult dataset includes adults in both, single- and multi-person households. But we know that the trend that the youngest adults have the highest poverty rates holds true for single-adult households as well.<br/><br/>Ethnicity (all people and children datasets)<br/><br/>* Ethnicity data relates to all people in a household and is based on the ethnicity of the adult with the highest income.<br/>* Different ethnic groups have been combined into one for this analysis, as sample sizes are too small to reliably report on individual groups.<br/>* Please be aware that ethnic composition of the population is not accounted for in the survey weighting process, and therefore, poverty estimates are volatile and apparent trends not always reliable.<br/><br/>Family employment status (children and working age adults datasets)<br/><br/>* The term 'family' here refers to the core family in a household, consisting of one or two adults and their dependent children if any. A household may contain more than one family.<br/><br/>Family type (adults dataset)<br/><br/>* The term 'family' here refers to the core family in a household, consisting of one or two adults and their dependent children if any. A household may contain more than one family.<br/>* 'Pensioner couples' include working-age adults who are in a couple with a pensioner.<br/>* 'Single' adults in this analysis refer to single-adult families, not single-adult households. In some cases, single adult families may share a household with other families. This differs from the analysis in the 'Household type and gender' worksheet, where single adults are those who share the household with no other adults.<br/><br/>Household disability status (all people and children datasets)<br/><br/>* The way in which information on disabled people is collected changed several times during this timeseries. This causes breaks in the timeseries between 2001/02 and 2002/03, between 2003/04 and 2004/05, and between 2011/12 and 2012/13. Since 2012/13, disabled people are identified as those who report any physical or mental health condition(s) or illness(es) that last or are expected to last 12 months or more, and which limit their ability to carry out day-to-day activities. Therefore, care needs to be taken when considering long-term trends.<br/>* Since the last break in the methodology caused a large change in the size of the disabled population, the estimated numbers in poverty before and after the break cannot be directly compared and no three-year averaged data is available during the break.<br/>* Data on disabled children is available from 1995/96.<br/><br/>Household type and gender (single adults dataset)<br/><br/>* The term 'single' here refers to adults who are sharing a household with no other adults. This differs from the analysis in the 'Family type' breakdown, where single adults may share the household with other families.<br/><br/>Marital status<br/><br/>* 'Adults' includes working-age adults and pensioners.<br/>* 'Single' refers to adults who have never been married or in a civil partnership, and are not living with a partner.<br/>* 'Separated' refers to adults who are married or in a civil partnership, but are not living together because of estrangement.<br/>* 'Married / Civil Partnership' includes couples who are temporarily living apart (e.g. due to serving in the armed forces).<br/><br/>Religion (adults dataset)<br/><br/>* Due to sample sizes, three-year averages of these statistics are not available.<br/>* 'Adults' include working-age adults as well as pensioners.<br/>* Different religious groups have been combined into one for this analysis, as sample sizes are too small to reliably report on individual groups.<br/>* A time series is not available. This is because religious composition of the population is not accounted for in the survey weighting process, and therefore, poverty estimates are volatile and apparent trends not reliable.<br/><br/>Sexual orientation (adult dataset)<br/><br/>* Different groups have been combined into one for this analysis, as sample sizes are too small to reliably report on individual groups. The 'Other' group contains adults who reported to be 'Gay / lesbian', 'Bisexual' or 'Other'.<br/>* Many respondents did not report their sexual orientation. This group is fairly large and therefore included as its own category."
Primary 1 BMI Distribution,Public Health Scotland,https://data.gov.scot/dataset/primary_1_bmi_distribution,https://api.data.gov.scot/resource/24b83873-3acf-4c3d-8517-cb92151f3151/download,p1-reviews.csv,2026-08-13T15:53:49.836668,2026-08-20T17:47:26.531840,0,B,CSV,,,,UK Open Government Licence (OGL),"Note: This dataset will not be receiving updates through this portal. Please refer to the [Public Health Scotland Open Data](https://www.opendata.nhs.scot/dataset/primary-1-body-mass-index-bmi-statistics) platform for the relevant data.<br/><br/>Number of children in Primary 1 receiving a review with valid height and weight data recorded. These statistics have been calculated using the UK 1990 growth reference standards. These are widely accepted as the reference for growth screening in children over four years of age in the UK. <br/><br/>The statistics are derived from height and weight measurements recorded at routine health reviews or selective medicals for children in Primary 1 for NHS Boards in Scotland which participate in the Child Health Systems Programme School system (CHSP School). The number of children measured relates to children with valid height and weight data recorded on the CHSP School. <br/><br/>The number of NHS Boards participating in the CHSP School system and recording reviews has increased since 2000/01 from four to all fourteen Boards in Scotland. This has resulted in an increase in the proportion of children in Primary 1 across Scotland included in the BMI statistics, from approximately 22% in 2000/01 to 92% in 2011/12. Therefore the trend for 'All participating NHS Boards' should be interpreted with a degree of caution. The data for 2011/12 covers all CHP/Council areas in Scotland for the first time (this is the first year that all areas of NHS Greater Glasgow & Clyde (NHS GG&C) have recorded height and weight measurements for Primary 1 children on the CHSP School system). <br/><br/>NHS Board figures are based on NHS Board of examination and CHP and Council Area figures are based on the child's postcode area of residence (except GG&C and Highland NHS Boards which are partially based on child's postcode). Records where a CHP / Council Area cannot be identified due to unknown or invalid postcode are included in the All participating NHS Boards total. There are a small number of children who are resident out-with the CHPs / Council Areas shown, however they attend a school that participates in the CHSP School and have therefore been included in the All participating NHS Boards total. The sum of individual CHP and Council Areas therefore does not equate to the All participating NHS Boards total. Also this means there may be small differences in the reported figures for Board and CHP / Council Areas which have equivalent geographic boundaries e.g. NHS Borders board area, Borders CHP and Scottish Borders Council Area. <br/><br/>The vast majority of independent primary schools (which account for approximately 2% of children in Primary 1 in Scotland) do not record height and weight data on CHSP School, although there are local arrangements in some NHS Board areas to record results for some schools. These represent approximately 20% of pupils in Primary 1 in independent schools in 2011/12. The proportion of children attending independent schools is highly variable between different areas. Children attending independent schools tend to be from less deprived areas and this should be borne in mind when interpreting the figures. There is variation in the timing of the Primary 1 measurement across NHS Boards, with some schools recording measurements early in the academic year and others towards the end of the academic year. Therefore the child's age at measurement can range from around 4.5 to 6.25 years. In 2011/12, 50% of children were aged between 4.5 and 5.5 years at the time of measurement, and 48% were aged over 5.5 years up to 6.25 years (inclusive). There has been some variation in these rates over time with the percentage of children aged between 4.5 and 5.5 years ranging between around 40% and 50% over the period. However, as BMI centile results are adjusted for age, this variation, and the inclusion of a small percentage of children in Primary 1 over the age of 6.25 years, has negligible impact on the BMI distribution rates reported. <br/><br/>NHS Borders: During school year 2002/03, only a selected subset of Primary 1 children in NHS Borders were given a review. As data from these targeted reviews may be unrepresentative of data for NHS Borders Primary 1 children as a whole, 2002/03 figures for NHS Borders, Borders CHP and Scottish Borders Council Area have been excluded. <br/>NHS Fife: During school year 2008/09, some schools in Kirkcaldy gave Primary 1 reviews to a selected subset of their Primary 1 pupils. Data for these schools have been excluded from the statistics for school year 2008/09, so reducing the number of reviews included for Kirkcaldy and Levenmouth CHP, Fife Council Area and Fife NHS Board. <br/>NHS Greater Glasgow & Clyde (NHS GG&C)/ NHS Highland: The former NHS Argyll & Clyde ceased to exist on 31st March 2006 and the administration was split between two sub-areas that now fall under the administration of NHS GG&C and NHS Highland respectively. Records for this area are still recorded on CHSP School with a NHS board of examination of NHS Argyll & Clyde. These records have been allocated to NHS GG&C or NHS Highland based on the child's postcode of residence. <br/>NHS Highland implemented CHSP School in school year 2008/09 and figures for the constituent CHP and Council Areas are shown separately from school year 2008/09: Highland Council Area, Argyll & Bute Council Area, Mid-Highland CHP, North Highland CHP, South East Highland CHP and Argyll & Bute CHP. <br/><br/>The Argyll & Bute component of the Highland NHS Board figures relates to children living in Argyll & Bute CHP or Council Area (these children may not necessarily attend a school in Argyll & Bute). School year 2011/12 is the first year that all areas of NHS GG&C have recorded height and weight measurements for Primary 1 children on the CHSP School system. The NHS GG&C data available for previous years (2006/07 to 2010/11) are partial, with height and weight measurements recorded for only around 13% to 14% of all NHS GG&C children eligible for Primary 1. The partial data relates mainly to NHS GG&C children living in Renfrewshire CHP / Council area and are therefore not representative of the board area as a whole. Therefore the reported prevalence of (un)healthy weight NHS GG&C board area for 2011/12 are not comparable with the rates for previous years. Data for Renfrewshire council/CHP area are available for the years 2006/07 to 2011/12. Data for East Dunbartonshire, East Renfrewshire, Inverclyde, West Dunbartonshire and Glasgow City council/CHP areas are available for 2011/12 only. Data for Glasgow City CHP sub-sectors (Glasgow North East, Glasgow North West and Glasgow South) are also presented in the CHP tables. NHS Lothian: Due to phased implementation of the CHSP School, for 2000/01 to 2003/04, figures relate to Former West Lothian Trust only. Figures for 2004/05 and 2005/06 include data for all of NHS Lothian. In 2006/07 and 2007/08, in West Lothian CH&CP / Council Area, the majority of children had height and weight measured prior to school entry so these measurements are not recorded on the CHSP School. Therefore figures for 2006/07 and 2007/08 exclude West Lothian CH&CP / Council Area.<br/>"
Primary 1 Children Body Mass Index - Clinical,Public Health Scotland,https://data.gov.scot/dataset/primary_1_children_body_mass_index___clinical,https://api.data.gov.scot/resource/ef5a63ae-787d-4212-811f-dc0ec3b427e7/download,p1-BMI-clinical.csv,2026-08-13T08:50:15.181948,2026-08-20T17:36:25.654538,0,B,CSV,,,,UK Open Government Licence (OGL),"Note: This dataset will not be receiving updates through this portal. Please refer to the [Public Health Scotland Open Data](https://www.opendata.nhs.scot/dataset/primary-1-body-mass-index-bmi-statistics) platform for the relevant data.<br/><br/>Primary 1 Body Mass Index (BMI) statistics capture important information of the growth of young children.<br/><br/>Clinical thresholds are used to define children with a level of under- or overweight that may warrant clinical intervention, such as consideration of any underlying cause, advice on healthy eating and appropriate levels of physical activity, or referral to more intensive child healthy weight services.<br/><br/>A full publication report and technical report are available. All publications and supporting material to this topic area can be found on the [ISD Scotland - Child Health Website](https://www.isdscotland.org/Health-Topics/Child-Health/Child-Weight-and-Growth/)."
Primary 1 Children Body Mass Index - Epidemiological,Public Health Scotland,https://data.gov.scot/dataset/primary_1_children_body_mass_index___epidemiological,https://api.data.gov.scot/resource/7d7465c4-33e7-4b68-86b3-a9b442514b12/download,p1-BMI-epi.csv,2026-08-13T10:45:12.820968,2026-08-20T17:23:13.136021,0,B,CSV,,,,UK Open Government Licence (OGL),Note: This dataset will not be receiving updates through this portal. Please refer to the [Public Health Scotland Open Data](https://www.opendata.nhs.scot/dataset/primary-1-body-mass-index-bmi-statistics) platform for the relevant data.<br/><br/>Primary 1 Body Mass Index (BMI) statistics capture important information of the growth of young children. <br/><br/>Epidemiological thresholds are used to define children at risk of under- or overweight and are used primarily to assess the health of the whole child population and monitor the changes in the proportion of children at risk of unhealthy weight that have been seen in Scotland over recent years.<br/><br/>A full publication report and technical report are available. All publications and supporting material to this topic area can be found on the [ISD Scotland - Child Health Website](https://www.isdscotland.org/Health-Topics/Child-Health/Child-Weight-and-Growth/).
Primary Building Fires,Scottish Government,https://data.gov.scot/dataset/primary_building_fires,https://api.data.gov.scot/resource/cf9628d7-5bd8-4814-b968-f311bd2bd584/download,primary-building-fires-by-data-zone-2009-10-to-2023-24.csv,2026-08-20T16:27:39.939790,2026-08-20T16:32:52.952113,0,B,CSV,,,,UK Open Government Licence (OGL),"This dataset provides the total numbers and rates of primary building fires in Scotland down to data zone level. Data is provided for the total number of dwelling and other building fires, including accidental and deliberate causes.<br/><br/>Data is entered by the Scottish Fire and Rescue Service into the Incident Recording System. This dataset is an extract from this live management information system, and thus may differ slightly from other extracts taken on different dates.<br/><br/>Some fires could only be attributed to Local Authorities, and not lower level geographies. Therefore, the sum of fires for lower level geographies may not match those at Local Authority or Scotland level."
Primary Road Vehicle and Other Primary Fires,Scottish Government,https://data.gov.scot/dataset/primary_road_vehicle_and_other_primary_fires,https://api.data.gov.scot/resource/1a9ba07d-eea1-4e8c-b44f-ba4516d925c0/download,primary-road-vehicle-and-other-primary-fires-by-data-zone-2009-10-to-2023-24.csv,2026-08-20T16:42:34.971842,2026-08-20T16:46:21.246667,0,B,CSV,,,,UK Open Government Licence (OGL),"This dataset provides the total numbers and rates of primary road vehicle and other primary fires in Scotland down to data zone level. Data is provided for the total number of primary road vehicle fires and other primary fires, including accidental and deliberate causes.<br/><br/>Data is entered by the Scottish Fire and Rescue Service into the Incident Recording System. This dataset is an extract from this live management information system, and thus may differ slightly from other extracts taken on different dates.<br/><br/>Some fires could only be attributed to Local Authorities, and not lower level geographies. Therefore, the sum of fires for lower level geographies may not match those at Local Authority or Scotland level."
Public Transport,Transport Scotland,https://data.gov.scot/dataset/public_transport,https://api.data.gov.scot/resource/cbdcc9fa-7b52-4de3-8f25-1d30c1f2d9fb/download,public-transport.csv,2026-08-13T08:46:46.983164,2026-08-13T08:47:46.976427,0,B,CSV,,,,UK Open Government Licence (OGL),"Number of bus passenger journeys and bus vehicle kilometres on all services in Scotland, number of passenger train stations in Scotland and figures for satisfaction with public transport in Scotland from the Scottish Household Survey (SHS). Note that the question about public convenience of transport has now been removed from the Scottish Household Survey. <br/><br/>Passenger journey numbers are collected by the Department for Transport (DfT) and published annually in [Scottish Transport Statistics](https://www.transport.gov.scot/our-approach/statistics#42763) along with train station numbers, which are also collected by DfT. <br/><br/>The bus statistics presented here are collected through a survey by the DfT of public service vehicle operators, including all operators who are licensed with 21 or more license discs and only including local bus operators. Journey numbers are based on passenger boardings, so return tickets will be counted as two journeys. <br/><br/>Vehicle kilometres are for \""live\"" (in-service) mileage and exclude empty running of buses, driver instruction and vehicle testing. <br/><br/>Estimates from the SHSurvey are updated annually in [Transport and Travel in Scotland](https://www.transport.gov.scot/publication/transport-and-travel-in-scotland-2022/). <br/><br/>SHS estimates are National Statistics and provide figures which are representative of households and individuals in Scotland annually. The SHS has an annual sample size of around 10,000 individuals and, since 2012, has operated with a fully unclustered sample design.<br/><br/>Due to the Covid pandemic there was a smaller sample size for the SHS survey in 2020.  We are therefore not be able to provide 2020 data broken down in as many ways as usual. For example, we are not able to provide data for individual local authorities."
Reconvictions,Scottish Government,https://data.gov.scot/dataset/reconvictions,https://api.data.gov.scot/resource/dfc8c043-ae80-4289-9f64-f5b67d1e2d55/download,reconvictions.csv,2026-08-13T10:51:52.602291,2026-08-13T10:53:14.099102,0,B,CSV,,,,UK Open Government Licence (OGL),"This dataset includes the reconviction rate and the average number of reconvictions per offender for local authorities and at the national level. These are published annually in the [Reconviction Rates in Scotland National Statistics Bulletin]( https://www.gov.scot/collections/reconviction-rates-in-scotland/)<br/><br/>Reconvictions are calculated for a cohort of offenders that have either been released from custody or given a non-custodial sentence in Scottish court in each financial year. <br/><br/>The reconviction rate is the percentage of offenders that were reconvicted in a Scottish court within a year of being released from custody or given a non-custodial sentence. <br/><br/>The average number of reconvictions  is a measure of, on average, how many times offenders are reconvicted in a Scottish court within a year of being released from a custodial sentence or given a non-custodial sentence. Note that as these are averages for the cohort, there would be variation within the cohort; as some offenders are not reconvicted, but others may be reconvicted several times.<br/><br/>The figures are based on data held on the Scottish Offenders Index (SOI) which is derived from the Criminal History System at the Scottish Police Authority. The SOI covers all convictions where the main offence was a crime in Groups 1-5 of the Scottish Governments classification of crimes and offences; or some crimes and offences in Group 6, including  common assault, breach of the peace, racially aggravated harassment or conduct, miscellaneous firearms offences and social security offences.<br/><br/>See [here]( https://www.gov.scot/publications/reconviction-rates-scotland-2018-19-offender-cohort/pages/35/) for counting rules."
Recorded Crimes and Offences,Scottish Government,https://data.gov.scot/dataset/recorded_crimes_and_offences,https://api.data.gov.scot/resource/3716a560-80b0-4860-b11f-6a53d24deb21/download,recorded-crime.csv,2026-08-13T15:34:32.936306,2026-08-13T15:35:57.974471,0,B,CSV,,,,UK Open Government Licence (OGL),"Statistics on crimes and offences recorded by the police in Scotland, including number of crimes/offences and crime/offence rates per 10,000 population recorded by Police Scotland.<br/><br/>This data covers the number, and rate per 10,000 population, of crimes and offences recorded by the police in Scotland from 1996/97 to 2025/26 and by Local Authority. For more information on the recorded crime figures please see the [Scottish Government Recorded Crime in Scotland website](https://www.gov.scot/collections/recorded-crime-in-scotland/).<br/><br/>Crimes and offences per 10,000 population rates are calculated as follows: (total number of recorded crimes / mid-year population estimate) x 10,000. When calculating the rates of crimes and offences per 10,000 population, the relevant [mid-year population estimates](https://www.nrscotland.gov.uk/publications/population-estimates-time-series-data/#) produced by the National Records of Scotland are used. The statistical return from which the data are taken is a simple count of the numbers of crimes and offences recorded and cleared up by the police. Returns are submitted quarterly from Police Scotland at local authority level which allows a national total to be obtained. Crimes and offences are included against the year in which they are recorded by the police. This is not necessarily the year in which the crime or offence took place, the year in which the accused is brought to trial for the crime or offence, or the year in which the case is finally disposed of by the courts. Amendments (such as the deletion of incidents found on investigation not to be criminal) which arise after the end of the financial year are not incorporated.<br/><br/>Note 1:<br/>Due to 2025 mid-year population estimates being published after the release of the Recorded Crime in Scotland 2025-26 bulletin, the 2024 mid-year population estimates have been used to calculate the 2025-26 crime/offence rates per 10,000 population. The 2024/25 crime/offence rates per 10,000 population have also been recalculated to now use the 2024 mid-year population estimates.<br/><br/>Note 2:<br/>Due to the 2023 mid-year population estimates being revised, the crime/offence rates per 10,000 population have been recalculated accordingly.<br/><br/>Contraventions of Scottish criminal law are divided for statistical purposes into crimes and offences. 'Crime' is generally used for the more serious criminal acts; the less serious termed 'offences', although the term 'offence' may also be used in relation to serious breaches of criminal law. The distinction is made only for working purposes and the 'seriousness' of the offence is generally related to the maximum sentence that can be imposed. For further information please see the [Recorded Crime Statistics in Scotland: user guide](https://www.gov.scot/collections/recorded-crime-in-scotland/#supportingdocuments)."
Regional Domestic Tourism,VisitScotland,https://data.gov.scot/dataset/regional_domestic_tourism,https://api.data.gov.scot/resource/b39b7470-c1c9-45d2-bb50-2690f308b67e/download,regional-domestic-tourism.csv,2026-08-13T10:45:17.275245,2026-08-13T10:46:44.267665,0,B,CSV,,,,UK Open Government Licence (OGL),"*Note*: Due to ongoing Covid-19 related travel restrictions meaning data collection has had to be suspended and a planned update to the survey methodology during 2020, a temporary gap in the reporting of the domestic tourism monitors has resulted.  This disruption means the National Tourist Boards will be unable to publish detailed results from the GB Tourism Study (GBTS) and Day Visitor Study (GBDVS) for 2020 or Q1 2021 and any data from this period will only be published after a thorough review to ensure they meet necessary quality standards.  We shall resume fieldwork as soon as domestic travel guidelines ease and anticipate being in a position to commence the delivery of Q2 2021 summary data at some stage during Q3 2021 (barring any unforeseen circumstances).<br/><br/><br/>The Great Britain Tourism Survey (GBTS) provides visitor figures for residents of Scotland, England and Wales. The survey is conducted through face-to-face interviews and is jointly commissioned by VisitScotland, VisitEngland and VisitWales. Welsh data is not presented here, due to small sample sizes. More information about the survey can be found on the [VisitScotland web page](https://www.visitscotland.org/research-insights)."
Renewable Electricity 2000 - 2020,Scottish Government,https://data.gov.scot/dataset/renewable_electricity_2000___2020,https://api.data.gov.scot/resource/cd8f3065-4111-4be5-b46b-0c3b2399b139/download,renewable-electricity.csv,2026-08-13T13:14:28.709402,2026-08-13T13:16:09.726348,0,B,CSV,,,,UK Open Government Licence (OGL),"The Scottish Government's renewable electricity target is to generate the equivalent of 100% of Scotland's own electricity demand from renewable resources by 2020. The data sources for this target come from the Department for Business, Energy and Industrial Strategy (BEIS). <br/><br/>This dataset will no longer be updated as the indicator target year has now been reached and reported on.<br/><br/>The renewable generation figure can be found at the following link [https://www.gov.uk/government/statistics/energy-trends-section-6-renewables](https://www.gov.uk/government/statistics/energy-trends-section-6-renewables) <br/><br/>The gross consumption figure can be found at the following link: https://assets.publishing.service.gov.uk/government/uploads/system/uploads/attachment_data/file/1126112/Regional_Electricity_Generation_and_Supply_Timeseries.xlsx"
Road Casualties,Transport Scotland,https://data.gov.scot/dataset/road_casualties,https://api.data.gov.scot/resource/e3a3d1b9-5f94-4bad-b118-1c6ef125c573/download,road-safety.csv,2026-08-13T08:19:30.498684,2026-08-13T08:20:55.652828,0,B,CSV,,,,UK Open Government Licence (OGL),"Number of people killed and seriously injured on Scotland's roads. These figures are from the STATS-19 statistical returns collected from the police forces across Scotland. These statistics only focus on those accidents involving killed and seriously injured casualties. From around June/July 2019 Police Scotland has been using a new accident and casualty data recording system called CRASH (Collision Reporting and Sharing). As this is an injury-based reporting system it tends to result in more casualties being classified as 'serious' and therefore causes a discontinuity in the time series.  The Department for Transport have produced adjusted serious figures so that comparisons can be made from 2004 onwards. However, please do not try to compare serious casualties from 2005 onwards with previous years. It should also be noted that due to the Covid 19 pandemic in 2020 there was a fall in the amount of traffic on the roads. This has resulted in a large fall in the number of accidents on the roads. <br/><br/>  <br/><br/>The statistics were compiled from returns made by police forces, which cover all accidents in which a vehicle is involved that occur on roads (including footways) and result in personal injury, if they become known to the police.  The vehicle need not be moving, and need not be in collision - for example, the returns include accidents involving people alighting from buses.  <br/><br/>  <br/><br/>Very few, if any, fatal accidents do not become known to the police. However, there will be non-fatal injury accidents which are not reported by the public to the police, and so are not counted in these statistics. The publication [Reported Road Casualties Scotland](https://www.transport.gov.scot/our-approach/statistics/#42762) provides more information on this matter.  <br/><br/>  <br/><br/>Damage only accidents are not included in the above definition, and so the road accident statistical returns do not cover damage only accidents.  It is thought that the number of damage only accidents is about fourteen times the number of reported injury road accidents. <br/><br/>  <br/><br/>For more detailed statistics of injury road accidents and a full description of the terms used see the publication [Reported Road Casualties Scotland](https://www.transport.gov.scot/our-approach/statistics/#42762) and the [Key Reported Road Casualties Scotland](https://www.transport.gov.scot/our-approach/statistics/#42761) statistical bulletin.  The figures they contain may differ slightly from those published here due to late returns and amendments made to the database in the periods between the finalisation of the statistics for the purpose of the publications."
Road Network and Traffic,Transport Scotland,https://data.gov.scot/dataset/road_network_and_traffic,https://api.data.gov.scot/resource/ca07caf3-4762-4919-968c-ef2bf2a7f1c9/download,road-network-traffic.csv,2026-08-13T12:17:26.239851,2026-08-13T12:19:39.631202,0,B,CSV,,,,UK Open Government Licence (OGL),"Estimates for percentage of journeys perceived to have been delayed by congestion (from the Scottish Household Survey), percentage of Scottish roads needing repairs and total vehicle kilometres driven on Scottish roads (published in [Scottish Transport Statistics](https://www.transport.gov.scot/our-approach/statistics#)). <br/><br/>Estimates from the Scottish Household Survey are updated annually in [Transport and Travel in Scotland](https://www.transport.gov.scot/our-approach/statistics#42764) . <br/><br/>For perceptions of congestion, respondents are asked as part of a Travel Diary to indicate where they felt which car journeys they have undertaken the previous day were delayed by congestion, and by how long. These congestion perception figures are a National Indicator in the Scotland Performs framework.  The figures for 2017 are for the years 2015-2017 combined, for 2018 they are for 2016-2018 combined,  2019 are for 2017 to 2019 combined and 2021 are for 2019 to 2021 combined.<br/><br/>SHS estimates are National Statistics and provide figures which are representative of households and individuals in Scotland annually. The SHS has an annual sample size of around 10,000 individuals and, since 2012, has operated with a fully unclustered sample design. <br/><br/>Due to the Covid pandemic there was a smaller sample size for the SHS survey in 2020.  We are therefore not be able to provide 2020 data broken down in as many ways as usual. For example, we are not able to provide data for individual local authorities.<br/><br/>Local authority road network condition is assessed via the Scottish Road Maintenance Condition Survey, which is organised by the Society of Chief Officers of Transportation in Scotland on behalf of Local Authorities. This is carried out using a specialist contractor using vehicles accredited anually by the [TRL](http://www.trl.co.uk/). These vehicles are equipped with lasers and high-resolution cameras and record a variety of different road characteristics. <br/><br/>The construction of the Road Performance Indicator was changed in 2007-08 to the current Road Conditions Indicator (RCI), which has each ten-metre stretch of road being assigned to one of three categories - red, amber or green depending on the overall road defect score. <br/><br/>The survey aims to cover all local authority A roads in both directions every two years, all B and C roads in both directions every four years and a 10% sample of unclassified roads every year, with the RCI for unclassified road being calculated from four years' of combined data to give a rolling four-year indicator. <br/><br/>Vehicle kilometres driven are calculated by the Department for Transport and are not National Statistics, providing only a rough indication of the likely volume of traffic on the roads. These figures distinguish between motorway, urban (an area with a population of over 10,000 as of the 2001 Census) and rural roads."
Road Transport Expenditure,Transport Scotland,https://data.gov.scot/dataset/road_transport_expenditure,https://api.data.gov.scot/resource/99ee9281-e231-43e5-b81c-5f7aa6da7e02/download,road-transport-expenditure.csv,2026-08-13T09:44:03.588956,2026-08-13T09:45:22.764757,0,B,CSV,,,,UK Open Government Licence (OGL),"Net revenue expenditure on roads and transport on roads and transport by local and central government in Scotland. These results are published in [Scottish Transport Statistics](https://www.transport.gov.scot/our-approach/statistics#). <br/><br/>These figures are the net revenue expenditure on roads and transport (excluding loan charges) by area.<br/><br/>It should be noted that the negative figures of £9,058 for Edinburgh council spending on transport in 2018 and £10,844 for 2019 are mainly due to receipts from car parking charges.<br/><br/>Figures for 2013 are missing as they were not available until after Scottish Transport Statistics was published.  The next time the data were obtained the figures were for 2014."
Road Vehicles,Transport Scotland,https://data.gov.scot/dataset/road_vehicles,https://api.data.gov.scot/resource/77f0d658-751e-4b59-995e-4c4f4907e830/download,road-vehicles.csv,2026-08-13T11:59:33.641203,2026-08-13T12:00:49.779675,0,B,CSV,,,,UK Open Government Licence (OGL),"Figures for the total number of vehicles on Scottish roads, household car ownership (from the Scottish Household Survey) and total petrol and diesel consumed. <br/><br/>The number of vehicles on Scottish roads is taken from the Vehicle Information Database held by the Department for Transport, annual results from which are published in [Scottish Transport Statistics](https://www.transport.gov.scot/publications/?publicationtype=1271).<br/><br/>Estimates from the Scottish Household Survey are updated annually in Transport and Travel in Scotland. <br/><br/>SHS estimates are National Statistics and provide figures which are representative of households and individuals in Scotland annually. The SHS has an annual sample size of around 10,000 individuals and, since 2012, has operated with a fully unclustered sample design. <br/>Due to the Covid pandemic there was a smaller sample size for the SHS survey in 2020.  We are therefore not be able to provide 2020 data broken down in as many ways as usual. For example, we are not able to provide data for individual local authorities.<br/><br/>Petrol and diesel consumption figures are estimated by AEA Energy and Environment (commissioned by the Department for Energy and Climate Change) and published in Scottish Transport Statistics annually. These estimates are produced from a range of data, including data from roadside monitoring equipment, average fuel consumption factors and the DfT's information about traffic flows on the road network.<br/><br/><br/>"
Rural Scotland Business Panel Survey,Scottish Government,https://data.gov.scot/dataset/rural_scotland_business_panel_survey,https://api.data.gov.scot/resource/d6bca8b5-a9a8-4877-9eda-1c4f435631b6/download,Rural Scotland Business Panel Survey datasets.zip,2026-08-19T16:02:28.212478,2026-08-19T16:03:36.413613,0,B,ZIP,,,,UK Open Government Licence (OGL),"The Rural Scotland Business Panel was established to measure and monitor the economic health of rural Scotland through capturing the experiences and opinions of rural businesses and social enterprises. It was commissioned through a partnership of the Scottish Government, Highlands and Islands Enterprise (HIE) and South of Scotland Enterprise (SOSE). The questionnaires for each wave of the survey can be found in each PDF report of the results, hosted on the Scottish Government website. <br/>The reports can be found here: [PDF report on Rural Scotland Business Panel Survey February 2023](https://www.gov.scot/binaries/content/documents/govscot/publications/research-and-analysis/2023/02/rural-scotland-business-panel-survey-february-2023/documents/rural-business-panel-survey-february-2023/rural-business-panel-survey-february-2023/govscot%3Adocument/rural-business-panel-survey-february-2023.pdf),<br/>[PDF report on Rural Scotland Business Panel Survey October 2022](https://www.gov.scot/binaries/content/documents/govscot/publications/research-and-analysis/2022/10/rural-scotland-business-panel-survey-october-2022/documents/rural-scotland-business-panel-survey-october-2022/rural-scotland-business-panel-survey-october-2022/govscot%3Adocument/rural-scotland-business-panel-survey-october-2022.pdf), <br/>[PDF report on Rural Scotland Business Panel Survey June 2022](https://www.gov.scot/binaries/content/documents/govscot/publications/research-and-analysis/2022/06/rural-scotland-business-panel-survey-2/documents/rural-scotland-business-panel-survey/rural-scotland-business-panel-survey/govscot%3Adocument/rural-scotland-business-panel-survey.pdf), <br/>[PDF report on Rural Scotland Business Panel Survey February 2022](https://www.gov.scot/binaries/content/documents/govscot/publications/research-and-analysis/2022/02/rural-scotland-business-panel-survey/documents/rural-business-panel-survey-2021/rural-business-panel-survey-2021/govscot%3Adocument/rural-business-panel-survey-2021.pdf)"
School Attendance Rate,Scottish Government,https://data.gov.scot/dataset/school_attendance_rate,https://api.data.gov.scot/resource/14605d69-e028-4507-9ec5-f382d471efdd/download,school-attendance-rate.csv,2026-08-20T16:42:50.187143,2026-08-20T16:45:33.896826,0,B,CSV,,,,UK Open Government Licence (OGL),"Information is taken from attendance returns linked to the September Scottish Pupil Census, for the relevant year, for publicly funded schools. <br/><br/>The data does not include <br/><br/>* pupils attending special schools;<br/>* pupils attending independent schools;<br/>* pupils educated outwith the school education system (for example at home);<br/>* adults attending publicly funded secondary schools.<br/><br/>The data was collected through the Scottish Exchange of Educational Data (ScotXed) project. More information on the ScotXed project is available on [http://www.gov.scot/Topics/Statistics/ScotXed](http://www.gov.scot/Topics/Statistics/ScotXed). <br/><br/>A range of information was collected for each individual pupil, including the pupil home postcode, gender and whether a pupil is registered for free school meals. Postcodes were submitted for about 99% of pupils in publicly funded primary and secondary schools. Results here do not include pupils with a missing or invalid postcode. Therefore, the national figures may not be the same as national figures published elsewhere. <br/><br/>The data covers the whole academic year. In some authorities schools did not receive full instructions from their local authority about new definitions for attendance for 2003/04, which may affect the comparability of the data for that year. While information is received at pupil level, there is currently no unique pupil identifier for tracking pupils who move school to another authority. This means that where a pupil has moved schools, only the attendance record from the original school has been used. It was possible to link about 95 per cent of possible attendance."
Schools - Attainment by Deprivation,Scottish Government,https://data.gov.scot/dataset/schools___attainment_by_deprivation,https://api.data.gov.scot/resource/7c25aab7-0a72-4907-aff7-b7ca474c4b43/download,attainment-by-deprivation-quintile.csv,2026-08-13T08:46:51.393864,2026-08-18T09:31:45.251443,0,B,CSV,,,,UK Open Government Licence (OGL),"Attainment is the measurable progress which children and young people make as they advance through and beyond school, and the development of the range of skills, knowledge and attributes needed to succeed in learning, life and work.<br/><br/>In this dataset, attainment is measured as the average total tariff score of school leavers. The number and level of qualifications a young person gains by the point they leave school provides a\u00A0[tariff score](https://education.gov.scot/parentzone/my-school/education-glossary/). These figures are brought together to provide an average total tariff score for the school. Only the latest and best awards in each subject are counted in the tariff score. For example if someone has an award at National 4 and National 5 in English, it is only the National 5 award that will count towards this measure. <br/><br/>Average total tariff score for each school is broken down by Scottish Index of Multiple Deprivation (SIMD) Quintile, based on the home postcode of each school leaver.<br/><br/>The SIMD enables schools to map their performance against the social context in which they operate.  The SIMD identifies small area concentrations of multiple deprivation across Scotland.  It is based on data zones (small area geographical units) and provides an assessment of multiple deprivation based on income, employment, health, education, housing, access to services and levels of crime in the area.  It provides a relative measure of deprivation which means that the data zones can be ranked from most to least deprived and cut offs can be applied to identify different levels of deprivation.<br/><br/>The calculation of quintiles means that the data zones have been ranked and split into five equal parts with quintile 1 being the most deprived 20% and quintile 5 being the least deprived 20%. Based on the postcode of the school leaver from the Pupil Census, it is possible to identify which data zone the school leaver lives in and therefore which deprivation decile.  This allows us to look at attainment across the school by level of deprivation.<br/><br/>Data is for senior phase (S4-S6) leavers from publicly funded secondary and grant aided secondary schools. This includes a small number of pupils who are on the roll of the school but attend full-time courses or further education outside of the school.<br/><br/>   For some data points, a special character is provided instead of a number. These have the meaning:<br/><br/>   * 'NA' - data not available<br/>   * '*' - the value has been hidden for disclosure reasons<br/>   * '#' - data not available because the school is a junior high school with no year S5 or S6"
Schools - Attainment for All,Scottish Government,https://data.gov.scot/dataset/schools___attainment_for_all,https://api.data.gov.scot/resource/564b1561-b422-46c3-9522-5fa11f7dde33/download,attainment-for-all.csv,2026-08-13T10:20:28.666766,2026-08-18T09:23:35.522676,0,B,CSV,,,,UK Open Government Licence (OGL),"This dataset presents school leaver average total tariff score: grouped into the lowest 20%, middle 60% and highest 20% of attainers for each school.<br/><br/>Attainment is the measurable progress which children and young people make as they advance through and beyond school, and the development of the range of skills, knowledge and attributes needed to succeed in learning, life and work.<br/><br/>In this dataset, attainment is measured as the average total tariff score of school leavers. The number and level of qualifications a young person gains by the point they leave school provides a\u00A0[tariff score](https://education.gov.scot/parentzone/my-school/education-glossary/). These figures are brought together to provide an average total tariff score for the school. Only the latest and best awards in each subject are counted in the tariff score. For example if someone has an award at National 4 and National 5 in English, it is only the National 5 award that will count towards this measure. <br/><br/>Data is for senior phase (S4-S6) leavers from publicly funded secondary and grant aided secondary schools. This includes a small number of pupils who are on the roll of the school but attend full-time courses or further education outside of the school.<br/><br/>Data is not provided for Junior High Schools as these schools generally only take pupils as far as S4, after which they transfer to another centre to continue their education. <br/><br/>Virtual comparator values are included to provide context for the data. The virtual comparator is the a standard benchmarking measure provided to schools. The virtual comparator is a sample group of pupils from other parts of Scotland who have similar characteristics to the young people in the school (matched on gender, additional support needs, stage of leaving school (S4, S5 or S6) and the social context in which they live (e.g. [SIMD](http://www.gov.scot/Topics/Statistics/SIMD))).\t\t<br/><br/>   For some data points, a special character is provided instead of a number. These have the meaning:<br/>   <br/>   * 'NA' - data not available<br/>   * '*' - the value has been hidden for disclosure reasons<br/>   * '#' - data not available because the school is a junior high school with no year S5 or S6<br/>"
Schools - Breadth and Depth of Qualifications,Scottish Government,https://data.gov.scot/dataset/schools___breadth_and_depth_of_qualifications,https://api.data.gov.scot/resource/f4cfb178-e833-4952-9e71-21cf6a23bbbc/download,breadth-and-depth.csv,2026-08-13T12:27:23.667129,2026-08-18T09:33:19.138574,0,B,CSV,,,,UK Open Government Licence (OGL),"The percentage of the schools leavers' cohort gaining SQA National awards at SCQF levels 1 to 7. This measure takes account of all awards achieved in the senior phase (S4-S6) by school leavers.<br/><br/><br/>When a pupil has been awarded a course at a SCQF level, they will be counted in the corresponding level in this dataset. For example, a pupil gaining three awards at SCQF level 4 would be counted as:<br/><br/>*- '1 or more awards' at 'SCQF level 4 or better';*<br/><br/>*- '2 or more awards' at 'SCQF level 4 or better'; and*<br/><br/>*- '3 or more awards' at 'SCQF level 4 or better'.* <br/><br/>They would also be counted once in equivalent boxes for:<br/><br/>*- '1 or more awards' at 'SCQF level 3 or better',* <br/><br/>*- '2 or more awards' at 'SCQF level 3 or better'; and*<br/><br/>*- '3 or more awards' at 'SCQF level 3 or better'. *<br/><br/>And similarly for 'SCQF level 2 or better' and 'SCQF level 1 or better'.<br/>Only the latest and best awards in each subject are counted. For example if someone has a National 5 and a Higher in Mathematics, it is only the Higher that will contribute to this measure. Schools that offer young people a curriculum based on a range of leaver destinations may have young people who sit fewer qualifications but who are better prepared, with more appropriate skills and experiences for the world of work.<br/><br/>Breadth and Depth are two of the seven principles of design for the [Curriculum for Excellence](https://education.gov.scot/curriculum-for-excellence/about-curriculum-for-excellence/what-is-curriculum-for-excellence/)<br/><br/>   For some data points, a special character is provided instead of a number. These have the meaning:<br/>   <br/>   * 'NA' - data not available<br/>   * '*' - the value has been hidden for disclosure reasons<br/>   * '#' - data not available because the school is a junior high school with no year S5 or S6"
Schools - Leaver Count,Scottish Government,https://data.gov.scot/dataset/schools___leaver_count,https://api.data.gov.scot/resource/08091a0e-a613-4e0e-b118-9fd6c5d99a8a/download,leaver-count.csv,2026-08-13T12:35:18.233501,2026-08-18T09:12:33.890951,0,B,CSV,,,,UK Open Government Licence (OGL),"The number of school leavers for each establishment.<br/><br/>A school leaver is defined as a young person of school leaving age who left school (from S4, S5 or S6) during or at the end of the school year.<br/><br/>School leavers are recorded against the school at which they were present in the pupil census in September. Young people who move to another school or outwith Scotland are not included.<br/><br/>For some data points, a special character is provided instead of a number. These have the meaning:<br/>   <br/> * 'NA' - data not available<br/> * '*' - the value has been hidden for disclosure reasons<br/> * '#' - data not available because the school is a junior high school with no year S5 or S6"
Schools - Literacy and Numeracy,Scottish Government,https://data.gov.scot/dataset/schools___literacy_and_numeracy,https://api.data.gov.scot/resource/b9ab952a-965e-471c-902b-5b0c43638b92/download,literacy-and-numeracy.csv,2026-08-12T15:57:38.626221,2026-08-18T09:34:37.267913,0,B,CSV,,,,UK Open Government Licence (OGL),"This dataset presents the percentage of school leavers attaining literacy and numeracy at SCQF level 4 or better and SCQF level 5 or better.<br/><br/>There is further information available on the [specific awards](http://www.gov.scot/Topics/Education/Schools/curriculum/seniorphasebenchmarking/supportingmaterial/LiteracyandNumeracyBreifingPaper) that contribute to the measures of literacy and numeracy.<br/><br/>Data is for senior phase (S4-S6) leavers from publically funded secondary and grant aided secondary schools. This includes a small number of pupils who are on the roll of the school but attend full-time courses or further education outside of the school.<br/><br/>Data is not provided for Junior High Schools as these schools generally only take pupils as far as S4, after which they transfer to another centre to continue their education.<br/><br/>Virtual comparator values are included to provide context for the data. The virtual comparator is the a standard benchmarking measure provided to schools. The virtual comparator is a sample group of pupils from other parts of Scotland who have similar characteristics to the young people in the school (matched on gender, additional support needs, stage of leaving school (S4, S5 or S6) and the social context in which they live (SIMD 2012)).\t<br/><br/>For some data points, a special character is provided instead of a number. These have the meaning:<br/>   <br/>* 'NA' - data not available<br/>* '*' - the value has been hidden for disclosure reasons<br/>* '#' - data not available because the school is a junior high school with no year S5 or S6<br/>\t\t\t\t\t\t\t"
Schools - Positive Leaver Destinations,Scottish Government,https://data.gov.scot/dataset/schools___positive_leaver_destinations,https://api.data.gov.scot/resource/9f5f9b16-37fe-42ec-bdb4-9ac63e089e6e/download,positive-destinations.csv,2026-08-13T10:48:42.282730,2026-08-18T09:25:59.584307,0,B,CSV,,,,UK Open Government Licence (OGL),"This dataset contains the percentage of school leavers going to a 'positive destination' on leaving school.  Positive destinations include: higher education, further education, training, voluntary work, employment, activity agreements.  More information on school leaver destinations is available [here](https://www.gov.scot/collections/school-education-statistics/).<br/><br/>Data is for senior phase (S4-S6) leavers from publicly funded secondary and grant aided secondary schools. This includes a small number of pupils who are on the roll of the school but attend full-time courses or further education outside of the school.<br/><br/>Data is not provided for Junior High Schools as these schools generally only take pupils as far as S4, after which they transfer to another centre to continue their education. <br/><br/>The positive leaver destination measure on Parentzone Scotland uses data from [Insight](http://www.gov.scot/Topics/Education/Schools/curriculum/seniorphasebenchmarking) about school leavers, which is collected by Skills Development Scotland. Details about a leaver's destination are only included in the measure if a link can be made between the leaver's Skills Development Scotland destination record and a Pupil Census record with stage S4, S5 or S6 for the same academic year. In addition, the young person must not have a Pupil Census record in the following academic year in a senior phase stage (S4-S6).<br/><br/>For some data points, a special character is provided instead of a number. These have the meaning:<br/>   <br/>* 'NA' - data not available<br/>* '*' - the value has been hidden for disclosure reasons<br/>* '#' - data not available because the school is a junior high school with no year S5 or S6"
Scottish Accommodation Occupancy,VisitScotland,https://data.gov.scot/dataset/scottish_accommodation_occupancy,https://api.data.gov.scot/resource/32b29d92-c349-4480-8444-86404b162bc4/download,scottish-accommodation-occupancy.csv,2026-08-13T10:27:05.443569,2026-08-13T10:28:28.660820,0,B,CSV,,,,UK Open Government Licence (OGL),The Scottish Accommodation Occupancy Survey measures the occupancy of the serviced and non-serviced tourist accommodation sector in Scotland. <br/><br/>The survey is optional and therefore is a sample of the tourism accommodation sector in Scotland. Each accommodation provider fills out occupancy information on a monthly basis and results are collated annually. <br/>
Scottish Child Payment: Applications and Payments,Social Security Scotland,https://data.gov.scot/dataset/scottish_child_payment__applications_and_payments,https://api.data.gov.scot/resource/acb4e4ed-f6ae-4fea-b4bb-26a63db7ee1c/download,landing/2c9b0fa1-8e54-47df-ae49-16da3c01f905/SCP_applications_payments.csv,2026-08-13T15:54:43.454811,2026-08-25T13:38:06.975603,0,B,CSV,,,,UK Open Government Licence (OGL),"Scottish Child Payment has been introduced for low-income families with children aged under 6. It is intended to provide regular, additional financial support for families already in receipt of qualifying benefits to assist with the costs of caring for a child.<br/><br/>Social Security Scotland invited clients to apply from 9 November 2020 in advance of the benefit being launched on 15 February 2021 to help manage the expected demand. Applicants began to receive a decision from 15 February onwards, with the first payments made to clients from the end of February 2021.<br/><br/>Scottish Child Payment was extended to older children aged under 16 on 14 November 2022.<br/><br/>This dataset includes received applications, authorised applications and issued payments for Scottish Child Benefit. Statistics are provided for the last day of the month (e.g. figures for 2020-11 are for applications received or authorised as of 30 November 2020) and the financial year (e.g. figures for 2020/2021 are for applications received or authorised in between April 2020 and March 2021).<br/><br/>Further information on application, processing times, re-determinations and appeals can be found in the associated [publication](https://www.socialsecurity.gov.scot/publications/2026/02/scottish-child-payment-to-31-march-2026)."
Scottish Child Payment: Caseload,Social Security Scotland,https://data.gov.scot/dataset/scottish_child_payment__caseload,https://api.data.gov.scot/resource/14955a60-bbda-4c1b-88b3-26d39aaf5456/download,landing/9686b74a-38e4-45f6-ae16-40012b7256ab/SCP_caseload.csv,2026-08-20T16:42:56.677405,2026-08-25T13:31:39.645688,0,B,CSV,,,,UK Open Government Licence (OGL),"Scottish Child Payment has been introduced for low-income families with children and young people aged under 16. It is intended to provide regular, additional financial support for families already in receipt of qualifying benefits to assist with the costs of caring for a child. <br/><br/>This dataset includes the number of children actively benefitting (caseload) from Scottish Child Payment. Statistics are provided for the last day of the calendar quarter, e.g. figures for 2023-09 are for the number of children actively benefitting from Scottish Child Payment as of 30 September 2023.<br/><br/>In order to accurately reflect the active caseload for Scottish Child Payment, it is important to take into account the flows in both directions, i.e. include any new clients (parents or carers) and children who are receiving the benefit, and exclude those who are no longer eligible.<br/><br/>The methodology uses a caseload data extract containing live information on client's and children's eligibility, which makes it possible to identify all clients (and, in turn, children) who are in receipt of, or have been approved for a payment as of the latest reporting point in time, even if they have not been paid yet. This data extract can be used to produce breakdowns of the total caseload counts e.g. by age of child, or by local authority area.<br/><br/>The age of child that is used in this table is based on the age the child would be on a specific point in time, e.g. figures for 2023-09 shows the age the child would be on 30 September 2023.<br/><br/>As of May 2025, updated geography codes were first used for this [publication]( https://www.socialsecurity.gov.scot/publications/2025/05/scottish-child-payment-statistics-to-31-march-2025). Therefore, the number of children benefitting from Scottish Child Payment as of 31 March 2025 are broken down by intermediate zone 2022 codes. Prior to that publication, the analysis was done using intermediate zone 2011 codes.<br/><br/>In August 2025 a minor revision was made to the data. More detail is available in the revisions section below.  <br/><br/>Data on the number of received applications, authorised applications, and the number and value of issued payments for the Scottish Child Payment benefit are also available in [a separate dataset]( https://statistics.gov.scot/resource?uri=http%3A%2F%2Fstatistics.gov.scot%2Fdata%2Fscottish-child-payment-applications-and-payments). <br/><br/>Further information on the Scottish Child Payment statistics can be found in the associated [publication]( https://www.socialsecurity.gov.scot/publications/2026/02/scottish-child-payment-to-31-march-2026)."
Scottish Government Ecosystem Fund Awards 2025-26,Scottish Government,https://data.gov.scot/dataset/scottish_government_ecosystem_fund_awards_2025_26,https://api.data.gov.scot/resource/c3d3ef44-6e96-4213-abcb-5b2812e2b7cf/download,Scottish Government Ecosystem Fund Awards 2025-26.xlsx,2026-08-19T16:02:34.652216,2026-08-19T16:04:05.102187,0,B,XLSX,,,,UK Open Government Licence (OGL),"This dataset contains details of the Ecosystem Fund award recipients for the financial year 2025/26. The Ecosystem Fund supports projects that contribute to the growth and development of Scotland's entrepreneurial ecosystem. The data is published using the 360Giving data standard to support transparency and accessibility. For more information about the Fund, including its purpose, eligibility criteria, and funded projects, visit the [Ecosystem Fund website](https://www.ecosystemfund.co.uk/). For more information on the data standard, see [360Giving](https://www.360giving.org/)."
Scottish Government Spend with Top 50 Suppliers,Scottish Government,https://data.gov.scot/dataset/scottish_government_spend_with_top_50_suppliers,https://api.data.gov.scot/resource/609e9e2e-5e1b-470e-9800-2f50f452021b/download,scottish-government-spend-with-top-50-suppliers.csv,2026-08-13T09:37:29.057551,2026-08-13T09:38:41.079770,0,B,CSV,,,,UK Open Government Licence (OGL),"Scottish Government's spend with it's top 50 suppliers, calculated using spend by value,  by financial year.<br/><br/>These are aggregated figures based on individual transactions from the Scottish Government finance system during the period 1 April until 31 March of following year.<br/><br/>The spend comprises goods, works and services.  Electronic Purchase Card transactions are not included."
Scottish Health Survey-Local area level data,Scottish Government,https://data.gov.scot/dataset/scottish_health_survey_local_area_level_data,https://api.data.gov.scot/resource/0bba33f7-491e-4a77-b0ca-5a1d8a72f59f/download,scottish-health-survey-local-area-level-data.csv,2026-08-13T08:19:38.653804,2026-08-13T08:21:06.610213,0,B,CSV,,,,UK Open Government Licence (OGL),"The latest data presented here can also be viewed on [an interactive dashboard.](https://scotland.shinyapps.io/sg-scottish-health-survey/)<br/><br/>The Scottish Health Survey (SHeS) has been carried out annually since 2008 and prior to this was carried out in 1995, 1998, and 2003. <br/><br/>Commissioned by the Scottish Government Health Directorates, the series provides regular information on aspects of the public's health and factors related to health which cannot be obtained from other sources. The SHeS series was designed to:<br/><br/>-estimate the prevalence of particular health conditions in Scotland<br/><br/>-estimate the prevalence of certain risk factors associated with these health conditions and to document the pattern of related health behaviours<br/><br/>-look at differences between regions and subgroups of the population in the extent of their having these particular health conditions or risk factors, and to make comparisons with other national statistics for Scotland and England<br/><br/>-monitor trends in the population's health over time<br/><br/>-make a major contribution to monitoring progress towards health targets<br/><br/>Each survey in the series includes a set of core questions and measurements (height and weight and, if applicable, blood pressure, waist circumference,  and saliva samples), plus modules of questions on specific health conditions and health risk factors that vary from year to year. Each year the main sample has been augmented by an additional boosted sample for children."
Scottish Health Survey-Scotland level data by age,Scottish Government,https://data.gov.scot/dataset/scottish_health_survey_scotland_level_data_by_age,https://api.data.gov.scot/resource/187026d6-c28f-46b0-95db-b01bd1e3d203/download,scottish-health-survey-scotland-level-data-by-age.csv,2026-08-13T12:38:34.355416,2026-08-13T12:39:41.261401,0,B,CSV,,,,UK Open Government Licence (OGL),"The data presented here can also be viewed on [an interactive dashboard.](https://scotland.shinyapps.io/sg-scottish-health-survey/)<br/><br/>The Scottish Health Survey (SHeS) has been carried out annually since 2008 and prior to this was carried out in 1995, 1998, and 2003. <br/><br/>Commissioned by the Scottish Government Health Directorates, the series provides regular information on aspects of the public's health and factors related to health which cannot be obtained from other sources. The SHeS series was designed to:<br/><br/>-estimate the prevalence of particular health conditions in Scotland<br/><br/>-estimate the prevalence of certain risk factors associated with these health conditions and to document the pattern of related health behaviours<br/><br/>-look at differences between regions and subgroups of the population in the extent of their having these particular health conditions or risk factors, and to make comparisons with other national statistics for Scotland and England<br/><br/>-monitor trends in the population's health over time<br/><br/>-make a major contribution to monitoring progress towards health targets.<br/><br/>Each survey in the series includes a set of core questions and measurements (height and weight and, if applicable, blood pressure, waist circumference,  and saliva samples), plus modules of questions on specific health conditions and health risk factors that vary from year to year. Each year the main sample has been augmented by an additional boosted sample for children. <br/><br/>More details on the Scottish Health Survey can be found on the [survey webpages on the Scottish Government website.](https://www.gov.scot/collections/scottish-health-survey/)"
Scottish Health Survey-Scotland level data by equivalised income,Scottish Government,https://data.gov.scot/dataset/scottish_health_survey_scotland_level_data_by_equivalised_income,https://api.data.gov.scot/resource/0a48ab4d-07d5-419c-bdde-1b5a04908057/download,scottish-health-survey-scotland-level-data-by-equivalised-income.csv,2026-08-13T14:07:42.221413,2026-08-13T14:08:54.733320,0,B,CSV,,,,UK Open Government Licence (OGL),"The data presented here can also be viewed on [an interactive dashboard.](https://scotland.shinyapps.io/sg-scottish-health-survey/)<br/><br/>The Scottish Health Survey (SHeS) has been carried out annually since 2008 and prior to this was carried out in 1995, 1998, and 2003. <br/><br/>Commissioned by the Scottish Government Health Directorates, the series provides regular information on aspects of the public's health and factors related to health which cannot be obtained from other sources. The SHeS series was designed to:<br/><br/>-estimate the prevalence of particular health conditions in Scotland<br/><br/>-estimate the prevalence of certain risk factors associated with these health conditions and to document the pattern of related health behaviours<br/><br/>-look at differences between regions and subgroups of the population in the extent of their having these particular health conditions or risk factors, and to make comparisons with other national statistics for Scotland and England<br/><br/>-monitor trends in the population's health over time<br/><br/>-make a major contribution to monitoring progress towards health targets.<br/><br/>Each survey in the series includes a set of core questions and measurements (height and weight and, if applicable, blood pressure, waist circumference,  and saliva samples), plus modules of questions on specific health conditions and health risk factors that vary from year to year. Each year the main sample has been augmented by an additional boosted sample for children. <br/><br/>More details on the Scottish Health Survey can be found on the [survey webpages on the Scottish Government website.](https://www.gov.scot/collections/scottish-health-survey/)"
Scottish Health Survey-Scotland level data by long-term conditions,Scottish Government,https://data.gov.scot/dataset/scottish_health_survey_scotland_level_data_by_long_term_conditions,https://api.data.gov.scot/resource/9c00c35d-984f-4221-9c01-503a90f5da91/download,scottish-health-survey-scotland-level-data-by-long-term-conditions.csv,2026-08-13T12:27:31.017783,2026-08-13T12:28:53.505695,0,B,CSV,,,,UK Open Government Licence (OGL),"The data presented here can also be viewed on [an interactive dashboard.](https://scotland.shinyapps.io/sg-scottish-health-survey/)<br/><br/>The Scottish Health Survey (SHeS) has been carried out annually since 2008 and prior to this was carried out in 1995, 1998, and 2003. <br/><br/>Commissioned by the Scottish Government Health Directorates, the series provides regular information on aspects of the public's health and factors related to health which cannot be obtained from other sources. The SHeS series was designed to:<br/><br/>-estimate the prevalence of particular health conditions in Scotland<br/><br/>-estimate the prevalence of certain risk factors associated with these health conditions and to document the pattern of related health behaviours<br/><br/>-look at differences between regions and subgroups of the population in the extent of their having these particular health conditions or risk factors, and to make comparisons with other national statistics for Scotland and England<br/><br/>-monitor trends in the population's health over time<br/><br/>-make a major contribution to monitoring progress towards health targets.<br/><br/>Each survey in the series includes a set of core questions and measurements (height and weight and, if applicable, blood pressure, waist circumference,  and saliva samples), plus modules of questions on specific health conditions and health risk factors that vary from year to year. Each year the main sample has been augmented by an additional boosted sample for children. <br/><br/>More details on the Scottish Health Survey can be found on the [survey webpages on the Scottish Government website.](https://www.gov.scot/collections/scottish-health-survey/)"
Scottish Health Survey-Scotland level data by sex,Scottish Government,https://data.gov.scot/dataset/scottish_health_survey_scotland_level_data_by_sex,https://api.data.gov.scot/resource/d114d30d-4861-4651-8d08-8420cf6a360b/download,scottish-health-survey-scotland-level-data.csv,2026-08-13T12:14:00.760200,2026-08-13T12:15:11.273906,0,B,CSV,,,,UK Open Government Licence (OGL),"The data presented here can also be viewed on [an interactive dashboard.](https://scotland.shinyapps.io/sg-scottish-health-survey/)<br/><br/>The Scottish Health Survey (SHeS) has been carried out annually since 2008 and prior to this was carried out in 1995, 1998, and 2003. <br/><br/>Commissioned by the Scottish Government Health Directorates, the series provides regular information on aspects of the public's health and factors related to health which cannot be obtained from other sources. The SHeS series was designed to:<br/><br/>-estimate the prevalence of particular health conditions in Scotland<br/><br/>-estimate the prevalence of certain risk factors associated with these health conditions and to document the pattern of related health behaviours<br/><br/>-look at differences between regions and subgroups of the population in the extent of their having these particular health conditions or risk factors, and to make comparisons with other national statistics for Scotland and England<br/><br/>-monitor trends in the population's health over time<br/><br/>-make a major contribution to monitoring progress towards health targets.<br/><br/>Each survey in the series includes a set of core questions and measurements (height and weight and, if applicable, blood pressure, waist circumference,  and saliva samples), plus modules of questions on specific health conditions and health risk factors that vary from year to year. Each year the main sample has been augmented by an additional boosted sample for children. <br/><br/>More details on the Scottish Health Survey can be found on the [survey webpages on the Scottish Government website.](https://www.gov.scot/collections/scottish-health-survey/)"
Scottish Health Survey-Scotland level data by SIMD,Scottish Government,https://data.gov.scot/dataset/scottish_health_survey_scotland_level_data_by_simd,https://api.data.gov.scot/resource/794a38f2-b51e-401d-909d-9d292c794d7f/download,scottish-health-survey-scotland-level-data-by-simd.csv,2026-08-13T13:01:31.571349,2026-08-13T13:03:54.760856,0,B,CSV,,,,UK Open Government Licence (OGL),"The data presented here can also be viewed on [an interactive dashboard.](https://scotland.shinyapps.io/sg-scottish-health-survey/)<br/><br/>The Scottish Health Survey (SHeS) has been carried out annually since 2008 and prior to this was carried out in 1995, 1998, and 2003. <br/><br/>Commissioned by the Scottish Government Health Directorates, the series provides regular information on aspects of the public's health and factors related to health which cannot be obtained from other sources. The SHeS series was designed to:<br/><br/>-estimate the prevalence of particular health conditions in Scotland<br/><br/>-estimate the prevalence of certain risk factors associated with these health conditions and to document the pattern of related health behaviours<br/><br/>-look at differences between regions and subgroups of the population in the extent of their having these particular health conditions or risk factors, and to make comparisons with other national statistics for Scotland and England<br/><br/>-monitor trends in the population's health over time<br/><br/>-make a major contribution to monitoring progress towards health targets.<br/><br/>Each survey in the series includes a set of core questions and measurements (height and weight and, if applicable, blood pressure, waist circumference,  and saliva samples), plus modules of questions on specific health conditions and health risk factors that vary from year to year. Each year the main sample has been augmented by an additional boosted sample for children. <br/><br/>More details on the Scottish Health Survey can be found on the [survey webpages on the Scottish Government website.](https://www.gov.scot/collections/scottish-health-survey/)"
Scottish Housing Quality Standard (SHQS),Scottish Government,https://data.gov.scot/dataset/scottish_housing_quality_standard__shqs_,https://api.data.gov.scot/resource/8524c712-cbaa-40a9-8c6c-d8eaf11a8e64/download,shqs.csv,2026-08-13T10:36:59.314366,2026-08-13T10:38:14.018193,0,B,CSV,,,,UK Open Government Licence (OGL),"The Scottish Housing Quality Standard (SHQS) is a measure of the quality of the housing stock. It is an aggregation of the results from 49 different programme modules aggregated into 5 higher-level categories which in turn provide a single pass/fail classification for all dwellings. <br/><br/>The 5 higher level classifications are: below the tolerable standard; energy efficient; modern facilities and services; healthy, safe and secure; and free from serious disrepair. This indicator shows the Number of dwelings that fail the Scottish Housing Quality Standard in Scotland."
Scottish Index of Multiple Deprivation 2020,Scottish Government,https://data.gov.scot/dataset/scottish_index_of_multiple_deprivation_2020,https://api.data.gov.scot/resource/0786efac-2a01-404e-9966-e99e86a24950/download,scottish-index-of-multiple-deprivation.csv,2026-08-20T16:56:07.807669,2026-08-20T16:57:27.564132,0,B,CSV,,,,UK Open Government Licence (OGL),"The Scottish Index of Multiple Deprivation (SIMD) provides a relative ranking of the data zones in Scotland from 1 (most deprived) to 6,976 (least deprived) based on a weighted combination of data for seven domains: income, employment, health, education, skills and training, geographic access to services, crime and housing. The dataset includes ranks for each domain, as well as quantile bands for the overall and domain ranks (5%, 10% and 20%).<br/><br/>Each data zone is assigned to vigintiles, deciles and quintiles, with band 1 containing the most deprived data zones. For instance, SIMD decile 1 contains the most deprived 10% of data zones and decile 10 contains the least deprived 10% of data zones.<br/><br/>When comparing results across different iterations of SIMD, it is important to take account of changes to the methodology used to construct the individual domains and the overall SIMD between iterations, as well as changes in geographical units as data zones change for each Census.<br/><br/>More information can be found on the Scottish Government website for [SIMD 2020](https://www.gov.scot/SIMD) and [SIMD 2016 and previous iterations](https://www2.gov.scot/Topics/Statistics/SIMD)."
Scottish Index of Multiple Deprivation - Broadband Access Indicator,Scottish Government,https://data.gov.scot/dataset/scottish_index_of_multiple_deprivation___broadband_access_indicator,https://api.data.gov.scot/resource/3617329a-b2aa-41fa-945d-ddd6f2281feb/download,scottish-index-of-multiple-deprivation---broadband-access-indicator.csv,2026-08-20T16:56:12.110716,2026-08-20T16:57:07.958941,0,B,CSV,,,,UK Open Government Licence (OGL),"The [Scottish Index of Multiple Deprivation (SIMD)](https://www.gov.scot/publications/scottish-index-multiple-deprivation-2020/)  is a tool for identifying the places in Scotland where people are experiencing disadvantage across different aspects of their lives. SIMD ranks 6,976 small areas, or data zones, covering the whole of Scotland from the most deprived to the least deprived and reports statistics on income, employment, health, education, access to services, crime and housing. This dataset contains the Superfast Broadband indicator that, together with travel time indicators, is used to calculate the SIMD 2020 Geographic Access to Services domain. <br/><br/>The superfast Broadband indicator measures the percentage of premises that do not have access to superfast broadband (download speeds of 30Mbps or above).<br/><br/>More information can be found on [the Scottish Government website](https://www2.gov.scot/Topics/Statistics/SIMD).<br/>"
Scottish Index of Multiple Deprivation - Crime Indicators,Scottish Government,https://data.gov.scot/dataset/scottish_index_of_multiple_deprivation___crime_indicators,https://api.data.gov.scot/resource/6b9fc4c3-829b-4baa-9754-261c0410161d/download,scottish-index-of-multiple-deprivation---crime-indicators.csv,2026-08-20T16:56:16.780374,2026-08-20T16:57:31.246302,0,B,CSV,,,,UK Open Government Licence (OGL),"The Scottish Index of Multiple Deprivation (SIMD) is a tool for identifying the places in Scotland where people are experiencing disadvantage across different aspects of their lives. SIMD ranks 6,976 small areas, or data zones, covering the whole of Scotland from the most deprived to the least deprived and reports statistics on income, employment, health, education, access to services, crime and housing. This dataset contains SIMD crime counts and rates used to calculate SIMD 2016 and SIMD 2020 crime domains.<br/><br/>More information can be found on the Scottish Government webpages:<br/>[SIMD 2016](https://www2.gov.scot/Resource/0050/00504822.pdf) and [SIMD 2020](https://www.gov.scot/SIMD)<br/>"
Scottish Index of Multiple Deprivation - Education Indicators,Scottish Government,https://data.gov.scot/dataset/scottish_index_of_multiple_deprivation___education_indicators,https://api.data.gov.scot/resource/b4fd821e-f985-42c1-adbe-1e81cae8e50f/download,scottish-index-of-multiple-deprivation---education-indicators.csv,2026-08-20T16:56:20.829839,2026-08-20T16:57:25.674579,0,B,CSV,,,,UK Open Government Licence (OGL),"The [Scottish Index of Multiple Deprivation (SIMD)](https://www.gov.scot/publications/scottish-index-multiple-deprivation-2020/)  is a tool for identifying the places in Scotland where people are experiencing disadvantage across different aspects of their lives. SIMD ranks 6,976 small areas, or data zones, covering the whole of Scotland from the most deprived to the least deprived and reports statistics on income, employment, health, education, access to services, crime and housing. This dataset contains indicators used to calculate SIMD 2016 and SIMD 2020 education domains. These indicators include:<br/><br/>* School pupil attendance<br/>* Attainment of school leavers<br/>* Working age people with no qualifications: standardised ratio<br/>* 17-21 year olds enrolling in higher education<br/>* 16-19 year olds not participating in education, employment or training (this replaces the NEET indicator used in SIMD 2016)<br/> <br/>More information can be found on the Scottish Government webpages:<br/>[SIMD 2016](https://www2.gov.scot/Resource/0050/00504822.pdf) and [SIMD 2020](https://www.gov.scot/SIMD)"
Scottish Index of Multiple Deprivation - Employment Indicators,Scottish Government,https://data.gov.scot/dataset/scottish_index_of_multiple_deprivation___employment_indicators,https://api.data.gov.scot/resource/62ad6d4b-254a-43b1-9a36-b1daacbb00d3/download,scottish-index-of-multiple-deprivation---employment-indicators.csv,2026-08-20T16:56:25.418172,2026-08-20T16:58:22.628598,0,B,CSV,,,,UK Open Government Licence (OGL),"The [Scottish Index of Multiple Deprivation (SIMD)](https://www.gov.scot/publications/scottish-index-multiple-deprivation-2020/)  is a tool for identifying the places in Scotland where people are experiencing disadvantage across different aspects of their lives. SIMD ranks 6,976 small areas, or data zones, covering the whole of Scotland from the most deprived to the least deprived and reports statistics on income, employment, health, education, access to services, crime and housing. This dataset contains employment deprivation counts and rates used to calculate SIMD 2016 and SIMD 2020 employment domains. <br/><br/>More information can be found on the Scottish Government webpages:<br/>[SIMD 2016](https://www2.gov.scot/Resource/0050/00504822.pdf) and [SIMD 2020](https://www.gov.scot/SIMD)"
Scottish Index of Multiple Deprivation - Geographic Access to Services Indicators,Scottish Government,https://data.gov.scot/dataset/scottish_index_of_multiple_deprivation___geographic_access_to_services_indicators,https://api.data.gov.scot/resource/19443e6d-bf9a-41a5-87a3-2133e754af87/download,scottish-index-of-multiple-deprivation---geographic-access-to-services-indicators.csv,2026-08-20T16:56:29.564954,2026-08-20T16:58:56.642350,0,B,CSV,,,,UK Open Government Licence (OGL),"The [Scottish Index of Multiple Deprivation (SIMD)](https://www.gov.scot/publications/scottish-index-multiple-deprivation-2020/)  is a tool for identifying the places in Scotland where people are experiencing disadvantage across different aspects of their lives. SIMD ranks 6,976 small areas, or data zones, covering the whole of Scotland from the most deprived to the least deprived and reports statistics on income, employment, health, education, access to services, crime and housing. This dataset contains travel time indicators used to calculate SIMD 2016, and SIMD 2020, Geographic Access to Services domains. Travel time indicators include drive times and public transport times. The SIMD 2020 domain combines travel time indicators with the superfast broadband indicator.<br/><br/>Drive times to:<br/><br/>* GP surgery<br/>* Post Office<br/>* Retail Centre<br/>* Primary School<br/>* Secondary School<br/>* Petrol station<br/><br/>Public transport times to:<br/><br/>* GP surgery<br/>* Post Office<br/>* Retail Centre<br/><br/>More information can be found on the Scottish Government webpages:<br/>[SIMD 2016](https://www2.gov.scot/Resource/0050/00504822.pdf) and [SIMD 2020](https://www.gov.scot/SIMD)<br/>"
Scottish Index of Multiple Deprivation - Health Indicators,Scottish Government,https://data.gov.scot/dataset/scottish_index_of_multiple_deprivation___health_indicators,https://api.data.gov.scot/resource/bd21a04c-f6e9-40d6-ad09-904c1211724f/download,scottish-index-of-multiple-deprivation---health-indicators.csv,2026-08-20T16:56:33.680958,2026-08-20T16:58:54.514968,0,B,CSV,,,,UK Open Government Licence (OGL),"The [Scottish Index of Multiple Deprivation (SIMD)](https://www.gov.scot/publications/scottish-index-multiple-deprivation-2020/) is a tool for identifying the places in Scotland where people are experiencing disadvantage across different aspects of their lives. SIMD ranks 6,976 small areas, or data zones, covering the whole of Scotland from the most deprived to the least deprived and reports statistics on income, employment, health, education, access to services, crime and housing. This dataset contains indicators used to calculate SIMD 2016 and SIMD 2020 health domains, including:<br/><br/>* Standardised Mortality Ratio<br/>* Hospital stays related to alcohol misuse: standardised ratio<br/>* Hospital stays related to drug misuse: standardised ratio<br/>* Comparative illness factor: standardised ratio<br/>* Emergency stays in hospital: standardised ratio<br/>* Proportion of population being prescribed drugs for anxiety, depression or psychosis<br/>* Proportion of live singleton births of low birth weight <br/> <br/>More information can be found on the Scottish Government webpages:<br/>[SIMD 2016](https://www2.gov.scot/Resource/0050/00504822.pdf) and [SIMD 2020](https://www.gov.scot/SIMD)<br/>"
Scottish Index of Multiple Deprivation (Historical) - 2004-2012,Scottish Government,https://data.gov.scot/dataset/scottish_index_of_multiple_deprivation__historical____2004_2012,https://api.data.gov.scot/resource/92eb1022-dd78-48a7-8ea6-08283b6c9adf/download,scottish-index-of-multiple-deprivation-historical-i.csv,2026-08-20T16:56:46.839457,2026-08-20T16:59:51.691084,0,B,CSV,,,,UK Open Government Licence (OGL),"The Scottish Index of Multiple Deprivation (SIMD) provides a relative ranking of the Data Zones in Scotland from 1 (most deprived) to 6505 (least deprived) based on a weighted combination of data in the domains of Income, Housing, Health, Education, Skills and Training, Employment, Geographic Access to Services, and Crime (no Crime data available for SIMD 2004). Each of the domains can also be ranked individually. Using the relative rankings each data zone can be assigned to a decile for each domain and the overall index. Decile 1 is the most deprived 10% of Data Zones and decile 10 is the least deprived 10% of Data Zones. When comparing results from the different versions of the SIMD it is important to take into account changes to the methodology used to construct the individual domains and the overall SIMD between the three indices. More information can be found on[the Scottish Government website](https://www2.gov.scot/simd) . You can also view a map of [SIMD](http://statistics.gov.scot/slice?dataset=http%3A%2F%2Fstatistics.gov.scot%2Fdata%2Fscottish-index-of-multiple-deprivation-historical-i&http%3A%2F%2Fpurl.org%2Flinked-data%2Fcube%23measureType=http%3A%2F%2Fstatistics.gov.scot%2Fdef%2Fmeasure-properties%2Fdecile&http%3A%2F%2Fpurl.org%2Flinked-data%2Fsdmx%2F2009%2Fdimension%23refPeriod=http%3A%2F%2Freference.data.gov.uk%2Fid%2Fyear%2F2012&http%3A%2F%2Fstatistics.gov.scot%2Fdef%2Fdimension%2FsimdDomain=http%3A%2F%2Fstatistics.gov.scot%2Fdef%2Fconcept%2Fsimd-domain%2Fsimd&tab=charts)."
Scottish Index of Multiple Deprivation (Historical) - 2016,Scottish Government,https://data.gov.scot/dataset/scottish_index_of_multiple_deprivation__historical____2016,https://api.data.gov.scot/resource/36465db2-8378-40e9-9bf8-fd016b0ee821/download,scottish-index-of-multiple-deprivation-historical-ii.csv,2026-08-20T16:56:52.118583,2026-08-20T17:00:18.989138,0,B,CSV,,,,UK Open Government Licence (OGL),"The Scottish Index of Multiple Deprivation (SIMD) provides a relative ranking of the data zones in Scotland from 1 (most deprived) to 6,976 (least deprived) based on a weighted combination of data in the domains of Income; Employment; Health; Education, Skills and Training; Geographic Access to Services; Crime; and Housing. Each of the domains can also be ranked individually. Using the relative rankings each data zone can be assigned to a decile for each domain and the overall index. Decile 1 contains the most deprived 10% of data zones and decile 10 contains the least deprived 10% of data zones. When comparing results from the different versions of the SIMD it is important to take into account changes to the methodology used to construct the individual domains and the overall SIMD between the three indices. More information can be found on [the Scottish Government website](https://www2.gov.scot/Topics/Statistics/SIMD)"
Scottish Index of Multiple Deprivation - Housing Indicators,Scottish Government,https://data.gov.scot/dataset/scottish_index_of_multiple_deprivation___housing_indicators,https://api.data.gov.scot/resource/cdc97236-c129-451f-804b-def89d9ceade/download,scottish-index-of-multiple-deprivation---housing-indicators.csv,2026-08-20T16:56:37.869586,2026-08-20T16:58:47.069858,0,B,CSV,,,,UK Open Government Licence (OGL),The Scottish Index of Multiple Deprivation (SIMD) 2016 is the Scottish Government's official tool for identifying concentrations of deprivation in Scotland.<br/><br/>This dataset contains the indicators which comprise the housing domain of SIMD16. <br/><br/><br/>The technical notes for SIMD16 with information on indicators and how the domains were constructed can be found [here](https://www2.gov.scot/Resource/0050/00504822.pdf).
Scottish Index of Multiple Deprivation - Income Indicators,Scottish Government,https://data.gov.scot/dataset/scottish_index_of_multiple_deprivation___income_indicators,https://api.data.gov.scot/resource/bd876517-9879-4e7f-bd68-7b23225e2a21/download,scottish-index-of-multiple-deprivation---income-indicators.csv,2026-08-20T16:56:42.205842,2026-08-20T16:59:07.709280,0,B,CSV,,,,UK Open Government Licence (OGL),"The main dataset for the 2016 Scottish Index of Multiple Deprivation (SIMD16) can be found [here](http://statistics.gov.scot/data/scottish-index-of-multiple-deprivation-2016).<br/><br/>The SIMD income count data is calculated by adding five indicators, and for ratio data by dividing the count by<br/>the (unrevised) 2014 mid-year population estimate (source: NRS). The indicators used are:<br/><br/>*Number of adults (aged16-59) receiving Income Support or income based Employment and<br/>Support Allowance, and the number of adults<br/>(all ages) receiving Jobseeker's Allowance. (Source: DWP)*<br/><br/>*Number of adults (aged 60 plus) receiving Guaranteed Pension Credit. (Source: DWP)*<br/><br/>*Number of children (aged 0-15) dependent on a<br/>recipient of Income Support, Jobseeker's Allowance or Employment Support Allowance. (Source: DWP)*<br/><br/>*Number of adults (all) not in paid employment<br/>receiving Universal Credit. (Source: DWP)*<br/><br/>*Number of adults and children (aged 0 -15) in in-work families claiming Working or Child Tax Credit with an income of less than £228 per week. (Source: HMRC)*<br/><br/><br/>The technical notes for SIMD16 can be found [here](http://www.gov.scot/Resource/0050/00504822.pdf).<br/>"
Scottish Landfill Tax,Revenue Scotland,https://data.gov.scot/dataset/scottish_landfill_tax,https://api.data.gov.scot/resource/b978d164-817a-4652-b816-f8b71165bf8c/download,scottish-landfill-tax.csv,2026-08-13T14:05:26.987229,2026-08-13T14:06:44.669170,0,B,CSV,,,,UK Open Government Licence (OGL),"Scottish Landfill Tax (SLfT) revenues and contributions to the Scottish Landfill Communities Fund by quarter. <br/><br/>The associated waste disposals by SLfT rate, the number of SLfT returns received and the number of landfill sites covered by these returns is also provided."
Scottish Welfare Fund Applications,Scottish Government,https://data.gov.scot/dataset/scottish_welfare_fund_applications,https://api.data.gov.scot/resource/84eb6f62-5840-495b-b74f-40db73b1d1a6/download,scottish-welfare-fund-applications.csv,2026-08-13T13:21:21.596989,2026-08-13T13:22:45.048862,0,B,CSV,,,,UK Open Government Licence (OGL),"The total number of applications for the Scottish Welfare Fund, from April 2013 broken down by Local Authority & Financial Year.<br/><br/>The Scottish Welfare Fund is a national grant scheme run by Local Authorities, based on guidance from Scottish Ministers. The objectives of the scheme are to:<br/><br/>* Provide a safety net in a disaster or emergency, when there is an immediate threat to health or safety<br/>* Enable people to live independently or continue to live independently, preventing the need for institutional care.<br/><br/>The Scottish Welfare Fund is a discretionary, budget-limited grant scheme that prioritises applications according to need, it provides grants that do not have to be repaid. There are 2 types of grants in the Scottish Welfare Fund - Crisis Grants and Community Care Grants. A Crisis Grants aims to help people, on a low income, who are in crisis because of a disaster or an emergency. A disaster is something like a fire or a flood. An emergency might be when money has been stolen. A Community Care Grant aims to:<br/><br/>* Help people establish themselves in the community following a period of care, where circumstances indicate that there is a risk of the person not being able to live independently<br/>* Help people remain in the community rather than going in to care where circumstances indicate that there is a risk of the person not being able to live independently.<br/>* Help people set up home in the community, as part of a planned resettlement programme, following an unsettled way of life.<br/><br/>More information on Scottish Welfare Fund Statistics can be found on the [Scottish Government website.](https://www.gov.scot/collections/sg-social-security-scotland-stats-publications/#scottishwelfarefundstatistics)<br/><br/>These statistics are being published as experimental statistics. Experimental statistics are defined in the Code of Practice for Official Statistics as \""new official statistics undergoing evaluation. They are published in order to involve users and stakeholders in their development and as a means to build in quality at an early stage.\"" These statistics have not yet been assessed by the UK Statistics Authority. They have not been designated as National Statistics.<br/><br/>For any enquiries, please contact [SocialSecurityStats@gov.scot](mailto:SocialSecurityStats@gov.scot)"
Scottish Welfare Fund Expenditure,Scottish Government,https://data.gov.scot/dataset/scottish_welfare_fund_expenditure,https://api.data.gov.scot/resource/992c3faf-ea3e-4005-9044-b9ea47c8f62c/download,scottish-welfare-fund-expenditure.csv,2026-08-13T08:22:45.957486,2026-08-13T08:23:57.704353,0,B,CSV,,,,UK Open Government Licence (OGL),"The total expenditure for the Scottish Welfare Fund, from April 2013 broken down by Local Authority & Financial Year.<br/><br/>The Scottish Welfare Fund is a national grant scheme run by Local Authorities, based on guidance from Scottish Ministers. The objectives of the scheme are to:<br/><br/>* Provide a safety net in a disaster or emergency, when there is an immediate threat to health or safety<br/>* Enable people to live independently or continue to live independently, preventing the need for institutional care.<br/><br/>The Scottish Welfare Fund is a discretionary, budget-limited grant scheme that prioritises applications according to need, it provides grants that do not have to be repaid. There are 2 types of grants in the Scottish Welfare Fund - Crisis Grants and Community Care Grants. A Crisis Grants aims to help people, on a low income, who are in crisis because of a disaster or an emergency. A disaster is something like a fire or a flood. An emergency might be when money has been stolen. A Community Care Grant aims to:<br/><br/>* Help people establish themselves in the community following a period of care, where circumstances indicate that there is a risk of the person not being able to live independently<br/>* Help people remain in the community rather than going in to care where circumstances indicate that there is a risk of the person not being able to live independently.<br/>* Help people set up home in the community, as part of a planned resettlement programme, following an unsettled way of life.<br/><br/>More information on Scottish Welfare Fund Statistics can be found on the  [Scottish Government website](https://www.gov.scot/collections/sg-social-security-scotland-stats-publications/#scottishwelfarefundstatistics).<br/><br/>These statistics are being published as experimental statistics. Experimental statistics are defined in the Code of Practice for Official Statistics as \""new official statistics undergoing evaluation. They are published in order to involve users and stakeholders in their development and as a means to build in quality at an early stage.\"" These statistics have not yet been assessed by the UK Statistics Authority. They have not been designated as National Statistics.<br/><br/>for any enquiries, please contact [SocialSecurityStats@gov.scot](mailto:SocialSecurityStats@gov.scot)<br/>"
Secondary Fires,Scottish Government,https://data.gov.scot/dataset/secondary_fires,https://api.data.gov.scot/resource/7869a4d5-944c-400f-bb4e-fb14a7165705/download,secondary-fires-by-data-zone-2009-10-to-2023-24.csv,2026-08-20T16:43:01.519502,2026-08-20T16:49:03.859675,0,B,CSV,,,,UK Open Government Licence (OGL),"This dataset provides the total numbers and rates of secondary fires in Scotland down to data zone level. Data is provided for the total number of secondary fires, including accidental and deliberate causes.<br/><br/>Data is entered by the Scottish Fire and Rescue Service into the Incident Recording System. This dataset is an extract from this live management information system, and thus may differ slightly from other extracts taken on different dates.<br/><br/>Some fires could only be attributed to Local Authorities, and not lower level geographies. Therefore, the sum of fires for lower level geographies may not match those at Local Authority or Scotland level."
Self Employment,Scottish Government,https://data.gov.scot/dataset/self_employment,https://api.data.gov.scot/resource/150fcf10-49b0-441c-8294-afdbb9e74c5e/download,self-employment.csv,2026-08-13T13:21:07.864262,2026-08-13T13:22:32.476113,0,B,CSV,,,,UK Open Government Licence (OGL),"People are classed as 'in employment' (employee or self-employed) if they have done at least one hour of paid work in the week prior to their LFS interview. The self employed ratio is the number of people who are self employed (16+) divided by the number of people in employment (16+).<br/><br/>The data used for this indicator is taken from the Annual Population Survey (APS). The APS was introduced in January 2004 and it has replaced the Annual Local Area Labour Force Survey. The APS combines results from the Labour Force Survey ( LFS) and the English, Welsh and Scottish Labour Force Survey boosts. The boosts increase the sample size which means the APS can provide more robust labour market estimates for local areas compared to the main LFS. Thus the APS is the primary source for information on local labour markets providing headline estimates on employment, unemployment and economic activity. The APS is the largest annual household survey in Scotland and provides a wealth of information about individuals' personal circumstances and their work. The LFS surveys individuals living at private households in the UK and is designed to be representative of the national population.<br/>The Scottish Government funds the boost to the LFS sample in Scotland, taking the sample size from approximately 8,000 households for the each year to 23,000 households."
Settlements and Localities Population,National Records of Scotland,https://data.gov.scot/dataset/settlements_and_localities_population,https://api.data.gov.scot/resource/4d1f6e17-d3f4-4583-a614-91eb67c0170e/download,settlements-and-localities-population.csv,2026-08-13T12:20:50.239238,2026-08-13T12:23:20.763436,0,B,CSV,,,,UK Open Government Licence (OGL),"The settlements and localities datasets are produced to show the boundaries and estimated populations of urban areas in Scotland whose populations round to at least 500 people.<br/> <br/>Settlements are defined using areas of contiguous high density postcodes bounded by low density postcodes. The density of a postcode is defined using measures of population, residential addresses and non-residential addresses per hectare, using the postcode boundaries maintained by NRS based on the assignment of postcodes to addresses by Royal Mail.<br/><br/>The larger settlements have been divided into localities, with input from local authorities, as some settlements are very extensive and can group together some very large populations. <br/><br/>The mid-2016 settlements and localities estimates are based on the mid-2016 small area population estimates published in August 2017, and relate to the population as at 30 June 2016. The small area population estimates are based on results from the 2011 Census, and are adjusted for births, deaths and estimated migration in the years since then. <br/><br/>For more information on the Settlements and Localities data, please see the [2016 publication](https://www.nrscotland.gov.uk/statistics-and-data/statistics/statistics-by-theme/population/population-estimates/settlements-and-localities/mid-2016-population-estimates-for-settlements-and-localities-in-scotland) and the Methodology Guide on the [NRS website](https://www.nrscotland.gov.uk/statistics-and-data/statistics/statistics-by-theme/population/population-estimates/settlements-and-localities)."
Smoking behaviour and self-rated health (SALSUS),Scottish Government,https://data.gov.scot/dataset/smoking_behaviour_and_self_rated_health__salsus_,https://api.data.gov.scot/resource/12498b6c-c0fd-4fba-9d9c-f8ad5d99a02d/download,smoking-behaviour-and-self-rated-health-salsus.csv,2026-08-13T12:20:45.808278,2026-08-13T12:21:54.490609,0,B,CSV,,,,UK Open Government Licence (OGL),"The Scottish Schools Adolescent Lifestyle and Substance Use Survey (SALSUS) is a continuation of a long established series of national surveys on smoking, drinking and drug use. These were carried out jointly in Scotland and England between 1982 and 2000, to provide a national picture of young peoples' smoking (from 1982), drinking (from 1990), and drug use (from 1998) behaviours within the context of other lifestyle, health and social factors. Since 2002, Scotland has developed its own, more tailored survey, known as SALSUS. SALSUS is a self-completion survey of 13 and 15 year olds administered in school by teachers in a mixed ability class, under exam conditions. The 2018 survey was the last SALSUS in its existing format. For more information, including the technical details visit the [Scottish Government](https://www.gov.scot/collections/scottish-schools-adolescent-lifestyle-and-substance-use-survey-salsus/) website."
Smoking prevalence and deprivation (SALSUS),Scottish Government,https://data.gov.scot/dataset/smoking_prevalence_and_deprivation__salsus_,https://api.data.gov.scot/resource/70aea022-bd45-4e01-89aa-68dbe8be8aef/download,smoking-prevalence-and-deprivation-salsus.csv,2026-08-13T10:13:45.312966,2026-08-13T10:14:48.594336,0,B,CSV,,,,UK Open Government Licence (OGL),"The Scottish Schools Adolescent Lifestyle and Substance Use Survey (SALSUS) is a continuation of a long established series of national surveys on smoking, drinking and drug use. These were carried out jointly in Scotland and England between 1982 and 2000, to provide a national picture of young peoples' smoking (from 1982), drinking (from 1990), and drug use (from 1998) behaviours within the context of other lifestyle, health and social factors. Since 2002, Scotland has developed its own, more tailored survey, known as SALSUS. SALSUS is a self-completion survey of 13 and 15 year olds administered in school by teachers in a mixed ability class, under exam conditions. The 2018 survey was the last SALSUS in its existing format. For more information, including the technical details visit [our website](https://www.gov.scot/collections/scottish-schools-adolescent-lifestyle-and-substance-use-survey-salsus/).<br/><br/>*Deprivation*<br/><br/>The Scottish Index of Multiple Deprivation (SIMD) identifies small area concentrations of multiple deprivation across all of Scotland in a consistent way. It allows effective targeting of policies and funding where the aim is to wholly or partly tackle or take account of area concentrations of multiple deprivation.<br/><br/>SIMD ranks small areas (called data zones) from most deprived (ranked 1) to least deprived (ranked 6,976). People using SIMD will often focus on the data zones below a certain rank, for example, the 5%, 10%, 15% or 20% most deprived data zones in Scotland. In this instance the datazones have been split into quintiles with SIMD quintile 1 representing the most deprived areas and SIMD quintile 5 representing the least deprived areas.<br/>"
Smoking prevalence in young people (SALSUS),Scottish Government,https://data.gov.scot/dataset/smoking_prevalence_in_young_people__salsus_,https://api.data.gov.scot/resource/4824c258-bdde-471c-973b-9d3dcea49067/download,smoking-prevalence-in-young-people-salsus.csv,2026-08-13T12:31:54.528511,2026-08-13T12:33:21.822920,0,B,CSV,,,,UK Open Government Licence (OGL),"The Scottish Schools Adolescent Lifestyle and Substance Use Survey (SALSUS) is a continuation of a long established series of national surveys on smoking, drinking and drug use. These were carried out jointly in Scotland and England between 1982 and 2000, to provide a national picture of young peoples' smoking (from 1982), drinking (from 1990), and drug use (from 1998) behaviours within the context of other lifestyle, health and social factors. Since 2002, Scotland has developed its own, more tailored survey, known as SALSUS. SALSUS is a self-completion survey of 13 and 15 year olds administered in school by teachers in a mixed ability class, under exam conditions. The 2018 survey was the last SALSUS in its existing format. For more information, including the technical details visit the [Scottish Government](https://www.gov.scot/collections/scottish-schools-adolescent-lifestyle-and-substance-use-survey-salsus/) website."
Smoking - Scottish Survey Core Questions,Scottish Government,https://data.gov.scot/dataset/smoking___scottish_survey_core_questions,https://api.data.gov.scot/resource/64f67535-fceb-4a8d-b0a9-32acc5c8504e/download,smoking-sscq.csv,2026-08-13T08:36:10.648147,2026-08-13T08:37:17.850030,0,B,CSV,,,,UK Open Government Licence (OGL),"Two of the Scottish Government's National Performance Framework (NPF) National Indicators are relevant to smoking. There is a specific indicator on reducing the proportion of adults who are current smokers, as well as a more general indicator on reducing premature mortality (deaths from all causes in those aged under 75), for which smoking is a significant contributory factor.<br/><br/>The Scottish Survey Core Questions is an innovative project drawing together multiple household surveys to provide a large sample for subnational analysis. For more information on this source, see the  [SSCQ website](https://www.gov.scot/collections/scottish-surveys-core-questions/)."
Social Security Scotland: clients equalities with application outcome,Scottish Government,https://data.gov.scot/dataset/social_security_scotland__clients_equalities_with_application_outcome,https://api.data.gov.scot/resource/66590ef1-ec32-4c41-bd74-bc821ef3ab7e/download,social-security-scotland-client-equalities-with-application-outcome.csv,2026-08-13T15:35:54.396338,2026-08-13T15:37:09.265316,0,B,CSV,,,,UK Open Government Licence (OGL),"Information on application outcomes for clients applying to Social Security Scotland for Best Start Grant and Best Start Foods, Funeral Support Payment, Job Start Payment, Young Carer Grant and Scottish Child Payment. Data covers from 9th December 2019 to 31st May 2020, 1st June to 30th November 2020 and 1st December 2020 to 31st May 2021.<br/><br/>Full publications and tables covering client diversity and equalities are available on the [Scottish Government website]( https://www.gov.scot/collections/social-security-scotland-stats-publications/#clientdiversityandequalitiesanalysis).<br/><br/>Data on [clients responding to equality forms](http://statistics.gov.scot/data/social-security-scotland-clients-responding-to-equality-forms) are also available in a separate dataset.<br/><br/>"
Social Security Scotland: clients equalities with application outcome to December 2019,Scottish Government,https://data.gov.scot/dataset/social_security_scotland__clients_equalities_with_application_outcome_to_december_2019,https://api.data.gov.scot/resource/36506e55-70f5-4989-a009-7cbae8080876/download,social-security-scotland-clients-equalities-with-application-outcome-to-december-2019.csv,2026-08-13T12:35:28.184619,2026-08-13T12:36:49.071385,0,B,CSV,,,,UK Open Government Licence (OGL),"Information on diversity for clients applying to Social Security Scotland for Best Start Grant, Best Start Foods, Funeral Support Payment, and Young Carer Grant. <br/><br/>Social Security Scotland began taking applications for Best Start Grant Pregnancy and Baby payment on 10 December 2018, followed by Best Start Grant Early Learning Payment on 29 April 2019, School Age Payment on 3 June 2019, Best Start Foods on 12 August 2019, Funeral Support Payment on 16 September 2019 and Young Carer's Grant on 21 October 2019.<br/><br/>Clients applying for benefits online, by telephone or mail between the 10th December 2018 and the 8th December 2019 were asked to fill out a separate non-mandatory Equality Monitoring and Feedback form following on from their benefits application form.<br/><br/>Data on [clients responding to equality forms](http://statistics.gov.scot/data/social-security-scotland-clients-responding-to-equality-forms-to-december-2019) are also available in a separate dataset.<br/><br/>The full publication and tables covering client diversity and equalities to December 2019 are available on the [Scottish Government website]( https://www.gov.scot/publications/social-security-scotland-client-diversity-and-equalities-analysis-to-december-2019).<br/><br/>"
Social Security Scotland: clients responding to equality forms,Scottish Government,https://data.gov.scot/dataset/social_security_scotland__clients_responding_to_equality_forms,https://api.data.gov.scot/resource/40e3260f-92ed-481c-be15-c97e48e77c0e/download,social-security-scotland-clients-responding-to-equality-forms.csv,2026-08-13T10:30:16.090079,2026-08-13T10:31:41.396544,0,B,CSV,,,,UK Open Government Licence (OGL),"Information on diversity for clients applying to Social Security Scotland for Best Start Grant, Best Start Foods, Funeral Support Payment, Job Start Payment, Scottish Child Payment and Young Carer Grant. Data covers from 9th December 2019 to 31st May 2020, 1st June to 30th November 2020, and 1st December to 31st May 2021.<br/><br/>Full publications and tables covering client diversity and equalities are available on the [Scottish Government website]( https://www.gov.scot/collections/social-security-scotland-stats-publications/#clientdiversityandequalitiesanalysis).<br/><br/>Data on clients equalities with [application outcome](http://statistics.gov.scot/data/social-security-scotland-client-equalities-with-application-outcome) are also available in a separate dataset.<br/>"
Social Security Scotland: clients responding to equality forms to December 2019,Scottish Government,https://data.gov.scot/dataset/social_security_scotland__clients_responding_to_equality_forms_to_december_2019,https://api.data.gov.scot/resource/1998dbee-a747-481d-9555-6f721cba3326/download,social-security-scotland-clients-responding-to-equality-forms-to-december-2019.csv,2026-08-13T13:21:03.312468,2026-08-13T13:22:07.451692,0,B,CSV,,,,UK Open Government Licence (OGL),"Information on diversity for clients applying to Social Security Scotland for Best Start Grant, Best Start Foods, Funeral Support Payment, and Young Carer Grant. <br/><br/>Social Security Scotland began taking applications for Best Start Grant Pregnancy and Baby payment on 10 December 2018, followed by Best Start Grant Early Learning Payment on 29 April 2019, School Age Payment on 3 June 2019, Best Start Foods on 12 August 2019, Funeral Support Payment on 16 September 2019 and Young Carer's Grant on 21 October 2019.<br/><br/>Clients applying for benefits online, by telephone or mail between the 10th December 2018 and the 8th December 2019 were asked to fill out a separate non-mandatory Equality Monitoring and Feedback form following on from their benefits application form.<br/><br/>Data on clients equalities with [application outcome](http://statistics.gov.scot/data/social-security-scotland-clients-equalities-with-application-outcome-to-december-2019) are also available in a separate dataset.<br/><br/>The full publication and tables covering client diversity and equalities to December 2019 are available on the [Scottish Government website]( https://www.gov.scot/publications/social-security-scotland-client-diversity-and-equalities-analysis-to-december-2019).<br/>"
Social Security Scotland Feedback: Complaint Outcomes,Scottish Government,https://data.gov.scot/dataset/social_security_scotland_feedback__complaint_outcomes,https://api.data.gov.scot/resource/b5fa1eea-44ed-4add-aa4f-2ffe2bd849da/download,social-security-scotland-feedback-complaint-outcomes.csv,2026-08-13T15:38:22.384669,2026-08-13T15:39:25.545647,0,B,CSV,,,,UK Open Government Licence (OGL),"Feedback statistics covering the outcomes of complaints received by Social Security Scotland from 4 September 2018 to 30 September 2022. Figures are broken down by financial year.<br/><br/>Carer's Allowance Supplement was launched in September 2018, followed by Best Start Grant Pregnancy and Baby Payment (December 2018), Best Start Grant Early Learning Payment (April 2019), Best Start Grant School Age Payment (June 2019), Best Start Foods (August 2019), Funeral Support Payment (September 2019), Young Carer Grant (October 2019), Job Start Payment (August 2020), Child Winter Heating Assistance (November 2020), Scottish Child Payment (November 2020), Child Disability Payment (pilot July 2021, national November 2021) and Adult Disability Payment (pilot March 2022).<br/><br/>Data on the number of [complaints](http://statistics.gov.scot/data/social-security-scotland-feedback-complaints), [compliments](http://statistics.gov.scot/data/social-security-scotland-feedback-compliments) and [suggestions](http://statistics.gov.scot/data/social-security-scotland-feedback-suggestions) are also available in separate datasets.<br/><br/>The full publication and tables covering complaints, compliments and suggestions are available on the [Scottish Government website](https://www.gov.scot/collections/social-security-scotland-stats-publications/#socialsecurityscotlandfeedbackstatistics)."
Social Security Scotland Feedback: Complaints,Scottish Government,https://data.gov.scot/dataset/social_security_scotland_feedback__complaints,https://api.data.gov.scot/resource/fd48504d-3bcc-438d-a203-00fa1e1ea56c/download,social-security-scotland-feedback-complaints.csv,2026-08-13T16:16:17.060865,2026-08-13T16:17:21.646615,0,B,CSV,,,,UK Open Government Licence (OGL),"Feedback statistics covering the number of complaints received by Social Security Scotland from 4 September 2018 to 30 September 2022. Figures are broken down by financial year.<br/><br/>Carer's Allowance Supplement was launched in September 2018, followed by Best Start Grant Pregnancy and Baby Payment (December 2018), Best Start Grant Early Learning Payment (April 2019), Best Start Grant School Age Payment (June 2019), Best Start Foods (August 2019), Funeral Support Payment (September 2019), Young Carer Grant (October 2019), Job Start Payment (August 2020), Child Winter Heating Assistance (November 2020), Scottish Child Payment (November 2020), Child Disability Payment (pilot July 2021, national November 2021) and Adult Disability Payment (pilot March 2022).<br/><br/>Data on [complaint outcomes](http://statistics.gov.scot/data/social-security-scotland-feedback-complaint-outcomes), [compliments](http://statistics.gov.scot/data/social-security-scotland-feedback-compliments)  and [suggestions](http://statistics.gov.scot/data/social-security-scotland-feedback-suggestions) are also available in separate datasets.<br/><br/>The full publication and tables covering complaints, compliments and suggestions are available on the [Scottish Government website](https://www.gov.scot/collections/social-security-scotland-stats-publications/#socialsecurityscotlandfeedbackstatistics).<br/>"
Social Security Scotland Feedback: Compliments,Scottish Government,https://data.gov.scot/dataset/social_security_scotland_feedback__compliments,https://api.data.gov.scot/resource/6a187e3d-47ce-454e-9925-45ab84d250b9/download,social-security-scotland-feedback-compliments.csv,2026-08-13T09:40:35.358129,2026-08-13T09:41:50.268308,0,B,CSV,,,,UK Open Government Licence (OGL),"Feedback statistics covering compliments received by Social Security Scotland from 4 September 2018 to 30 September 2022. Figures are broken down by financial year.<br/><br/>Carer's Allowance Supplement was launched in September 2018, followed by Best Start Grant Pregnancy and Baby Payment (December 2018), Best Start Grant Early Learning Payment (April 2019), Best Start Grant School Age Payment (June 2019), Best Start Foods (August 2019), Funeral Support Payment (September 2019), Young Carer Grant (October 2019), Job Start Payment (August 2020), Child Winter Heating Assistance (November 2020), Scottish Child Payment (November 2020), Child Disability Payment (pilot July 2021, national November 2021) and Adult Disability Payment (pilot March 2022).<br/><br/>Data on the number of [complaints](<br/>http://statistics.gov.scot/data/social-security-scotland-feedback-complaints), [complaint outcomes](http://statistics.gov.scot/data/social-security-scotland-feedback-complaint-outcomes) and [suggestions](http://statistics.gov.scot/data/social-security-scotland-feedback-suggestions) are also available in separate datasets.<br/><br/>The full publication and tables covering complaints, compliments and suggestions are available on the [Scottish Government website](https://www.gov.scot/collections/social-security-scotland-stats-publications/#socialsecurityscotlandfeedbackstatistics).<br/>"
Social Security Scotland Feedback: Suggestions,Scottish Government,https://data.gov.scot/dataset/social_security_scotland_feedback__suggestions,https://api.data.gov.scot/resource/21dba42f-ca48-4bcf-9ba7-155072a5c434/download,social-security-scotland-feedback-suggestions.csv,2026-08-13T10:58:38.465748,2026-08-13T10:59:46.996492,0,B,CSV,,,,UK Open Government Licence (OGL),"Feedback statistics covering suggestions received by Social Security Scotland from 4 September 2018 to 30 September 2022. Figures are broken down by financial year.<br/><br/>Carer's Allowance Supplement was launched in September 2018, followed by Best Start Grant Pregnancy and Baby Payment (December 2018), Best Start Grant Early Learning Payment (April 2019), Best Start Grant School Age Payment (June 2019), Best Start Foods (August 2019), Funeral Support Payment (September 2019), Young Carer Grant (October 2019), Job Start Payment (August 2020), Child Winter Heating Assistance (November 2020), Scottish Child Payment (November 2020), Child Disability Payment (pilot July 2021, national November 2021) and Adult Disability Payment (pilot March 2022).<br/><br/>Data on the number of [complaints](http://statistics.gov.scot/data/social-security-scotland-feedback-complaints), [complaint outcomes](http://statistics.gov.scot/data/social-security-scotland-feedback-complaint-outcomes) and [compliments](http://statistics.gov.scot/data/social-security-scotland-feedback-compliments) are also available in separate datasets.<br/><br/>The full publication and tables covering complaints, compliments and suggestions are available on the [Scottish Government website](https://www.gov.scot/collections/social-security-scotland-stats-publications/#socialsecurityscotlandfeedbackstatistics).<br/><br/><br/><br/>"
Social Work Orders Commenced,Scottish Government,https://data.gov.scot/dataset/social_work_orders_commenced,https://api.data.gov.scot/resource/1aadb026-0e6b-486f-adb8-22a7463aeca2/download,social-work-orders-commenced.csv,2026-08-13T10:55:20.094259,2026-08-13T10:56:44.395938,0,B,CSV,,,,UK Open Government Licence (OGL),"Number of social work orders commenced in each local authority area from 2004-05 onwards, broken down by type of order"
Social Work Orders Terminated,Scottish Government,https://data.gov.scot/dataset/social_work_orders_terminated,https://api.data.gov.scot/resource/ab9dde19-b4e8-4292-9e15-4ca4e995f7d3/download,social-work-orders-terminated.csv,2026-08-13T10:10:19.408210,2026-08-13T10:11:39.666029,0,B,CSV,,,,UK Open Government Licence (OGL),"Number of social work orders completed/terminated in each local authority area from 2004-05 onwards, broken down by type of order and whether successfully completed."
"Supply, Use and Input-Output Tables",Scottish Government,https://data.gov.scot/dataset/supply__use_and_input_output_tables,https://api.data.gov.scot/resource/b3076eaf-09f2-4548-ae23-a6dbab26044d/download,Supply_Use_I-O_1998-2022.zip,2026-08-19T16:02:40.740854,2026-08-19T16:04:19.424984,0,B,ZIP,,,,UK Open Government Licence (OGL),"The Input-Output framework of the [European System of Accounts (ESA 2010)](http://ec.europa.eu/eurostat/web/esa-2010) consists of three types of tables:<br/><br/>* Supply Tables,<br/>* Use Tables and<br/>* Symmetric Input-Output Tables<br/><br/>The Tables provide a complete picture of the flows of goods and services (products) in the Scottish onshore* economy for a given year. They detail the relationship between producers and consumers and the interdependencies of industries.<br/><br/>Supply and Use Tables are constructed directly from survey and other data sources. The Supply Table provides estimates of the output of a large number of differentiated products by each industry and the Use Table provides estimates of the inputs (of products) used by each industry to produce their own output.<br/><br/>The Supply and Use Tables are the basic building blocks; all other Input-Output analyses are derived from them.<br/>Symmetric Tables (a.k.a. the Analytical Tables) represent the modelling aspect of the Input-Output framework. The Scottish Government produces annual Industry by Industry, Product by Product and Leontief Inverse Analytical Tables.<br/><br/>The datasets in this zipped archive are provided for machine readable applications. They include the:<br/><br/>* Domestic Output at Basic Prices and Supply of Products at Purchasersâ€™ Prices Table<br/>* Combined Use Table in Purchasers' Prices<br/>* Domestic Industry by Industry Table in Basic Prices<br/>* Domestic Product by Product Table in Basic Prices<br/>* Leontief Type 1 and Type 2 matrices<br/>* Output, Income, Employment and GVA Multipliers and Effects<br/>* GVA at current basic prices and GVA weights by industry tables<br/>* Imports and Exports detail tables<br/><br/>All cash values in these datasets are in current price Â£m.<br/><br/>For details on the contents of this data collection, see _MetaData.xlsx in the zip file, or visit [www.gov.scot/input-output](https://www.gov.scot/input-output) for more information. <br/><br/>For guidance on how to access this zipped collection of files using our API, please [visit our help guide](https://guides.statistics.gov.scot/article/41-api-access-for-file-datasets-not-linked-data).<br/><br/>*Satellite accounts for extra-regio activities are available as statistics in development as part of the [Scottish National Accounts Programme (SNAP)](https://www.gov.scot/collections/economy-statistics/#thescottishnationalaccountsprogramme(snap))"
Temporary Accommodation Statistics,Scottish Government,https://data.gov.scot/dataset/temporary_accommodation_statistics,https://api.data.gov.scot/resource/0ef52b1b-8730-43f2-bfcc-2b1e32867531/download,temporary-accommodation-statistics.csv,2026-08-13T12:35:23.016014,2026-08-13T12:36:36.692653,0,B,CSV,,,,UK Open Government Licence (OGL),"Homeless applicants may be placed in temporary accommodation while the Local<br/>Authority assesses their application or while awaiting the offer of a permanent let.  <br/><br/>The figures on households in temporary accommodation relate to households<br/>which have been placed in temporary accommodation by a Local Authority under<br/>the Homeless Persons legislation. This will include households for whom the Local<br/>Authority's decision and final action is still pending, as well as households which<br/>were secured such accommodation as a final action by the authority under the<br/>legislation. The data provide a snapshot picture of the numbers in temporary<br/>accommodation as at the last day in each quarter and are collected in the summary<br/>HL2 return."
Total Fires,Scottish Government,https://data.gov.scot/dataset/total_fires,https://api.data.gov.scot/resource/73789dd2-7508-4eb5-9410-1d9102db5217/download,total-fires-by-data-zone-2009-10-to-2023-24.csv,2026-08-20T16:43:10.263351,2026-08-20T16:49:15.615708,0,B,CSV,,,,UK Open Government Licence (OGL),"This dataset provides the total numbers and rates of fires in Scotland down to data zone level. Data is provided for the total number of fires, including accidental and deliberate causes.<br/><br/>Data is entered by the Scottish Fire and Rescue Service into the Incident Recording System. This dataset is an extract from this live management information system, and thus may differ slightly from other extracts taken on different dates.<br/><br/>Some fires could only be attributed to Local Authorities, and not lower level geographies. Therefore, the sum of fires for lower level geographies may not match those at Local Authority or Scotland level."
Tourism Day Visits - Activities,VisitScotland,https://data.gov.scot/dataset/tourism_day_visits___activities,https://api.data.gov.scot/resource/5a027da6-0ace-4f62-9a36-9c0a473b7888/download,tourism-day-visits---activities.csv,2026-08-13T10:10:12.953793,2026-08-13T10:11:28.102985,0,B,CSV,,,,UK Open Government Licence (OGL),"*Note*: Due to ongoing Covid-19 related travel restrictions meaning data collection has had to be suspended and a planned update to the survey methodology during 2020, a temporary gap in the reporting of the domestic tourism monitors has resulted.  This disruption means the National Tourist Boards will be unable to publish detailed results from the GB Tourism Study (GBTS) and Day Visitor Study (GBDVS) for 2020 or Q1 2021 and any data from this period will only be published after a thorough review to ensure they meet necessary quality standards.  We shall resume fieldwork as soon as domestic travel guidelines ease and anticipate being in a position to commence the delivery of Q2 2021 summary data at some stage during Q3 2021 (barring any unforeseen circumstances).<br/><br/><br/>The Great Britain Day Visits Survey started in 2011 and was conducted using an online methodology. Over 35,000 interviews are conducted with adults aged 16 and over resident in England, Wales and Scotland during 52 weekly survey waves.<br/><br/>[More information about the Great Britain Day Visits Survey (GBDVS)](https://www.visitbritain.org/about-gbts-and-gbdvs)"
Tourism Day Visits - Demographics,VisitScotland,https://data.gov.scot/dataset/tourism_day_visits___demographics,https://api.data.gov.scot/resource/37fcabf3-49df-4662-af6a-5ba8d2ed9098/download,tourism-day-visits---demographics.csv,2026-08-13T13:17:49.308253,2026-08-13T13:18:43.799423,0,B,CSV,,,,UK Open Government Licence (OGL),"*Note*: Due to ongoing Covid-19 related travel restrictions meaning data collection has had to be suspended and a planned update to the survey methodology during 2020, a temporary gap in the reporting of the domestic tourism monitors has resulted.  This disruption means the National Tourist Boards will be unable to publish detailed results from the GB Tourism Study (GBTS) and Day Visitor Study (GBDVS) for 2020 or Q1 2021 and any data from this period will only be published after a thorough review to ensure they meet necessary quality standards.  We shall resume fieldwork as soon as domestic travel guidelines ease and anticipate being in a position to commence the delivery of Q2 2021 summary data at some stage during Q3 2021 (barring any unforeseen circumstances).<br/><br/><br/>The Great Britain Day Visits Survey started in 2011 and was conducted using an online methodology. Over 35,000 interviews are conducted with adults aged 16 and over resident in England, Wales and Scotland during 52 weekly survey waves.<br/><br/>[More information about the Great Britain Day Visits Survey (GBDVS)](https://www.visitbritain.org/about-gbts-and-gbdvs)"
Tourism Day Visits - Location,VisitScotland,https://data.gov.scot/dataset/tourism_day_visits___location,https://api.data.gov.scot/resource/a3453f3b-3614-48b9-a9be-12b0799cdf05/download,tourism-day-visits---location.csv,2026-08-13T13:11:10.399203,2026-08-13T13:12:14.797661,0,B,CSV,,,,UK Open Government Licence (OGL),"*Note*: Due to ongoing Covid-19 related travel restrictions meaning data collection has had to be suspended and a planned update to the survey methodology during 2020, a temporary gap in the reporting of the domestic tourism monitors has resulted.  This disruption means the National Tourist Boards will be unable to publish detailed results from the GB Tourism Study (GBTS) and Day Visitor Study (GBDVS) for 2020 or Q1 2021 and any data from this period will only be published after a thorough review to ensure they meet necessary quality standards.  We shall resume fieldwork as soon as domestic travel guidelines ease and anticipate being in a position to commence the delivery of Q2 2021 summary data at some stage during Q3 2021 (barring any unforeseen circumstances).<br/><br/><br/>The Great Britain Day Visits Survey started in 2011 and was conducted using an online methodology. Over 35,000 interviews are conducted with adults aged 16 and over resident in England, Wales and Scotland during 52 weekly survey waves.<br/><br/>[More information about the Great Britain Day Visits Survey (GBDVS)](https://www.visitbritain.org/about-gbts-and-gbdvs)"
Tourism Day Visits - Transport,VisitScotland,https://data.gov.scot/dataset/tourism_day_visits___transport,https://api.data.gov.scot/resource/7f129f10-2732-4c90-b237-379e4738aa41/download,tourism-day-visits---transport.csv,2026-08-13T10:17:06.975151,2026-08-13T10:18:14.070770,0,B,CSV,,,,UK Open Government Licence (OGL),"*Note*: Due to ongoing Covid-19 related travel restrictions meaning data collection has had to be suspended and a planned update to the survey methodology during 2020, a temporary gap in the reporting of the domestic tourism monitors has resulted.  This disruption means the National Tourist Boards will be unable to publish detailed results from the GB Tourism Study (GBTS) and Day Visitor Study (GBDVS) for 2020 or Q1 2021 and any data from this period will only be published after a thorough review to ensure they meet necessary quality standards.  We shall resume fieldwork as soon as domestic travel guidelines ease and anticipate being in a position to commence the delivery of Q2 2021 summary data at some stage during Q3 2021 (barring any unforeseen circumstances).<br/><br/><br/>The Great Britain Day Visits Survey started in 2011 and was conducted using an online methodology. Over 35,000 interviews are conducted with adults aged 16 and over resident in England, Wales and Scotland during 52 weekly survey waves.<br/><br/>[More information about the Great Britain Day Visits Survey (GBDVS)](https://www.visitbritain.org/about-gbts-and-gbdvs)"
Travel times to key services by car or public transport,Scottish Government,https://data.gov.scot/dataset/travel_times_to_key_services_by_car_or_public_transport,https://api.data.gov.scot/resource/24e0f9cf-5d08-48eb-8f25-e4d540f08d90/download,travel-times.csv,2026-08-20T16:43:14.843736,2026-08-20T16:49:24.863794,0,B,CSV,,,,UK Open Government Licence (OGL),"Drive times to key services at Data Zone level was originally developed for inclusion in the 2004 Scottish Index of Multiple Deprivation (SIMD), under the Access to Services Domain.  <br/><br/>The methodology for generating average drive times to services involves generating drive times for each Census Output Area and then calculating a population weighted average for each Data Zone. <br/><br/>The methodology used to calculate the drive times has changed somewhat over the years, and thus results from different time periods may not be directly comparable. For more detail on current and past methodology please see the report located [here](http://www.scotland.gov.uk/Topics/Statistics/SIMD/AccessMethodologyPaper). <br/><br/>Automated Teller Machine (ATM, or Cash Machine) locations were included as a key service from 2007, and include street-side locations and machines located within shops or other buildings. Financial Institution locations were included as a key service from 2007, and include banks and building societies. Chemists and Pharmacies were included as a key service from 2007, and include dispensing chemists, drug stores and retail pharmacies.  Further Education Establishments were included as a key service from 2007, and include technical schools and colleges. General Stores were included as a key service from 2007, and include outlets such as Londis. <br/><br/>Drive times to GP Surgeries have been included as a service since 2003.  Higher Education Establishments were included as a key service from 2007, and include medical schools and universities. Library locations were included as a key service from 2007. Nursery locations were included as a key service from 2007, and include after school care, childcare services, day nurseries, nursery schools, creches, playgroups and pre-school education. Police stations were included as a key service from 2007. <br/><br/>Service locations were obtained from PointX, Ordnance Surveys points of interest dataset, and are geo-referenced by address. <br/><br/>Citizens Advice Bureau locations were included as a key service from 2007. Service locations were obtained directly from Citizens Advice Scotland (CAS), and are geo-referenced by address. <br/><br/>JobCentre Plus locations were included as a key service from 2007. Drive times to Primary Schools have been included as a service since 2003. Drive times to Secondary Schools have been included as a service since 2003. Service locations were obtained directly from the JobCentre Plus Communications Team and are geo-referenced by address. <br/><br/>Drive times to Petrol Stations have been included as a service since 2003. In 2003, service locations were obtained from PointX, Ordnance Surveys points of interest dataset, and are geo-referenced by address. PointX, however, previously relied on Thomson Directories as the source for station locations which relies upon the owners self definition of the service (e.g. some may be defined as a garage rather than a filling station, as that is their main function). For this reason, Catalist data was chosen as the source for station locations for 2006 and later data. <br/><br/>Drive times to Post Offices have been included as a service since 2003. For 2003 and 2006 data, service locations were obtained from PointX, Ordnance Surveys points of interest dataset, and are geo-referenced by address. In 2008, however, the Royal Mail made significant changes to the Post Office network, in terms of closing some conventional branches and in many cases replacing them with outreach services. Location data was obtained directly from Royal Mail, and included information on hours of service. Therefore, for 2009 the data represents those locations which are open for 6 hours or more per week in a fixed location. <br/><br/>Drive times to Retail Centres have been included as a service since 2006, replacing supermarket locations used in 2003. Service locations were derived from CACI Retail Footprint dataset. The retail footprint is a gravity model that defines catchments for shopping centres selling comparison goods in Great Britain. For 2006, locations were derived from a combination of CACI data and Ordnance Surveys PointX dataset, however, for 2009 retail centre information is represented by the CACI information only."
Travel to Work and Other Purposes,Transport Scotland,https://data.gov.scot/dataset/travel_to_work_and_other_purposes,https://api.data.gov.scot/resource/9f928fc6-d249-4de4-b7b4-5dc5eac10f02/download,travel-to-work-other.csv,2026-08-13T13:21:16.675315,2026-08-13T13:22:23.544951,0,B,CSV,,,,UK Open Government Licence (OGL),"Detailed statistics on what mode of transport people usually use to get to work and education, as well as the percentage of total journeys which people make for a given purpose and children's mode of travel to school (from the Scottish Household Survey). These estimates are from the Scottish Household Survey Travel Diary, which asks adult respondents about all the journeys which they made the previous day, as well as information about the mode, purpose, duration and length of these journeys. The proportion of people who travel to work by public or active travel is a National Indicator in the Scotland Performs framework. Estimates from the Scottish Household Survey are updated annually in [Transport and Travel in Scotland](https://www.transport.gov.scot/search-results/?q=transport+and+travel+scotland+all+editions). SHS estimates are National Statistics and provide figures which are representative of households and individuals in Scotland annually. The SHS has an annual sample size of around 10,000 individuals and, since 2012, has operated with a fully unclustered sample design.<br/><br/>Due to the Covid pandemic there was a smaller sample size for the SHS survey in 2020.  We are therefore not be able to provide 2020 data broken down in as many ways as usual. For example, we are not able to provide data for individual local authorities. Due to changes in the survey in response to covid-19,  2021 data is not directly comparable with previous years."
Underemployment,Scottish Government,https://data.gov.scot/dataset/underemployment,https://api.data.gov.scot/resource/d5ecb8b5-450c-469e-9f25-072daa84a42a/download,underemployment.csv,2026-08-13T10:40:14.082054,2026-08-13T10:41:26.056968,0,B,CSV,,,,UK Open Government Licence (OGL),"Underemployment refers to those who are in work but who would prefer to work more hours for the same rate of pay and provides a measure of underutilization of labour. The APS only gathers information on hours based underemployment. Specifically, underemployment covers those looking for:<br/>- Additional hours in their existing role (at the same rate of pay)<br/>- An additional job (to supplement their existing job)<br/>- a different job with more hours<br/><br/>The data used for this indicator is taken from the Annual Population Survey (APS). The APS was introduced in January 2004 and it has replaced the Annual Local Area Labour Force Survey. The APS combines results from the Labour Force Survey ( LFS) and the English, Welsh and Scottish Labour Force Survey boosts. The boosts increase the sample size which means the APS can provide more robust labour market estimates for local areas compared to the main LFS. Thus the APS is the primary source for information on local labour markets providing headline estimates on employment, unemployment and economic activity. The APS is the largest annual household survey in Scotland and provides a wealth of information about individuals' personal circumstances and their work. The LFS surveys individuals living at private households in the UK and is designed to be representative of the national population.<br/>The Scottish Government funds the boost to the LFS sample in Scotland, taking the sample size from approximately 8,000 households for the each year to 23,000 households.<br/>"
Unemployment Model Based Estimates,Scottish Government,https://data.gov.scot/dataset/unemployment_model_based_estimates,https://api.data.gov.scot/resource/f723d279-87b0-4e15-9841-40169cc268d5/download,unemployment-model-based-estimates.csv,2026-08-12T15:10:00.965084,2026-08-12T15:10:56.591740,0,B,CSV,,,,UK Open Government Licence (OGL),"The model-based estimate produces a single-best estimate for total unemployment for the local area.<br/><br/>The Annual Population Survey (APS), on which these estimates are based is published quarterly, but with each publication including data for one year. The four publications per year cover the periods January to December; April to March of the following year; July to June of the following year; and October to September of the following year. Three quarters of the survey observations included in one publication will therefore be included in the following publication. The model-based unemployment estimates (and the direct APS survey estimates) represent valid estimates for the period to which they refer but because, as explained above, estimates from consecutive quarters are based on common observations they are not independent, and should not be used for comparisons over time.<br/><br/>Comparisons over time for say the latest annual estimate should only be made using estimates for the same period a year earlier, as the data for these two periods will not include any common observations. Estimates of economic activity status are usually taken from surveys of individuals (nationally from the Labour Force Survey, and from the annual Labour Force Survey or Annual Population Survey for smaller areas). However for most local areas, even the Annual Population Survey does not have a sufficiently large sample to provide precise estimates of unemployment. For this reason a statistical model has been developed to improve the annual LFS/APS estimates of unemployment, for small areas, by using supplementary information, mainly the numbers of claimants of Jobseekers' Allowance (the claimant count). The claimant count is not a measure of unemployment as not all unemployed people are eligible for the benefit (and some legitimate claimants would be considered to be employed under the International Labour Organization definition of employment). However, the claimant count does have a high positive correlation with the number of unemployed people in an area, and it is an administrative count so it is known without sampling error. <br/><br/>The model considers unemployment from the annual LFS/APS and claimant count for six age and sex groups, and also includes a socio-economic area indicator and a random area effect. The relationship between claimant count and the number of unemployed may be different in two areas in spite of them sharing the same factors in the model and this last term is included in order to model these random local differences. The inclusion of the random effect term gives the model-based estimates the property that, for sufficiently large samples, they will coincide with the direct survey estimates.<br/><br/>"
Unpaid Care Provision - Scottish Surveys Core Questions,Scottish Government,https://data.gov.scot/dataset/unpaid_care_provision___scottish_surveys_core_questions,https://api.data.gov.scot/resource/04e26024-2cd7-4152-a7cf-5090b93a8a0c/download,unpaid-care-provision-sscq.csv,2026-08-13T10:37:09.124318,2026-08-13T10:38:23.046832,0,B,CSV,,,,UK Open Government Licence (OGL),"The provision of unpaid care is a key indicator of care needs and has important implications for the planning and delivery of health and social care services. Statistics provide the proportion of adults who provide help or support to family members, friends, neighbours or others because of long-term physical or mental health issues, disability or old age.<br/><br/>The Scottish Survey Core Questions is an innovative project drawing together multiple household surveys to provide a large sample for subnational analysis. For more information on this source, see the [SSCQ website.](https://www.gov.scot/collections/scottish-surveys-core-questions/)"
Urban Rural Classification (6-Fold),Scottish Government,https://data.gov.scot/dataset/urban_rural_classification__6_fold_,https://api.data.gov.scot/resource/33c98e2d-9a3b-4e27-9a30-db435dc2ef29/download,urban-rural-classification.csv,2026-08-20T16:43:19.009211,2026-08-20T16:49:50.903304,0,B,CSV,,,,UK Open Government Licence (OGL),"The Scottish Government Urban Rural Classification provides a consistent way of defining urban and rural areas across Scotland. The classification is based upon two main criteria: (i) population as defined by the National Records of Scotland, and (ii) accessibility based on drive time analysis to differentiate between accessible and remote areas in Scotland.<br/><br/>The classification distinguishes between urban, rural and remote areas within Scotland and includes the following categories: <br/><br/>1 - Large  Urban Areas Settlements of over 125,000 people; <br/><br/>2 - Other Urban Areas Settlements of 10,000 to 125,000 people; <br/><br/>3 - Accessible Small Towns Settlements of between 3,000 and 10,000 people and within 30 minutes drive of a settlement of 10,000 or more;<br/><br/>4 - Remote Small Towns Settlements of between 3,000 and 10,000 people and with a drive time of over 30 minutes to a settlement of 10,000 or more; <br/><br/>5 - Accessible Rural Settlements of less than 3,000 people and within 30 minutes drive of a settlement of 10,000 or more; <br/><br/>6 - Remote Rural Settlements of less than 3,000 people and with a drive time of over 30 minutes to a settlement of 10,000 or more.<br/><br/>Starting with the 2016 version of the classification the name format was changed to a single year. The single year refers to the date of the mid-year estimates on which the population statistics for the Settlements are based. The change to the name format was made in order to make it clearer in the title of the classification the date of the statistics used.<br/><br/>Further information can be found on the [Urban Rural Classification](https://www.gov.scot/collections/agriculture-fisheries-and-rural-statistics/#urbanruralclassification) section of the Scottish Government website ."
Weekly Deaths,National Records of Scotland,https://data.gov.scot/dataset/weekly_deaths,https://api.data.gov.scot/resource/1d00a289-328f-4878-b6c9-23a5b467a1cf/download,landing/5cf12b2c-23d9-4765-a60a-f7d1df68ffe6/open_data_2026_34.csv,2026-08-13T10:58:27.161345,2026-08-27T08:31:33.856817,0,B,CSV,,,,UK Open Government Licence (OGL),"This dataset presents the weekly number of all deaths, deaths involving COVID-19, and deaths involving influenza registered in Scotland. Tables for this publication are also available on the [NRS website](https://www.nrscotland.gov.uk/publications/deaths-registered-weekly-in-scotland). Data for 2026 are provisional.  Figures are based on date of registration. In Scotland deaths must be registered within 8 days although in practice, the average time between death and registration is around 3 days. See the [NRS website](https://webarchive.nrscotland.gov.uk/20240326182002/https://www.nrscotland.gov.uk/statistics-and-data/statistics/statistics-by-theme/vital-events/general-background-information/births-and-deaths-days-until-registration) for more information on days between occurrence and registration.  Figures for deaths involving COVID-19 and deaths involving influenza are provided on two bases:  *underlying cause* -cases where it was the disease or injury which initiated the chain of morbid events leading directly to death, or was the accident/act which produced the fatal injury;   *any mention* -i.e. whether it appeared to be the underlying cause of the death, or was just a factor which contributed to, or may have hastened, the occurrence of the death.   Every death has just one *underlying cause* code, and so is counted only once in figures which are produced on the *underlying cause* basis. A death may have several other causes coded as contributory factors, so could be counted several times in figures which are produced on the *any mention* base.   Deaths involving COVID-19 include any deaths where COVID-19 is mentioned on the death certificate, whether it is the underlying cause of death or a contributory condition. The ICD-10 codes U07.1, U07.2, U09.9 or U10.9 are used to identify deaths which involve COVID -19.   The ICD-10 codes J09 - J11 are used to identify deaths which involve influenza. Caution is advised when interpreting trends over time. Influenza may be under-documented as an underlying or contributory cause of death on certificates, and the degree to which this occurs may vary over time. It can be influenced by things such as the availability of testing, and the awareness of certifying doctors regarding current levels of infection/epidemics. More information can be found in this paper: [The impact of introducing ICD-10 on analysis of respiratory mortality trends in England and Wales](https://www.researchgate.net/publication/7253967_The_impact_of_introducing_ICD-10_on_analysis_of_respiratory_mortality_trends_in_England_and_Wales)  Data on deaths involving COVID-19 broken down by age and administrative area can be accessed from [Deaths involving COVID-19 on statistics.gov,scot](http://statistics.gov.scot/data/deaths-involving-coronavirus-covid-19) . Since March 2026 we stopped publishing these breakdowns."
Winter Heating Payment,Social Security Scotland,https://data.gov.scot/dataset/winter_heating_payment,https://api.data.gov.scot/resource/2481fc1b-5f60-4c3d-ad61-ca6d8c7c5dbd/download,winter-heating-payment.csv,2026-08-13T08:50:00.473454,2026-08-13T08:51:12.951694,0,B,CSV,,,,UK Open Government Licence (OGL),"Information on Winter Heating Payment, which was introduced in February 2023 by Social Security Scotland. Data covers payments made from from February 2023 to 31st March 2026 . Breakdowns include local authority and client age. Additional information about clients, including qualifying benefit, application method and month as well as breakdown of applications by outcome and month, channel and processing times, is available in the full publication and tables.<br/><br/>Full publication and tables covering Winter Heating Payment are available on the[ Social Security Scotland website](https://www.socialsecurity.gov.scot/publications/2026/05/winter-heating-benefits-statistics-for-winter-2025-2026)."
Young Carer Grant Applications and Payments,Scottish Government,https://data.gov.scot/dataset/young_carer_grant_applications_and_payments,https://api.data.gov.scot/resource/68d42743-2383-404c-9dcc-330f789b78de/download,young-carer-grant-applications.csv,2026-08-13T08:22:53.336774,2026-08-13T08:24:18.102915,0,B,CSV,,,,UK Open Government Licence (OGL),"Young Carer Grant is a yearly payment for carers aged 16, 17, or 18 who care for someone normally paid a qualifying disability benefit. Social Security Scotland began taking applications for Young Carer Grant on 21 October 2019. <br/><br/>This dataset includes the number of applications received and authorised for the Young Carer Grant benefit as well as the total value of payments made. Statistics are provided for the last day of the month (e.g. figures for 2019-10 are for applications received or authorised as of 30 October 2019).<br/><br/>Further information on applications, processing times, and payments can be found in the associated [publication](https://www.socialsecurity.gov.scot/publications/2026/05/young-carer-grant-statistics-to-31-march-2026)."
